[21:53:36] [main/INFO]: ModLauncher running: args [--username, UniRedz, --version, forge-43.5.0, --gameDir, C:\Users\redzt\curseforge\minecraft\Instances\UniPack, --assetsDir, C:\Users\redzt\curseforge\minecraft\Install\assets, --assetIndex, 1.19, --uuid, 16c32c69f61c4ec58b0818fe37639789, --accessToken, ????????, --clientId, 6d265e-f0031b-8033e5-e0b894-2cb735, --xuid, 2535412645603895, --userType, msa, --versionType, release, --width, 1024, --height, 768, --launchTarget, forgeclient, --fml.forgeVersion, 43.5.0, --fml.mcVersion, 1.19.2, --fml.forgeGroup, net.minecraftforge, --fml.mcpVersion, 20220805.130853]
[21:53:36] [main/INFO]: ModLauncher 10.0.8+10.0.8+main.0ef7e830 starting: java version 17.0.8 by Eclipse Adoptium; OS Windows 10 arch amd64 version 10.0
[21:53:38] [main/INFO]: Starting Essential Loader (stage2) version 1.7.4 (ee316308052751b5ace6e379c769b0dc) [stable]
[21:53:38] [main/INFO]: SpongePowered MIXIN Subsystem Version=0.8.5 Source=union:/C:/Users/redzt/curseforge/minecraft/Install/libraries/org/spongepowered/mixin/0.8.5/mixin-0.8.5.jar%2398!/ Service=ModLauncher Env=CLIENT
[21:53:39] [main/WARN]: Found newer Essential version 1.3.10.9 [stable], skipping at user request
[21:53:39] [main/INFO]: Found mod file AmbientSounds_FORGE_v5.3.9_mc1.19.2.jar of type MOD with provider {mods folder locator at C:\Users\redzt\curseforge\minecraft\Instances\UniPack\mods}
[21:53:39] [main/INFO]: Found mod file anomaly_rephased-2.0.0b30.1-forge-1.19.2.jar of type MOD with provider {mods folder locator at C:\Users\redzt\curseforge\minecraft\Instances\UniPack\mods}
[21:53:39] [main/INFO]: Found mod file appleskin-forge-mc1.19-2.4.2.jar of type MOD with provider {mods folder locator at C:\Users\redzt\curseforge\minecraft\Instances\UniPack\mods}
[21:53:39] [main/INFO]: Found mod file architectury-6.6.92-forge.jar of type MOD with provider {mods folder locator at C:\Users\redzt\curseforge\minecraft\Instances\UniPack\mods}
[21:53:39] [main/INFO]: Found mod file Arrenek's Lookout Towers 1.0.jar of type MOD with provider {mods folder locator at C:\Users\redzt\curseforge\minecraft\Instances\UniPack\mods}
[21:53:39] [main/INFO]: Found mod file AssimilatorV3.1-By-Smoreh.jar of type MOD with provider {mods folder locator at C:\Users\redzt\curseforge\minecraft\Instances\UniPack\mods}
[21:53:39] [main/INFO]: Found mod file BadMobs-1.19.2-16.1.3.jar of type MOD with provider {mods folder locator at C:\Users\redzt\curseforge\minecraft\Instances\UniPack\mods}
[21:53:39] [main/INFO]: Found mod file balm-forge-1.19.2-4.6.0.jar of type MOD with provider {mods folder locator at C:\Users\redzt\curseforge\minecraft\Instances\UniPack\mods}
[21:53:39] [main/INFO]: Found mod file Better Cave Dweller-1.19.2.jar of type MOD with provider {mods folder locator at C:\Users\redzt\curseforge\minecraft\Instances\UniPack\mods}
[21:53:39] [main/INFO]: Found mod file bettercombat-forge-1.7.1+1.19.jar of type MOD with provider {mods folder locator at C:\Users\redzt\curseforge\minecraft\Instances\UniPack\mods}
[21:53:39] [main/INFO]: Found mod file betterfpsdist-1.19.2-4.1.jar of type MOD with provider {mods folder locator at C:\Users\redzt\curseforge\minecraft\Instances\UniPack\mods}
[21:53:39] [main/INFO]: Found mod file Beware-1.19.2-2.3.4.jar of type MOD with provider {mods folder locator at C:\Users\redzt\curseforge\minecraft\Instances\UniPack\mods}
[21:53:39] [main/INFO]: Found mod file biomemusic-1.19.2-2.2.jar of type MOD with provider {mods folder locator at C:\Users\redzt\curseforge\minecraft\Instances\UniPack\mods}
[21:53:39] [main/INFO]: Found mod file bloodbits-2.1.1-forge-1.19.2.jar of type MOD with provider {mods folder locator at C:\Users\redzt\curseforge\minecraft\Instances\UniPack\mods}
[21:53:39] [main/INFO]: Found mod file bloodybits-1.2.1-1.19.2.jar of type MOD with provider {mods folder locator at C:\Users\redzt\curseforge\minecraft\Instances\UniPack\mods}
[21:53:39] [main/INFO]: Found mod file blur-forge-3.1.1+mc1.19.2.jar of type MOD with provider {mods folder locator at C:\Users\redzt\curseforge\minecraft\Instances\UniPack\mods}
[21:53:39] [main/INFO]: Found mod file BorderlessWindow-1.19.1-1.5.2.jar of type MOD with provider {mods folder locator at C:\Users\redzt\curseforge\minecraft\Instances\UniPack\mods}
[21:53:39] [main/INFO]: Found mod file CameraOverhaul-v2.0.6-forge+mc[1.19.0-1.19.2].jar of type MOD with provider {mods folder locator at C:\Users\redzt\curseforge\minecraft\Instances\UniPack\mods}
[21:53:39] [main/INFO]: Found mod file canary-mc1.19.2-0.3.3.jar of type MOD with provider {mods folder locator at C:\Users\redzt\curseforge\minecraft\Instances\UniPack\mods}
[21:53:39] [main/INFO]: Found mod file carryon-forge-1.19.2-2.1.2.23.jar of type MOD with provider {mods folder locator at C:\Users\redzt\curseforge\minecraft\Instances\UniPack\mods}
[21:53:39] [main/INFO]: Found mod file click-2.0.0.jar of type MOD with provider {mods folder locator at C:\Users\redzt\curseforge\minecraft\Instances\UniPack\mods}
[21:53:39] [main/INFO]: Found mod file cloth-config-8.3.134-forge.jar of type MOD with provider {mods folder locator at C:\Users\redzt\curseforge\minecraft\Instances\UniPack\mods}
[21:53:39] [main/INFO]: Found mod file Clumps-forge-1.19.2-9.0.0+14.jar of type MOD with provider {mods folder locator at C:\Users\redzt\curseforge\minecraft\Instances\UniPack\mods}
[21:53:39] [main/INFO]: Found mod file collective-1.19.2-7.64.jar of type MOD with provider {mods folder locator at C:\Users\redzt\curseforge\minecraft\Instances\UniPack\mods}
[21:53:39] [main/INFO]: Found mod file combattoggle-1.1.0.jar of type MOD with provider {mods folder locator at C:\Users\redzt\curseforge\minecraft\Instances\UniPack\mods}
[21:53:39] [main/INFO]: Found mod file configured-2.1.1-1.19.2.jar of type MOD with provider {mods folder locator at C:\Users\redzt\curseforge\minecraft\Instances\UniPack\mods}
[21:53:39] [main/INFO]: Found mod file connectedness-2.0.1a.jar of type MOD with provider {mods folder locator at C:\Users\redzt\curseforge\minecraft\Instances\UniPack\mods}
[21:53:39] [main/INFO]: Found mod file corpse-forge-1.19.2-1.0.17.jar of type MOD with provider {mods folder locator at C:\Users\redzt\curseforge\minecraft\Instances\UniPack\mods}
[21:53:39] [main/INFO]: Found mod file CraftTweaker-forge-1.19.2-10.1.56.jar of type MOD with provider {mods folder locator at C:\Users\redzt\curseforge\minecraft\Instances\UniPack\mods}
[21:53:39] [main/INFO]: Found mod file CreativeCore_FORGE_v2.11.28_mc1.19.2.jar of type MOD with provider {mods folder locator at C:\Users\redzt\curseforge\minecraft\Instances\UniPack\mods}
[21:53:39] [main/INFO]: Found mod file CullLessLeaves-Reforged-1.0.5.jar of type MOD with provider {mods folder locator at C:\Users\redzt\curseforge\minecraft\Instances\UniPack\mods}
[21:53:39] [main/INFO]: Found mod file cupboard-1.19.2-2.6.jar of type MOD with provider {mods folder locator at C:\Users\redzt\curseforge\minecraft\Instances\UniPack\mods}
[21:53:39] [main/INFO]: Found mod file darkness-forge-mc119-2.0.101.jar of type MOD with provider {mods folder locator at C:\Users\redzt\curseforge\minecraft\Instances\UniPack\mods}
[21:53:39] [main/INFO]: Found mod file defaultoptions-forge-1.19-15.0.2.jar of type MOD with provider {mods folder locator at C:\Users\redzt\curseforge\minecraft\Instances\UniPack\mods}
[21:53:39] [main/INFO]: Found mod file drippyloadingscreen_forge_3.0.12_MC_1.19.2.jar of type MOD with provider {mods folder locator at C:\Users\redzt\curseforge\minecraft\Instances\UniPack\mods}
[21:53:39] [main/INFO]: Found mod file dynamiclightsreforged-1.19.2_v1.4.0.jar of type MOD with provider {mods folder locator at C:\Users\redzt\curseforge\minecraft\Instances\UniPack\mods}
[21:53:39] [main/INFO]: Found mod file EasySaplings-1.19.2-1.0.7-[FORGE].jar of type MOD with provider {mods folder locator at C:\Users\redzt\curseforge\minecraft\Instances\UniPack\mods}
[21:53:39] [main/INFO]: Found mod file editmobdrops-1.19.2-1.4.1.jar of type MOD with provider {mods folder locator at C:\Users\redzt\curseforge\minecraft\Instances\UniPack\mods}
[21:53:39] [main/INFO]: Found mod file effective_fg-1.3.4.jar of type MOD with provider {mods folder locator at C:\Users\redzt\curseforge\minecraft\Instances\UniPack\mods}
[21:53:39] [main/INFO]: Found mod file EnhancedVisuals_FORGE_v1.5.11_mc1.19.2.jar of type MOD with provider {mods folder locator at C:\Users\redzt\curseforge\minecraft\Instances\UniPack\mods}
[21:53:39] [main/INFO]: Found mod file entity_model_features_forge_1.19.2-2.0.2.jar of type MOD with provider {mods folder locator at C:\Users\redzt\curseforge\minecraft\Instances\UniPack\mods}
[21:53:39] [main/INFO]: Found mod file entity_texture_features_forge_1.19.2-6.0.1.jar of type MOD with provider {mods folder locator at C:\Users\redzt\curseforge\minecraft\Instances\UniPack\mods}
[21:53:39] [main/INFO]: Found mod file entityculling-forge-1.6.1-mc1.19.2.jar of type MOD with provider {mods folder locator at C:\Users\redzt\curseforge\minecraft\Instances\UniPack\mods}
[21:53:39] [main/INFO]: Found mod file FallingTree-1.19.2-3.10.1.jar of type MOD with provider {mods folder locator at C:\Users\redzt\curseforge\minecraft\Instances\UniPack\mods}
[21:53:39] [main/INFO]: Found mod file fancymenu_forge_3.7.0_MC_1.19.2.jar of type MOD with provider {mods folder locator at C:\Users\redzt\curseforge\minecraft\Instances\UniPack\mods}
[21:53:39] [main/INFO]: Found mod file FarmersDelight-1.19.2-1.2.4.jar of type MOD with provider {mods folder locator at C:\Users\redzt\curseforge\minecraft\Instances\UniPack\mods}
[21:53:39] [main/INFO]: Found mod file FarmersStructures-1.0.0-1.19.2.jar of type MOD with provider {mods folder locator at C:\Users\redzt\curseforge\minecraft\Instances\UniPack\mods}
[21:53:39] [main/INFO]: Found mod file FastLeafDecay-30.jar of type MOD with provider {mods folder locator at C:\Users\redzt\curseforge\minecraft\Instances\UniPack\mods}
[21:53:39] [main/INFO]: Found mod file Feather-To-String 1.19.2.jar of type MOD with provider {mods folder locator at C:\Users\redzt\curseforge\minecraft\Instances\UniPack\mods}
[21:53:39] [main/INFO]: Found mod file ferritecore-5.0.3-forge.jar of type MOD with provider {mods folder locator at C:\Users\redzt\curseforge\minecraft\Instances\UniPack\mods}
[21:53:39] [main/INFO]: Found mod file firstperson-forge-2.5.0-mc1.19.2.jar of type MOD with provider {mods folder locator at C:\Users\redzt\curseforge\minecraft\Instances\UniPack\mods}
[21:53:39] [main/INFO]: Found mod file fragiletorches-1.19-1.0.2.jar of type MOD with provider {mods folder locator at C:\Users\redzt\curseforge\minecraft\Instances\UniPack\mods}
[21:53:39] [main/INFO]: Found mod file ftb-chunks-forge-1902.4.7-build.420.jar of type MOD with provider {mods folder locator at C:\Users\redzt\curseforge\minecraft\Instances\UniPack\mods}
[21:53:39] [main/INFO]: Found mod file ftb-essentials-forge-1902.3.5-build.120.jar of type MOD with provider {mods folder locator at C:\Users\redzt\curseforge\minecraft\Instances\UniPack\mods}
[21:53:39] [main/INFO]: Found mod file ftb-library-forge-1902.4.1-build.236.jar of type MOD with provider {mods folder locator at C:\Users\redzt\curseforge\minecraft\Instances\UniPack\mods}
[21:53:39] [main/INFO]: Found mod file ftb-ranks-forge-1902.1.16-build.98.jar of type MOD with provider {mods folder locator at C:\Users\redzt\curseforge\minecraft\Instances\UniPack\mods}
[21:53:39] [main/INFO]: Found mod file ftb-teams-forge-1902.2.14-build.123.jar of type MOD with provider {mods folder locator at C:\Users\redzt\curseforge\minecraft\Instances\UniPack\mods}
[21:53:39] [main/INFO]: Found mod file geckolib-forge-1.19-3.1.40.jar of type MOD with provider {mods folder locator at C:\Users\redzt\curseforge\minecraft\Instances\UniPack\mods}
[21:53:39] [main/INFO]: Found mod file guardvillagers-1.19.2-1.5.9.jar of type MOD with provider {mods folder locator at C:\Users\redzt\curseforge\minecraft\Instances\UniPack\mods}
[21:53:39] [main/INFO]: Found mod file Iceberg-1.19.2-forge-1.1.4.jar of type MOD with provider {mods folder locator at C:\Users\redzt\curseforge\minecraft\Instances\UniPack\mods}
[21:53:39] [main/INFO]: Found mod file ImmediatelyFast-Forge-1.4.0+1.19.2.jar of type MOD with provider {mods folder locator at C:\Users\redzt\curseforge\minecraft\Instances\UniPack\mods}
[21:53:39] [main/INFO]: Found mod file immersive_weathering-1.19.2-1.2.10-forge.jar of type MOD with provider {mods folder locator at C:\Users\redzt\curseforge\minecraft\Instances\UniPack\mods}
[21:53:39] [main/INFO]: Found mod file increasemobcap-1.0-1.19.2.jar of type MOD with provider {mods folder locator at C:\Users\redzt\curseforge\minecraft\Instances\UniPack\mods}
[21:53:39] [main/INFO]: Found mod file inventorysorter-1.19.2-21.1.12.jar of type MOD with provider {mods folder locator at C:\Users\redzt\curseforge\minecraft\Instances\UniPack\mods}
[21:53:39] [main/INFO]: Found mod file InvMove-0.9.3+1.19.4-Forge.jar of type MOD with provider {mods folder locator at C:\Users\redzt\curseforge\minecraft\Instances\UniPack\mods}
[21:53:39] [main/INFO]: Found mod file ItemPhysic_FORGE_v1.6.7_mc1.19.2.jar of type MOD with provider {mods folder locator at C:\Users\redzt\curseforge\minecraft\Instances\UniPack\mods}
[21:53:39] [main/INFO]: Found mod file jei-1.19.2-forge-11.8.1.1034.jar of type MOD with provider {mods folder locator at C:\Users\redzt\curseforge\minecraft\Instances\UniPack\mods}
[21:53:39] [main/INFO]: Found mod file Kiwi-1.19.2-forge-8.3.6.jar of type MOD with provider {mods folder locator at C:\Users\redzt\curseforge\minecraft\Instances\UniPack\mods}
[21:53:39] [main/INFO]: Found mod file konkrete_forge_1.8.0_MC_1.19-1.19.2.jar of type MOD with provider {mods folder locator at C:\Users\redzt\curseforge\minecraft\Instances\UniPack\mods}
[21:53:39] [main/INFO]: Found mod file LegendaryTooltips-1.19.2-forge-1.4.0.jar of type MOD with provider {mods folder locator at C:\Users\redzt\curseforge\minecraft\Instances\UniPack\mods}
[21:53:39] [main/INFO]: Found mod file mcw-furniture-3.4.1-mc1.19.2forge.jar of type MOD with provider {mods folder locator at C:\Users\redzt\curseforge\minecraft\Instances\UniPack\mods}
[21:53:39] [main/INFO]: Found mod file melody_forge_1.0.1_MC_1.19.2.jar of type MOD with provider {mods folder locator at C:\Users\redzt\curseforge\minecraft\Instances\UniPack\mods}
[21:53:39] [main/INFO]: Found mod file modernfix-forge-5.18.1+mc1.19.2.jar of type MOD with provider {mods folder locator at C:\Users\redzt\curseforge\minecraft\Instances\UniPack\mods}
[21:53:39] [main/INFO]: Found mod file moonlight-1.19.2-2.3.7-forge.jar of type MOD with provider {mods folder locator at C:\Users\redzt\curseforge\minecraft\Instances\UniPack\mods}
[21:53:39] [main/INFO]: Found mod file MouseTweaks-forge-mc1.19-2.23.jar of type MOD with provider {mods folder locator at C:\Users\redzt\curseforge\minecraft\Instances\UniPack\mods}
[21:53:39] [main/INFO]: Found mod file MultiMine-1.19.2.5.jar of type MOD with provider {mods folder locator at C:\Users\redzt\curseforge\minecraft\Instances\UniPack\mods}
[21:53:39] [main/INFO]: Found mod file no_f3-1.0.jar of type MOD with provider {mods folder locator at C:\Users\redzt\curseforge\minecraft\Instances\UniPack\mods}
[21:53:39] [main/INFO]: Found mod file notenoughanimations-forge-1.9.3-mc1.19.2.jar of type MOD with provider {mods folder locator at C:\Users\redzt\curseforge\minecraft\Instances\UniPack\mods}
[21:53:39] [main/INFO]: Found mod file notenoughcrashes-5.0.0+1.19.2-forge.jar of type MOD with provider {mods folder locator at C:\Users\redzt\curseforge\minecraft\Instances\UniPack\mods}
[21:53:39] [main/INFO]: Found mod file ObsidianUI-forge-0.2.3+mc1.19.2.jar of type MOD with provider {mods folder locator at C:\Users\redzt\curseforge\minecraft\Instances\UniPack\mods}
[21:53:39] [main/INFO]: Found mod file oculus-mc1.19.2-1.6.9a.jar of type MOD with provider {mods folder locator at C:\Users\redzt\curseforge\minecraft\Instances\UniPack\mods}
[21:53:39] [main/INFO]: Found mod file okzoomer-forge-1.19-2.1.1.jar of type MOD with provider {mods folder locator at C:\Users\redzt\curseforge\minecraft\Instances\UniPack\mods}
[21:53:39] [main/INFO]: Found mod file ParCool-1.19.2-3.4.3.3.jar of type MOD with provider {mods folder locator at C:\Users\redzt\curseforge\minecraft\Instances\UniPack\mods}
[21:53:39] [main/INFO]: Found mod file ParCool-CompatibilityAddon-1.19.2-3.4.1.5-1.0.jar of type MOD with provider {mods folder locator at C:\Users\redzt\curseforge\minecraft\Instances\UniPack\mods}
[21:53:39] [main/INFO]: Found mod file PassableFoliage-1.19.1-forge-5.2.1.jar of type MOD with provider {mods folder locator at C:\Users\redzt\curseforge\minecraft\Instances\UniPack\mods}
[21:53:39] [main/INFO]: Found mod file player-animation-lib-forge-1.0.2.jar of type MOD with provider {mods folder locator at C:\Users\redzt\curseforge\minecraft\Instances\UniPack\mods}
[21:53:39] [main/INFO]: Found mod file PresenceFootsteps-1.19.2-1.6.4.1-forge.jar of type MOD with provider {mods folder locator at C:\Users\redzt\curseforge\minecraft\Instances\UniPack\mods}
[21:53:39] [main/INFO]: Found mod file Prism-1.19.1-1.0.2.jar of type MOD with provider {mods folder locator at C:\Users\redzt\curseforge\minecraft\Instances\UniPack\mods}
[21:53:39] [main/INFO]: Found mod file PuzzlesLib-v4.4.3-1.19.2-Forge.jar of type MOD with provider {mods folder locator at C:\Users\redzt\curseforge\minecraft\Instances\UniPack\mods}
[21:53:39] [main/INFO]: Found mod file RealisticExplosionPhysics-1.19.2-1.0.0.jar of type MOD with provider {mods folder locator at C:\Users\redzt\curseforge\minecraft\Instances\UniPack\mods}
[21:53:39] [main/INFO]: Found mod file realmrpg_fallen_adventurers_1.0.3_forge_1.19.2.jar of type MOD with provider {mods folder locator at C:\Users\redzt\curseforge\minecraft\Instances\UniPack\mods}
[21:53:39] [main/INFO]: Found mod file reforgium-1.0.12a.jar of type MOD with provider {mods folder locator at C:\Users\redzt\curseforge\minecraft\Instances\UniPack\mods}
[21:53:39] [main/INFO]: Found mod file RemoveMouseoverHighlight-1.0.0+MC1.19.2(Forge).jar of type MOD with provider {mods folder locator at C:\Users\redzt\curseforge\minecraft\Instances\UniPack\mods}
[21:53:39] [main/INFO]: Found mod file Rex's-AdditionalStructures-1.19.x-(v.4.0.4).jar of type MOD with provider {mods folder locator at C:\Users\redzt\curseforge\minecraft\Instances\UniPack\mods}
[21:53:39] [main/INFO]: Found mod file rubidium-mc1.19.2-0.6.2c.jar of type MOD with provider {mods folder locator at C:\Users\redzt\curseforge\minecraft\Instances\UniPack\mods}
[21:53:39] [main/INFO]: Found mod file rubidium_extras-1.19.2_v1.4.3.jar of type MOD with provider {mods folder locator at C:\Users\redzt\curseforge\minecraft\Instances\UniPack\mods}
[21:53:39] [main/INFO]: Found mod file sapling-tweaks-1.jar of type MOD with provider {mods folder locator at C:\Users\redzt\curseforge\minecraft\Instances\UniPack\mods}
[21:53:39] [main/INFO]: Found mod file saturn-mc1.19.2-0.1.4.jar of type MOD with provider {mods folder locator at C:\Users\redzt\curseforge\minecraft\Instances\UniPack\mods}
[21:53:39] [main/INFO]: Found mod file SereneSeasons-1.19.2-8.1.0.24.jar of type MOD with provider {mods folder locator at C:\Users\redzt\curseforge\minecraft\Instances\UniPack\mods}
[21:53:39] [main/INFO]: Found mod file ShoulderSurfing-Forge-1.19.2-4.22.1.jar of type MOD with provider {mods folder locator at C:\Users\redzt\curseforge\minecraft\Instances\UniPack\mods}
[21:53:39] [main/INFO]: Found mod file shutupexperimentalsettings-1.0.5.jar of type MOD with provider {mods folder locator at C:\Users\redzt\curseforge\minecraft\Instances\UniPack\mods}
[21:53:39] [main/INFO]: Found mod file signal_flares-1.7.0-forge-1.19.2.jar of type MOD with provider {mods folder locator at C:\Users\redzt\curseforge\minecraft\Instances\UniPack\mods}
[21:53:39] [main/INFO]: Found mod file skinlayers3d-forge-1.7.5-mc1.19.2.jar of type MOD with provider {mods folder locator at C:\Users\redzt\curseforge\minecraft\Instances\UniPack\mods}
[21:53:39] [main/INFO]: Found mod file smoothboot(reloaded)-mc1.19.2-0.0.4.jar of type MOD with provider {mods folder locator at C:\Users\redzt\curseforge\minecraft\Instances\UniPack\mods}
[21:53:39] [main/INFO]: Found mod file smoothswapping-0.9.2-1.19.2-forge.jar of type MOD with provider {mods folder locator at C:\Users\redzt\curseforge\minecraft\Instances\UniPack\mods}
[21:53:39] [main/INFO]: Found mod file SnowRealMagic-1.19.2-forge-6.5.4.jar of type MOD with provider {mods folder locator at C:\Users\redzt\curseforge\minecraft\Instances\UniPack\mods}
[21:53:39] [main/INFO]: Found mod file sophisticatedbackpacks-1.19.2-3.20.2.1035.jar of type MOD with provider {mods folder locator at C:\Users\redzt\curseforge\minecraft\Instances\UniPack\mods}
[21:53:39] [main/INFO]: Found mod file sophisticatedcore-1.19.2-0.6.4.730.jar of type MOD with provider {mods folder locator at C:\Users\redzt\curseforge\minecraft\Instances\UniPack\mods}
[21:53:39] [main/INFO]: Found mod file sound-physics-remastered-forge-1.19.2-1.4.5.jar of type MOD with provider {mods folder locator at C:\Users\redzt\curseforge\minecraft\Instances\UniPack\mods}
[21:53:39] [main/INFO]: Found mod file spelunkery-1.19.2-0.2.6-forge.jar of type MOD with provider {mods folder locator at C:\Users\redzt\curseforge\minecraft\Instances\UniPack\mods}
[21:53:39] [main/INFO]: Found mod file starterkit-1.19.2-7.0.jar of type MOD with provider {mods folder locator at C:\Users\redzt\curseforge\minecraft\Instances\UniPack\mods}
[21:53:39] [main/INFO]: Found mod file Stony Cliffs FML v1.1.2.jar of type MOD with provider {mods folder locator at C:\Users\redzt\curseforge\minecraft\Instances\UniPack\mods}
[21:53:39] [main/INFO]: Found mod file Structory_1.19.3_v1.3.1a.jar of type MOD with provider {mods folder locator at C:\Users\redzt\curseforge\minecraft\Instances\UniPack\mods}
[21:53:39] [main/INFO]: Found mod file tacz-1.19.2-1.1.4-hotfix-all.jar of type MOD with provider {mods folder locator at C:\Users\redzt\curseforge\minecraft\Instances\UniPack\mods}
[21:53:39] [main/INFO]: Found mod file The-Man-From-The-Fog-1.3-1.19.2.jar of type MOD with provider {mods folder locator at C:\Users\redzt\curseforge\minecraft\Instances\UniPack\mods}
[21:53:39] [main/INFO]: Found mod file the_knocker-1.4.0c-forge-1.19.2.jar of type MOD with provider {mods folder locator at C:\Users\redzt\curseforge\minecraft\Instances\UniPack\mods}
[21:53:39] [main/INFO]: Found mod file the_masked-5.2.0-1.19.2.jar of type MOD with provider {mods folder locator at C:\Users\redzt\curseforge\minecraft\Instances\UniPack\mods}
[21:53:39] [main/INFO]: Found mod file the_midnight_lurker_3.3.5.jar of type MOD with provider {mods folder locator at C:\Users\redzt\curseforge\minecraft\Instances\UniPack\mods}
[21:53:39] [main/INFO]: Found mod file TheStairwell-forge-1.19.2-1.7.jar of type MOD with provider {mods folder locator at C:\Users\redzt\curseforge\minecraft\Instances\UniPack\mods}
[21:53:39] [main/INFO]: Found mod file ThirstWasTaken-1.19.2-1.3.11.jar of type MOD with provider {mods folder locator at C:\Users\redzt\curseforge\minecraft\Instances\UniPack\mods}
[21:53:39] [main/INFO]: Found mod file ThisRocks-1.19.2-1.2.5.jar of type MOD with provider {mods folder locator at C:\Users\redzt\curseforge\minecraft\Instances\UniPack\mods}
[21:53:39] [main/INFO]: Found mod file v_slab_compat-1.19.2-1.9.jar of type MOD with provider {mods folder locator at C:\Users\redzt\curseforge\minecraft\Instances\UniPack\mods}
[21:53:39] [main/INFO]: Found mod file VisualWorkbench-v4.2.4-1.19.2-Forge.jar of type MOD with provider {mods folder locator at C:\Users\redzt\curseforge\minecraft\Instances\UniPack\mods}
[21:53:39] [main/INFO]: Found mod file voicechat-forge-1.19.2-2.6.16.jar of type MOD with provider {mods folder locator at C:\Users\redzt\curseforge\minecraft\Instances\UniPack\mods}
[21:53:39] [main/INFO]: Found mod file VoidFog-1.19.2-2.0.19.jar of type MOD with provider {mods folder locator at C:\Users\redzt\curseforge\minecraft\Instances\UniPack\mods}
[21:53:39] [main/INFO]: Found mod file waterframes-FORGE-mc1.19.2-v2.1.12.jar of type MOD with provider {mods folder locator at C:\Users\redzt\curseforge\minecraft\Instances\UniPack\mods}
[21:53:40] [main/INFO]: Found mod file watermedia-2.1.37.jar of type MOD with provider {mods folder locator at C:\Users\redzt\curseforge\minecraft\Instances\UniPack\mods}
[21:53:40] [main/INFO]: Found mod file watermedia_youtube_plugin-2.1.2.jar of type MOD with provider {mods folder locator at C:\Users\redzt\curseforge\minecraft\Instances\UniPack\mods}
[21:53:40] [main/INFO]: Found mod file weaponmaster_ydm-forge-1.19.2-4.2.3.jar of type MOD with provider {mods folder locator at C:\Users\redzt\curseforge\minecraft\Instances\UniPack\mods}
[21:53:40] [main/INFO]: Found mod file whos_there-1.2-forge-1.19.2.jar of type MOD with provider {mods folder locator at C:\Users\redzt\curseforge\minecraft\Instances\UniPack\mods}
[21:53:40] [main/INFO]: Found mod file worldedit-mod-7.2.12.jar of type MOD with provider {mods folder locator at C:\Users\redzt\curseforge\minecraft\Instances\UniPack\mods}
[21:53:40] [main/INFO]: Found mod file xaerominimap-forge-1.19.2-25.3.13.jar of type MOD with provider {mods folder locator at C:\Users\redzt\curseforge\minecraft\Instances\UniPack\mods}
[21:53:40] [main/INFO]: Found mod file xaeroworldmap-forge-1.19.2-1.40.16.jar of type MOD with provider {mods folder locator at C:\Users\redzt\curseforge\minecraft\Instances\UniPack\mods}
[21:53:40] [main/INFO]: Found mod file YouDied-1.19.2-2.1.0.14-forge.jar of type MOD with provider {mods folder locator at C:\Users\redzt\curseforge\minecraft\Instances\UniPack\mods}
[21:53:40] [main/INFO]: Found mod file YungsApi-1.19.2-Forge-3.8.10.jar of type MOD with provider {mods folder locator at C:\Users\redzt\curseforge\minecraft\Instances\UniPack\mods}
[21:53:40] [main/INFO]: Found mod file YungsBetterDungeons-1.19.2-Forge-3.2.2.jar of type MOD with provider {mods folder locator at C:\Users\redzt\curseforge\minecraft\Instances\UniPack\mods}
[21:53:40] [main/INFO]: Found mod file YungsBetterMineshafts-1.19.2-Forge-3.2.1.jar of type MOD with provider {mods folder locator at C:\Users\redzt\curseforge\minecraft\Instances\UniPack\mods}
[21:53:40] [main/INFO]: Found mod file zaynens_craftable_slimeball_mod_1.19.2.jar of type MOD with provider {mods folder locator at C:\Users\redzt\curseforge\minecraft\Instances\UniPack\mods}
[21:53:40] [main/INFO]: Found mod file zaynens_flint_from_gravel_mod_1.19.2.jar of type MOD with provider {mods folder locator at C:\Users\redzt\curseforge\minecraft\Instances\UniPack\mods}
[21:53:40] [main/INFO]: Found mod file zaynens_leather_from_rotten_flesh_mod_1.19.2.jar of type MOD with provider {mods folder locator at C:\Users\redzt\curseforge\minecraft\Instances\UniPack\mods}
[21:53:40] [main/WARN]: Mod file C:\Users\redzt\curseforge\minecraft\Install\libraries\net\minecraftforge\fmlcore\1.19.2-43.5.0\fmlcore-1.19.2-43.5.0.jar is missing mods.toml file
[21:53:40] [main/WARN]: Mod file C:\Users\redzt\curseforge\minecraft\Install\libraries\net\minecraftforge\javafmllanguage\1.19.2-43.5.0\javafmllanguage-1.19.2-43.5.0.jar is missing mods.toml file
[21:53:40] [main/WARN]: Mod file C:\Users\redzt\curseforge\minecraft\Install\libraries\net\minecraftforge\lowcodelanguage\1.19.2-43.5.0\lowcodelanguage-1.19.2-43.5.0.jar is missing mods.toml file
[21:53:40] [main/WARN]: Mod file C:\Users\redzt\curseforge\minecraft\Install\libraries\net\minecraftforge\mclanguage\1.19.2-43.5.0\mclanguage-1.19.2-43.5.0.jar is missing mods.toml file
[21:53:40] [main/INFO]: Found mod file fmlcore-1.19.2-43.5.0.jar of type LIBRARY with provider net.minecraftforge.fml.loading.moddiscovery.MinecraftLocator@5cbd159f
[21:53:40] [main/INFO]: Found mod file javafmllanguage-1.19.2-43.5.0.jar of type LANGPROVIDER with provider net.minecraftforge.fml.loading.moddiscovery.MinecraftLocator@5cbd159f
[21:53:40] [main/INFO]: Found mod file lowcodelanguage-1.19.2-43.5.0.jar of type LANGPROVIDER with provider net.minecraftforge.fml.loading.moddiscovery.MinecraftLocator@5cbd159f
[21:53:40] [main/INFO]: Found mod file mclanguage-1.19.2-43.5.0.jar of type LANGPROVIDER with provider net.minecraftforge.fml.loading.moddiscovery.MinecraftLocator@5cbd159f
[21:53:40] [main/INFO]: Found mod file client-1.19.2-20220805.130853-srg.jar of type MOD with provider net.minecraftforge.fml.loading.moddiscovery.MinecraftLocator@5cbd159f
[21:53:40] [main/INFO]: Found mod file forge-1.19.2-43.5.0-universal.jar of type MOD with provider net.minecraftforge.fml.loading.moddiscovery.MinecraftLocator@5cbd159f
[21:53:40] [main/WARN]: Attempted to select two dependency jars from JarJar which have the same identification: Mod File:  and Mod File: . Using Mod File: 
[21:53:40] [main/INFO]: Found 15 dependencies adding them to mods collection
[21:53:40] [main/INFO]: Found mod file joml-1.10.8.jar of type GAMELIBRARY with provider net.minecraftforge.fml.loading.moddiscovery.JarInJarDependencyLocator@3f049056
[21:53:40] [main/INFO]: Found mod file bcel-6.6.1.jar of type GAMELIBRARY with provider net.minecraftforge.fml.loading.moddiscovery.JarInJarDependencyLocator@3f049056
[21:53:40] [main/INFO]: Found mod file mixinextras-forge-0.4.1.jar of type GAMELIBRARY with provider net.minecraftforge.fml.loading.moddiscovery.JarInJarDependencyLocator@3f049056
[21:53:40] [main/INFO]: Found mod file luaj-jse-3.0.8-figura.jar of type GAMELIBRARY with provider net.minecraftforge.fml.loading.moddiscovery.JarInJarDependencyLocator@3f049056
[21:53:40] [main/INFO]: Found mod file luaj-core-3.0.8-figura.jar of type GAMELIBRARY with provider net.minecraftforge.fml.loading.moddiscovery.JarInJarDependencyLocator@3f049056
[21:53:40] [main/INFO]: Found mod file satin-forge-1.19.2+1.12.3.jar of type MOD with provider net.minecraftforge.fml.loading.moddiscovery.JarInJarDependencyLocator@3f049056
[21:53:40] [main/INFO]: Found mod file TRansition-1.0.3-1.19.2-forge-SNAPSHOT.jar of type MOD with provider net.minecraftforge.fml.loading.moddiscovery.JarInJarDependencyLocator@3f049056
[21:53:40] [main/INFO]: Found mod file httpmime-4.5.10.jar of type GAMELIBRARY with provider net.minecraftforge.fml.loading.moddiscovery.JarInJarDependencyLocator@3f049056
[21:53:40] [main/INFO]: Found mod file animated-gif-lib-for-java-animated-gif-lib-1.7.jar of type GAMELIBRARY with provider net.minecraftforge.fml.loading.moddiscovery.JarInJarDependencyLocator@3f049056
[21:53:40] [main/INFO]: Found mod file xaerolib-forge-1.19.2-1.1.15.jar of type MOD with provider net.minecraftforge.fml.loading.moddiscovery.JarInJarDependencyLocator@3f049056
[21:53:40] [main/INFO]: Found mod file TRender-1.0.5-1.19.2-forge-SNAPSHOT.jar of type MOD with provider net.minecraftforge.fml.loading.moddiscovery.JarInJarDependencyLocator@3f049056
[21:53:40] [main/INFO]: Found mod file Reflect-1.3.4.jar of type GAMELIBRARY with provider net.minecraftforge.fml.loading.moddiscovery.JarInJarDependencyLocator@3f049056
[21:53:40] [main/INFO]: Found mod file commons-math3-3.6.1.jar of type GAMELIBRARY with provider net.minecraftforge.fml.loading.moddiscovery.JarInJarDependencyLocator@3f049056
[21:53:40] [main/INFO]: Found mod file MixinExtras-0.4.1.jar of type GAMELIBRARY with provider net.minecraftforge.fml.loading.moddiscovery.JarInJarDependencyLocator@3f049056
[21:53:40] [main/INFO]: Found mod file japng-0.5.3.jar of type GAMELIBRARY with provider net.minecraftforge.fml.loading.moddiscovery.JarInJarDependencyLocator@3f049056
[21:53:40] [main/INFO]: Found Kotlin-containing mod Jar[union:/C:/Users/redzt/curseforge/minecraft/Instances/UniPack/essential/libraries/forge_1.19.2/kotlin-for-forge-3.6.0-slim.jar%23303!/], checking whether we need to upgrade it..
[21:53:40] [main/INFO]: Found outdated Kotlin core libs 0.0.0 (we ship 2.3.0)
[21:53:40] [main/INFO]: Found outdated Kotlin Coroutines libs 0.0.0 (we ship 1.10.2)
[21:53:40] [main/INFO]: Found outdated Kotlin Serialization libs 0.0.0 (we ship 1.9.0)
[21:53:40] [main/INFO]: Generating jar with updated Kotlin at C:\Users\redzt\AppData\Local\Temp\kff-updated-kotlin-9899447243076168489-3.6.0-slim.jar
[21:53:44] [main/ERROR]: Mixin config dynamiclightsreforged.mixins.json does not specify "minVersion" property
[21:53:44] [main/INFO]: Compatibility level set to JAVA_17
[21:53:44] [main/ERROR]: Mixin config mixins.satin.client.json does not specify "minVersion" property
[21:53:44] [main/ERROR]: Mixin config firstperson.mixins.json does not specify "minVersion" property
[21:53:44] [main/ERROR]: Mixin config obsidianui.forge.mixins.json does not specify "minVersion" property
[21:53:44] [main/ERROR]: Mixin config cameraoverhaul.mixins.json does not specify "minVersion" property
[21:53:44] [main/ERROR]: Mixin config entity_model_features.mixins.json does not specify "minVersion" property
[21:53:44] [main/ERROR]: Mixin config mixins.oculus.compat.sodium.json does not specify "minVersion" property
[21:53:44] [main/ERROR]: Mixin config no_f3.mixin.json does not specify "minVersion" property
[21:53:44] [main/ERROR]: Mixin config okzoomer.mixins.json does not specify "minVersion" property
[21:53:44] [main/INFO]: Successfully loaded Mixin Connector [com.sonicether.soundphysics.MixinConnector]
[21:53:44] [main/INFO]: Launching target 'forgeclient' with arguments [--version, forge-43.5.0, --gameDir, C:\Users\redzt\curseforge\minecraft\Instances\UniPack, --assetsDir, C:\Users\redzt\curseforge\minecraft\Install\assets, --uuid, 16c32c69f61c4ec58b0818fe37639789, --username, UniRedz, --assetIndex, 1.19, --accessToken, ????????, --clientId, 6d265e-f0031b-8033e5-e0b894-2cb735, --xuid, 2535412645603895, --userType, msa, --versionType, release, --width, 1024, --height, 768]
[21:53:44] [main/INFO]: Loaded Saturn config file with 4 configurable options
[21:53:44] [main/WARN]: Reference map 'v_slab_compat-common-refmap.json' for v_slab_compat-common.mixins.json could not be read. If this is a development environment you can ignore this message
[21:53:44] [main/WARN]: Reference map 'parcool_compat_addon.refmap.json' for parcool_compat_addon.mixins.json could not be read. If this is a development environment you can ignore this message
[21:53:44] [main/WARN]: [Satin] Rubidium is present, custom block renders may not work
[21:53:44] [main/INFO]: Loaded configuration file for Rubidium: 30 options available, 1 override(s) found
[21:53:45] [main/WARN]: ModelDataManager bugfixes have been disabled to prevent broken rendering with Rubidium installed. Please migrate to Embeddium.
[21:53:45] [main/INFO]: Loaded configuration file for ModernFix 5.18.1+mc1.19.2: 87 options available, 3 override(s) found
[21:53:45] [main/WARN]: Option 'mixin.bugfix.model_data_manager_cme' overriden (by mods [rubidium]) to 'false'
[21:53:45] [main/WARN]: Option 'mixin.bugfix.item_cache_flag' overriden (by mods [canary]) to 'false'
[21:53:45] [main/WARN]: Option 'mixin.perf.thread_priorities' overriden (by mods [smoothboot]) to 'false'
[21:53:45] [main/INFO]: Applying Nashorn fix
[21:53:45] [main/INFO]: Applied Forge config corruption patch
[21:53:45] [main/WARN]: Reference map 'spelunkery-forge-refmap.json' for spelunkery.mixins.json could not be read. If this is a development environment you can ignore this message
[21:53:45] [main/WARN]: Reference map 'ambientsounds.mixins.refmap.json' for ambientsounds.mixins.json could not be read. If this is a development environment you can ignore this message
[21:53:45] [main/INFO]: Loaded configuration file for Canary: 117 options available, 0 override(s) found
[21:53:45] [main/INFO]: Starting Essential v1.3.10.8 (#f17d203a52) [stable]
[21:53:46] [main/WARN]: Error loading class: com/xtracr/realcamera/config/ModConfig (java.lang.ClassNotFoundException: com.xtracr.realcamera.config.ModConfig)
[21:53:46] [main/WARN]: @Mixin target com.xtracr.realcamera.config.ModConfig was not found parcool_compat_addon.mixins.json:realcamera.ModConfigMixin
[21:53:46] [main/WARN]: Error loading class: com/xtracr/realcamera/RealCameraCore (java.lang.ClassNotFoundException: com.xtracr.realcamera.RealCameraCore)
[21:53:46] [main/WARN]: @Mixin target com.xtracr.realcamera.RealCameraCore was not found parcool_compat_addon.mixins.json:realcamera.RealCameraCoreMixin
[21:53:46] [main/WARN]: Force-disabling mixin 'features.sky.MixinWorldRenderer' as rule 'mixin.features.sky' (added by mods [oculus]) disables it and children
[21:53:46] [main/WARN]: Error loading class: net/raphimc/immediatelyfast/feature/core/ImmediateAdapter (java.lang.ClassNotFoundException: net.raphimc.immediatelyfast.feature.core.ImmediateAdapter)
[21:53:46] [main/WARN]: Error loading class: mekanism/client/render/entity/RenderFlame (java.lang.ClassNotFoundException: mekanism.client.render.entity.RenderFlame)
[21:53:46] [main/WARN]: Error loading class: mekanism/client/render/armor/MekaSuitArmor (java.lang.ClassNotFoundException: mekanism.client.render.armor.MekaSuitArmor)
[21:53:47] [main/WARN]: Error loading class: umpaz/brewinandchewin/common/block/entity/KegBlockEntity (java.lang.ClassNotFoundException: umpaz.brewinandchewin.common.block.entity.KegBlockEntity)
[21:53:47] [main/WARN]: @Mixin target umpaz.brewinandchewin.common.block.entity.KegBlockEntity was not found thirst.mixin.json:accessors.brewinandchewin.KegBlockEntityAccessor
[21:53:47] [main/WARN]: Error loading class: umpaz/farmersrespite/common/block/entity/KettleBlockEntity (java.lang.ClassNotFoundException: umpaz.farmersrespite.common.block.entity.KettleBlockEntity)
[21:53:47] [main/WARN]: @Mixin target umpaz.farmersrespite.common.block.entity.KettleBlockEntity was not found thirst.mixin.json:accessors.farmersrespite.KettleBlockEntityAccessor
[21:53:47] [main/WARN]: Error loading class: net/mehvahdjukaar/supplementaries/common/block/faucet/FaucetBehaviorsManager (java.lang.ClassNotFoundException: net.mehvahdjukaar.supplementaries.common.block.faucet.FaucetBehaviorsManager)
[21:53:47] [main/WARN]: @Mixin target net.mehvahdjukaar.supplementaries.common.block.faucet.FaucetBehaviorsManager was not found thirst.mixin.json:accessors.supplementaries.FaucetBehaviorsManagerAccessor
[21:53:47] [main/WARN]: Error loading class: umpaz/brewinandchewin/common/block/entity/KegBlockEntity (java.lang.ClassNotFoundException: umpaz.brewinandchewin.common.block.entity.KegBlockEntity)
[21:53:47] [main/WARN]: @Mixin target umpaz.brewinandchewin.common.block.entity.KegBlockEntity was not found thirst.mixin.json:brewinandchewin.MixinKegBlockEntity
[21:53:47] [main/WARN]: Error loading class: com/simibubi/create/content/processing/basin/BasinRecipe (java.lang.ClassNotFoundException: com.simibubi.create.content.processing.basin.BasinRecipe)
[21:53:47] [main/WARN]: @Mixin target com.simibubi.create.content.processing.basin.BasinRecipe was not found thirst.mixin.json:create.MixinBasinRecipe
[21:53:47] [main/WARN]: Error loading class: com/simibubi/create/content/fluids/spout/FillingBySpout (java.lang.ClassNotFoundException: com.simibubi.create.content.fluids.spout.FillingBySpout)
[21:53:47] [main/WARN]: @Mixin target com.simibubi.create.content.fluids.spout.FillingBySpout was not found thirst.mixin.json:create.MixinFillingBySpout
[21:53:47] [main/WARN]: Error loading class: com/simibubi/create/content/fluids/transfer/FluidDrainingBehaviour (java.lang.ClassNotFoundException: com.simibubi.create.content.fluids.transfer.FluidDrainingBehaviour)
[21:53:47] [main/WARN]: @Mixin target com.simibubi.create.content.fluids.transfer.FluidDrainingBehaviour was not found thirst.mixin.json:create.MixinFluidDrainingBehaviour
[21:53:47] [main/WARN]: Error loading class: com/simibubi/create/content/fluids/transfer/GenericItemEmptying (java.lang.ClassNotFoundException: com.simibubi.create.content.fluids.transfer.GenericItemEmptying)
[21:53:47] [main/WARN]: @Mixin target com.simibubi.create.content.fluids.transfer.GenericItemEmptying was not found thirst.mixin.json:create.MixinGenericItemEmptying
[21:53:47] [main/WARN]: Error loading class: com/simibubi/create/content/fluids/transfer/GenericItemFilling (java.lang.ClassNotFoundException: com.simibubi.create.content.fluids.transfer.GenericItemFilling)
[21:53:47] [main/WARN]: @Mixin target com.simibubi.create.content.fluids.transfer.GenericItemFilling was not found thirst.mixin.json:create.MixinGenericItemFilling
[21:53:47] [main/WARN]: Error loading class: com/simibubi/create/content/equipment/goggles/IHaveGoggleInformation (java.lang.ClassNotFoundException: com.simibubi.create.content.equipment.goggles.IHaveGoggleInformation)
[21:53:47] [main/WARN]: @Mixin target com.simibubi.create.content.equipment.goggles.IHaveGoggleInformation was not found thirst.mixin.json:create.MixinIHaveGoggleInformation
[21:53:47] [main/WARN]: Error loading class: com/simibubi/create/content/fluids/OpenEndedPipe (java.lang.ClassNotFoundException: com.simibubi.create.content.fluids.OpenEndedPipe)
[21:53:47] [main/WARN]: @Mixin target com.simibubi.create.content.fluids.OpenEndedPipe was not found thirst.mixin.json:create.MixinOpenEndedPipe
[21:53:47] [main/WARN]: Error loading class: plus/dragons/createcentralkitchen/content/logistics/block/mechanicalArm/KettlePoint (java.lang.ClassNotFoundException: plus.dragons.createcentralkitchen.content.logistics.block.mechanicalArm.KettlePoint)
[21:53:47] [main/WARN]: @Mixin target plus.dragons.createcentralkitchen.content.logistics.block.mechanicalArm.KettlePoint was not found thirst.mixin.json:createcenterkitchen.MixinKettlePoint
[21:53:47] [main/WARN]: Error loading class: umpaz/farmersrespite/common/block/KettleBlock (java.lang.ClassNotFoundException: umpaz.farmersrespite.common.block.KettleBlock)
[21:53:47] [main/WARN]: @Mixin target umpaz.farmersrespite.common.block.KettleBlock was not found thirst.mixin.json:farmersrespite.MixinKettleBlock
[21:53:47] [main/WARN]: Error loading class: umpaz/farmersrespite/common/block/entity/KettleBlockEntity (java.lang.ClassNotFoundException: umpaz.farmersrespite.common.block.entity.KettleBlockEntity)
[21:53:47] [main/WARN]: @Mixin target umpaz.farmersrespite.common.block.entity.KettleBlockEntity was not found thirst.mixin.json:farmersrespite.MixinKettleBlockEntity
[21:53:47] [main/WARN]: Error loading class: snownee/jade/api/view/FluidView (java.lang.ClassNotFoundException: snownee.jade.api.view.FluidView)
[21:53:47] [main/WARN]: @Mixin target snownee.jade.api.view.FluidView was not found thirst.mixin.json:jade.MixinFluidView
[21:53:47] [main/WARN]: Error loading class: net/mehvahdjukaar/supplementaries/common/block/faucet/WaterBlockInteraction (java.lang.ClassNotFoundException: net.mehvahdjukaar.supplementaries.common.block.faucet.WaterBlockInteraction)
[21:53:47] [main/WARN]: @Mixin target net.mehvahdjukaar.supplementaries.common.block.faucet.WaterBlockInteraction was not found thirst.mixin.json:supplementaries.MixinWaterBlockInteraction
[21:53:47] [main/WARN]: Error loading class: toughasnails/item/EmptyCanteenItem (java.lang.ClassNotFoundException: toughasnails.item.EmptyCanteenItem)
[21:53:47] [main/WARN]: @Mixin target toughasnails.item.EmptyCanteenItem was not found thirst.mixin.json:toughasnails.MixinEmptyCanteenItem
[21:53:47] [main/WARN]: Error loading class: toughasnails/config/ServerConfig (java.lang.ClassNotFoundException: toughasnails.config.ServerConfig)
[21:53:47] [main/WARN]: @Mixin target toughasnails.config.ServerConfig was not found thirst.mixin.json:toughasnails.MixinServerConfig
[21:53:47] [main/WARN]: Error loading class: toughasnails/thirst/ThirstHandler (java.lang.ClassNotFoundException: toughasnails.thirst.ThirstHandler)
[21:53:47] [main/WARN]: @Mixin target toughasnails.thirst.ThirstHandler was not found thirst.mixin.json:toughasnails.MixinThirstHandler
[21:53:47] [main/WARN]: Error loading class: toughasnails/thirst/ThirstHelperImpl (java.lang.ClassNotFoundException: toughasnails.thirst.ThirstHelperImpl)
[21:53:47] [main/WARN]: @Mixin target toughasnails.thirst.ThirstHelperImpl was not found thirst.mixin.json:toughasnails.MixinThirstHelperImpl
[21:53:47] [main/WARN]: Error loading class: umpaz/farmersrespite/client/gui/KettleScreen (java.lang.ClassNotFoundException: umpaz.farmersrespite.client.gui.KettleScreen)
[21:53:47] [main/WARN]: @Mixin target umpaz.farmersrespite.client.gui.KettleScreen was not found thirst.mixin.json:farmersrespite.MixinKettleScreen
[21:53:47] [main/WARN]: Error loading class: traben/entity_model_features/models/parts/EMFModelPartCustom$EMFCube (java.lang.ClassNotFoundException: traben.entity_model_features.models.parts.EMFModelPartCustom$EMFCube)
[21:53:48] [main/INFO]: Initializing MixinExtras via com.llamalad7.mixinextras.service.MixinExtrasServiceImpl(version=0.4.1).
[21:53:48] [main/INFO]: Smooth Boot (Reloaded) config initialized
[21:53:50] [pool-3-thread-1/INFO]: ModernFix reached bootstrap stage (16.03 s after launch)
[21:53:50] [pool-3-thread-1/WARN]: @Final field delegatesByName:Ljava/util/Map; in modernfix-forge.mixins.json:perf.forge_registry_alloc.ForgeRegistryMixin should be final
[21:53:50] [pool-3-thread-1/WARN]: @Final field delegatesByValue:Ljava/util/Map; in modernfix-forge.mixins.json:perf.forge_registry_alloc.ForgeRegistryMixin should be final
[21:53:50] [pool-3-thread-1/INFO]: Injecting BlockStateBase cache population hook into getNeighborPathNodeType from com.abdelaziz.canary.mixin.ai.pathing.BlockStateBaseMixin
[21:53:50] [pool-3-thread-1/INFO]: Injecting BlockStateBase cache population hook into getPathNodeType from com.abdelaziz.canary.mixin.ai.pathing.BlockStateBaseMixin
[21:53:50] [pool-3-thread-1/INFO]: Injecting BlockStateBase cache population hook into m_60823_ from com.abdelaziz.canary.mixin.block.flatten_states.BlockStateBaseMixin
[21:53:52] [pool-3-thread-1/INFO]: Loaded config for: biomemusic.json
[21:53:52] [pool-3-thread-1/INFO]: Vanilla bootstrap took 2282 milliseconds
[21:53:54] [pool-3-thread-1/WARN]: Static binding violation: PRIVATE @Overwrite method m_47505_ in modernfix-common.mixins.json:perf.remove_biome_temperature_cache.BiomeMixin cannot reduce visibiliy of PUBLIC target method, visibility will be upgraded.
[21:53:54] [pool-3-thread-1/WARN]: Method overwrite conflict for m_47505_ in modernfix-common.mixins.json:perf.remove_biome_temperature_cache.BiomeMixin, previously written by com.abdelaziz.saturn.mixin.leaks.biome_temperature_cache.BiomeMixin. Skipping method.
[21:53:56] [Render thread/WARN]: Assets URL 'union:/C:/Users/redzt/curseforge/minecraft/Install/libraries/net/minecraft/client/1.19.2-20220805.130853/client-1.19.2-20220805.130853-srg.jar%23444!/assets/.mcassetsroot' uses unexpected schema
[21:53:56] [Render thread/WARN]: Assets URL 'union:/C:/Users/redzt/curseforge/minecraft/Install/libraries/net/minecraft/client/1.19.2-20220805.130853/client-1.19.2-20220805.130853-srg.jar%23444!/data/.mcassetsroot' uses unexpected schema
[21:53:56] [Render thread/INFO]: Environment: authHost='https://authserver.mojang.com', accountsHost='https://api.mojang.com', sessionHost='https://sessionserver.mojang.com', servicesHost='https://api.minecraftservices.com', name='PROD'
[21:53:57] [Render thread/INFO]: Setting user: UniRedz
[21:53:57] [Render thread/INFO]: Bypassed Mojang DFU
[21:53:57] [Render thread/INFO]: Loaded default options for extra-folder
[21:53:57] [Render thread/INFO]: OptiFine not detected.
[21:53:57] [Render thread/INFO]: Starting DI!
[21:53:57] [Render thread/INFO]: Authenticating to Mojang as UniRedz (16c32c69-f61c-4ec5-8b08-18fe37639789)
[21:53:58] [Render thread/INFO]: Backend library: LWJGL version 3.3.1 build 7
[21:53:58] [DefaultDispatcher-worker-3/INFO]: Connecting to Essential Connection Manager...
[21:53:58] [DefaultDispatcher-worker-3/INFO]: Using Default JreDnsResolver
[21:53:58] [DefaultDispatcher-worker-3/INFO]: Using Default JreSocketFactory
[21:53:58] [Render thread/INFO]: Initializing ImmediatelyFast 1.4.0+1.19.2 on NVIDIA GeForce RTX 4070 SUPER/PCIe/SSE2 (NVIDIA Corporation) with OpenGL 3.2.0 NVIDIA 596.49
[21:53:58] [Render thread/INFO]: Found Iris/Oculus 1.6.9a. Enabling compatibility.
[21:53:58] [WebSocketConnectReadThread-97/INFO]: Connected to Essential Connection Manager.
[21:53:58] [Render thread/INFO]: Debug functionality is disabled.
[21:53:58] [Render thread/INFO]: ARB_direct_state_access detected, enabling DSA.
[21:53:58] [Render thread/WARN]: Method overwrite conflict for darkness_enableUploadHook in rubidium_extras.mixins.json:TotalDarkness.MixinNativeImageBackedTexture, previously written by grondag.darkness.mixin.MixinDynamicTexture. Skipping method.
[21:53:59] [Render thread/WARN]: Tried to get boolean value for unknown option: LIGHT_SHAFT && MULTICOLORED_BLOCKLIGHT, defaulting to true!
[21:53:59] [Render thread/WARN]: Tried to get boolean value for unknown option: FXAA && !RETRO_FILTER, defaulting to true!
[21:53:59] [Render thread/WARN]: Tried to get boolean value for unknown option: TAA && !RETRO_FILTER, defaulting to true!
[21:53:59] [Render thread/WARN]: Tried to get boolean value for unknown option: FXAA && !RETRO_FILTER, defaulting to true!
[21:53:59] [Render thread/WARN]: Tried to get boolean value for unknown option: SHADOW && MULTICOLORED_BLOCKLIGHT, defaulting to true!
[21:53:59] [Render thread/WARN]: Tried to get boolean value for unknown option: TAA && !RETRO_FILTER, defaulting to true!
[21:53:59] [Render thread/WARN]: Tried to get boolean value for unknown option: TAA && !RETRO_FILTER, defaulting to true!
[21:53:59] [Render thread/WARN]: Tried to get boolean value for unknown option: FXAA && !RETRO_FILTER, defaulting to true!
[21:53:59] [Render thread/INFO]: Profile: Custom (+61 options changed by user)
[21:53:59] [Render thread/INFO]: null:28:4: warning: Decimal constant starts with 0, but not octal: 08
[21:53:59] [Render thread/INFO]: null:29:4: warning: Decimal constant starts with 0, but not octal: 09
[21:53:59] [Render thread/INFO]: null:64:4: warning: Decimal constant starts with 0, but not octal: 08
[21:53:59] [Render thread/INFO]: null:65:4: warning: Decimal constant starts with 0, but not octal: 09
[21:53:59] [Render thread/INFO]: Using shaderpack: DREAD REBORN SHADERS - 3 - High.zip
[21:53:59] [modloading-worker-0/INFO]: [LambDynLights] Initializing Dynamic Lights Reforged...
[21:54:00] [modloading-worker-0/INFO]: Loading FirstPerson Mod
[21:54:00] [modloading-worker-0/INFO]: mod instantiated
[21:54:00] [modloading-worker-0/INFO]: MultiMineServer initializing
[21:54:00] [modloading-worker-0/INFO]: [MELODY] Loading Melody background audio library..
[21:54:00] [modloading-worker-0/INFO]: Loading Entity Texture Features, breaking your resource packs since 17 Jan 2022.
[21:54:00] [modloading-worker-0/INFO]: Loading Entity Model Features, we get there when we get there.
[21:54:00] [modloading-worker-0/WARN]: Static binding violation: PRIVATE @Overwrite method m_104290_ in rubidium.mixins.json:features.entity.fast_render.MixinModelPart cannot reduce visibiliy of PUBLIC target method, visibility will be upgraded.
[21:54:00] [modloading-worker-0/INFO]: [KONKRETE] Successfully initialized!
[21:54:00] [modloading-worker-0/INFO]: [KONKRETE] Server-side libs ready to use!
[21:54:00] [modloading-worker-0/INFO]: Loading Collective version 7.64.
[21:54:00] [modloading-worker-0/INFO]: Loaded config for: cupboard.json
[21:54:00] [modloading-worker-0/INFO]: Registering common data for channel xaeroworldmap:main!
[21:54:00] [modloading-worker-0/INFO]: Creating mod instance
[21:54:00] [modloading-worker-0/INFO]: Enable server compatibility
[21:54:00] [modloading-worker-0/INFO]: Register client configuration
[21:54:00] [modloading-worker-0/INFO]: Registering client data for channel xaeroworldmap:main!
[21:54:01] [modloading-worker-0/INFO]: 6 new ETF Random Properties registered by entity_model_features.
[21:54:01] [modloading-worker-0/INFO]: Preparing 'WATERMeDIA' on 'Forge'
[21:54:01] [modloading-worker-0/INFO]: WaterMedia version '2.1.37'
[21:54:01] [modloading-worker-0/INFO]: OS Detected: Windows 10 (x86-64)
[21:54:01] [modloading-worker-0/INFO]: Runtime memory Usage: 513MB/4096MB
[21:54:01] [modloading-worker-0/INFO]: Registering S2C receiver with id architectury:sync_ids
[21:54:01] [modloading-worker-0/INFO]: Registering C2S receiver with id architectury:sync_ids
[21:54:01] [modloading-worker-0/INFO]: Registering S2C receiver with id ftblibrary:edit_nbt
[21:54:01] [modloading-worker-0/INFO]: Registering S2C receiver with id ftbessentials:update_tab_name
[21:54:01] [modloading-worker-0/INFO]: Registering S2C receiver with id ftbteams:sync_teams
[21:54:01] [modloading-worker-0/INFO]: Registering S2C receiver with id ftbteams:sync_message_history
[21:54:01] [modloading-worker-0/INFO]: Loading primary common config for channel xaeroworldmap:main!
[21:54:01] [modloading-worker-0/INFO]: Registering C2S receiver with id ftblibrary:edit_nbt_response
[21:54:01] [modloading-worker-0/INFO]: Processing 5 KiwiModule annotations
[21:54:01] [modloading-worker-0/INFO]: Starting CacheAPI
[21:54:01] [modloading-worker-0/INFO]: Mounted on path 'C:\Users\redzt\AppData\Local\Temp\watermedia\cache\pictures'
[21:54:01] [modloading-worker-0/INFO]: Registering C2S receiver with id ftbteams:open_gui
[21:54:01] [modloading-worker-0/INFO]: Registering S2C receiver with id ftblibrary:sync_known_server_registries
[21:54:01] [modloading-worker-0/INFO]: Module CacheAPI loaded successfully
[21:54:01] [modloading-worker-0/INFO]: Starting PlayerAPI
[21:54:01] [modloading-worker-0/INFO]: Binaries are wrapped
[21:54:01] [modloading-worker-0/INFO]: Loading server config profiles for channel xaeroworldmap:main!
[21:54:01] [modloading-worker-0/INFO]: Registering S2C receiver with id ftbteams:open_my_team_gui
[21:54:01] [modloading-worker-0/WARN]: VLC binaries extraction skipped. Extracted version match with wrapped version
[21:54:01] [modloading-worker-0/INFO]: Registering C2S receiver with id ftbteams:update_settings
[21:54:01] [modloading-worker-0/INFO]: Registering S2C receiver with id ftbteams:update_settings_response
[21:54:01] [modloading-worker-0/INFO]: Loading primary client config for channel xaeroworldmap:main!
[21:54:01] [modloading-worker-0/INFO]: Loading config from file: C:\Users\redzt\curseforge\minecraft\Instances\UniPack\config\kiwi-client.toml
[21:54:01] [modloading-worker-0/INFO]: Registering C2S receiver with id ftbteams:send_message
[21:54:01] [modloading-worker-0/INFO]: Loading client config profiles for channel xaeroworldmap:main!
[21:54:01] [modloading-worker-0/INFO]: Registering S2C receiver with id ftbteams:send_message_response
[21:54:01] [modloading-worker-0/INFO]: Registering common data for channel xaerolib:main!
[21:54:01] [modloading-worker-0/INFO]: Registering S2C receiver with id ftbteams:update_presence
[21:54:01] [modloading-worker-0/INFO]: Registering client data for channel xaerolib:main!
[21:54:01] [modloading-worker-0/INFO]: Registering C2S receiver with id ftbteams:create_party
[21:54:01] [modloading-worker-0/INFO]: Loading primary common config for channel xaerolib:main!
[21:54:01] [modloading-worker-0/INFO]: Registering C2S receiver with id ftbteams:player_gui_operation
[21:54:01] [modloading-worker-0/INFO]: Loading server config profiles for channel xaerolib:main!
[21:54:01] [modloading-worker-0/INFO]: Loading primary client config for channel xaerolib:main!
[21:54:01] [modloading-worker-0/INFO]: Loading client config profiles for channel xaerolib:main!
[21:54:01] [modloading-worker-0/INFO]: Searching using 'WaterMedia Provider'
[21:54:01] [modloading-worker-0/INFO]: Searching on 'C:\Users\redzt\AppData\Local\Temp\watermedia\videolan'
[21:54:01] [modloading-worker-0/INFO]: Setting plugins path to 'C:\Users\redzt\AppData\Local\Temp\watermedia\videolan\plugins'
[21:54:01] [modloading-worker-0/INFO]: Founded VLC binaries in 'C:\Users\redzt\AppData\Local\Temp\watermedia\videolan' using 'WaterMedia Provider', running test...
[21:54:01] [modloading-worker-0/INFO]: Loading config from file: C:\Users\redzt\curseforge\minecraft\Instances\UniPack\config\passablefoliage-common.toml
[21:54:01] [modloading-worker-0/INFO]: Loading config from file: C:\Users\redzt\curseforge\minecraft\Instances\UniPack\config\snowrealmagic-client.toml
[21:54:01] [modloading-worker-0/INFO]: Loading config from file: C:\Users\redzt\curseforge\minecraft\Instances\UniPack\config\snowrealmagic-common.toml
[21:54:01] [modloading-worker-0/INFO]: [DRIPPY LOADING SCREEN] Loading v3.0.12 in client-side mode on FORGE!
[21:54:01] [modloading-worker-0/INFO]: Forge mod loading, version 43.5.0, for MC 1.19.2 with MCP 20220805.130853
[21:54:01] [modloading-worker-0/INFO]: MinecraftForge v43.5.0 Initialized
[21:54:01] [modloading-worker-0/INFO]: VLC test instance created successfully
[21:54:01] [modloading-worker-0/INFO]: Successfully loaded VLC 3.0.18 Vetinari in 'C:\Users\redzt\AppData\Local\Temp\watermedia\videolan' using 'WaterMedia Provider'
[21:54:01] [modloading-worker-0/INFO]: Constructing client components for mod visualworkbench
[21:54:01] [modloading-worker-0/INFO]: Registering C2S receiver with id ftbchunks:request_map_data
[21:54:01] [modloading-worker-0/INFO]: Registering S2C receiver with id ftbchunks:send_all_chunks
[21:54:01] [modloading-worker-0/INFO]: Registering S2C receiver with id ftbchunks:login_data
[21:54:01] [modloading-worker-0/INFO]: Registering C2S receiver with id ftbchunks:request_chunk_change
[21:54:01] [modloading-worker-0/INFO]: Constructing common components for mod visualworkbench
[21:54:01] [modloading-worker-0/INFO]: Registering S2C receiver with id ftbchunks:send_chunk
[21:54:01] [modloading-worker-0/INFO]: Registering S2C receiver with id ftbchunks:send_general_data
[21:54:01] [modloading-worker-0/INFO]: Registering C2S receiver with id ftbchunks:teleport_from_map
[21:54:01] [modloading-worker-0/INFO]: Registering S2C receiver with id ftbchunks:player_death
[21:54:01] [modloading-worker-0/INFO]: Registering S2C receiver with id ftbchunks:send_visible_player_list
[21:54:01] [modloading-worker-0/INFO]: Registering C2S receiver with id ftbchunks:sync_tx
[21:54:01] [modloading-worker-0/INFO]: Registering S2C receiver with id ftbchunks:sync_rx
[21:54:01] [modloading-worker-0/INFO]: Registering S2C receiver with id ftbchunks:loaded_chunk_view
[21:54:01] [modloading-worker-0/INFO]: Registering S2C receiver with id ftbchunks:send_player_position
[21:54:01] [modloading-worker-0/INFO]: Registering C2S receiver with id ftbchunks:update_force_load_expiry
[21:54:01] [modloading-worker-0/INFO]: Registering C2S receiver with id ftbchunks:server_config_request
[21:54:01] [modloading-worker-0/INFO]: Registering S2C receiver with id ftbchunks:server_config_response
[21:54:01] [modloading-worker-0/INFO]: Registering S2C receiver with id ftbchunks:chunk_change_response
[21:54:01] [modloading-worker-0/INFO]: Registering S2C receiver with id ftbchunks:add_waypoint
[21:54:02] [modloading-worker-0/INFO]: Created new VLC instance with ID 'watermedia:default' with args: '[--no-quiet, --cr-average=5000, --swscale-mode=0, --network-synchronisation, --network-caching=1000, --live-caching=1000, --file-caching=1000, --aout, directsound,waveout,mmdevice, --vout, direct3d11,glwin32,gl,any, --avcodec-skip-idct=4, --avcodec-fast, --avcodec-hw, d3d11va,dxva2,any, --no-metadata-network-access, --no-file-logging, --http-reconnect]'
[21:54:02] [modloading-worker-0/INFO]: Created new VLC instance with ID 'watermedia:sound_only' with args: '[--no-quiet, --cr-average=5000, --swscale-mode=0, --network-synchronisation, --network-caching=1000, --live-caching=1000, --file-caching=1000, --aout, directsound,waveout,mmdevice, --vout, direct3d11,glwin32,gl,any, --avcodec-skip-idct=4, --avcodec-fast, --avcodec-hw, d3d11va,dxva2,any, --no-metadata-network-access, --no-file-logging, --http-reconnect, --vout=none]'
[21:54:02] [modloading-worker-0/INFO]: Module PlayerAPI loaded successfully
[21:54:02] [modloading-worker-0/INFO]: Starting ImageAPI
[21:54:02] [modloading-worker-0/INFO]: Loading image resources in a ImageRenderer instance
[21:54:02] [modloading-worker-0/INFO]: [FANCYMENU] Loading v3.7.0 in client-side mode on FORGE!
[21:54:02] [modloading-worker-0/INFO]: Constructing common components for mod puzzleslib
[21:54:02] [modloading-worker-0/INFO]: Registering common data for channel xaerominimap:main!
[21:54:02] [modloading-worker-0/INFO]: Module ImageAPI loaded successfully
[21:54:02] [modloading-worker-0/INFO]: Starting RenderAPI
[21:54:02] [modloading-worker-0/INFO]: Mod [FTB XMod Compat] not detected. Install it if you want FTB Chunks integration with KubeJS, Game Stages, Waystones, FTB Ranks/Luckperms and/or Common Protection API
[21:54:02] [modloading-worker-0/INFO]: Module RenderAPI loaded successfully
[21:54:02] [modloading-worker-0/INFO]: Starting NetworkAPI
[21:54:02] [modloading-worker-0/WARN]: Module NetworkAPI refuses to be loaded, skipping
[21:54:02] [modloading-worker-0/INFO]: Setting up shutdown hook
[21:54:02] [modloading-worker-0/INFO]: Startup finished
[21:54:02] [modloading-worker-0/INFO]: Are you ready for trouble?
[21:54:02] [modloading-worker-0/INFO]: Presence Footsteps starting
[21:54:02] [modloading-worker-0/INFO]: Registering client data for channel xaerominimap:main!
[21:54:02] [modloading-worker-0/INFO]: Loading primary common config for channel xaerominimap:main!
[21:54:02] [modloading-worker-0/INFO]: Loading server config profiles for channel xaerominimap:main!
[21:54:02] [modloading-worker-0/INFO]: Loading primary client config for channel xaerominimap:main!
[21:54:02] [modloading-worker-0/INFO]: Loading client config profiles for channel xaerominimap:main!
[21:54:05] [Render thread/INFO]: Initialized slab sets in: 13 ms
[21:54:05] [Render thread/INFO]: Initialized block sets in 35ms
[21:54:09] [Render thread/WARN]: Method overwrite conflict for darkness_prevFlicker in rubidium_extras.mixins.json:TotalDarkness.MixinLightmapTextureManager, previously written by grondag.darkness.mixin.MixinLightTexture. Skipping method.
[21:54:09] [Render thread/WARN]: Method overwrite conflict for darkness_isDirty in rubidium_extras.mixins.json:TotalDarkness.MixinLightmapTextureManager, previously written by grondag.darkness.mixin.MixinLightTexture. Skipping method.
[21:54:09] [Render thread/INFO]: Hardware information:
[21:54:09] [Render thread/INFO]: CPU: 16x AMD Ryzen 7 5700X3D 8-Core Processor 
[21:54:09] [Render thread/INFO]: GPU: NVIDIA GeForce RTX 4070 SUPER/PCIe/SSE2 (Supports OpenGL 3.2.0 NVIDIA 596.49)
[21:54:09] [Render thread/INFO]: OS: Windows 10 (10.0)
[21:54:09] [Render thread/INFO]: Replacing search trees with 'JEI' provider
[21:54:10] [Render thread/INFO]: Sending ConfigManager: jei:minecraft ...
[21:54:10] [Render thread/INFO]: Sending ConfigManager: jei:minecraft took 24.30 ?s
[21:54:10] [Render thread/INFO]: Sending ConfigManager: sophisticatedcore:default ...
[21:54:10] [Render thread/INFO]: Sending ConfigManager: sophisticatedcore:default took 6.900 ?s
[21:54:10] [Render thread/INFO]: Sending ConfigManager: modernfix:capturer ...
[21:54:10] [Render thread/INFO]: Sending ConfigManager: modernfix:capturer took 7.000 ?s
[21:54:10] [Render thread/INFO]: Sending ConfigManager: sophisticatedbackpacks:default ...
[21:54:10] [Render thread/INFO]: Sending ConfigManager: sophisticatedbackpacks:default took 7.600 ?s
[21:54:10] [Render thread/INFO]: Sending ConfigManager: corpse:corpse ...
[21:54:10] [Render thread/INFO]: Sending ConfigManager: corpse:corpse took 8.800 ?s
[21:54:10] [Render thread/INFO]: Sending ConfigManager: farmersdelight:jei_plugin ...
[21:54:10] [Render thread/INFO]: Sending ConfigManager: farmersdelight:jei_plugin took 23.40 ?s
[21:54:10] [Render thread/INFO]: Sending ConfigManager: ftblibrary:jei ...
[21:54:10] [Render thread/INFO]: Sending ConfigManager: ftblibrary:jei took 6.400 ?s
[21:54:10] [Render thread/INFO]: Sending ConfigManager: jei:debug ...
[21:54:10] [Render thread/INFO]: Sending ConfigManager: jei:debug took 6.100 ?s
[21:54:10] [Render thread/INFO]: Sending ConfigManager: jei:gui ...
[21:54:10] [Render thread/INFO]: Sending ConfigManager: jei:gui took 5.900 ?s
[21:54:10] [Render thread/INFO]: Sending ConfigManager: jei:forge_gui ...
[21:54:10] [Render thread/INFO]: Sending ConfigManager: jei:forge_gui took 9.800 ?s
[21:54:10] [Render thread/INFO]: Sending ConfigManager: visualworkbench:crafting ...
[21:54:10] [Render thread/INFO]: Sending ConfigManager: visualworkbench:crafting took 8.100 ?s
[21:54:10] [Render thread/INFO]: Sending ConfigManager: tacz:jei ...
[21:54:10] [Render thread/INFO]: Sending ConfigManager: tacz:jei took 57.90 ?s
[21:54:10] [Render thread/INFO]: Sending ConfigManager: jei:internal ...
[21:54:10] [Render thread/INFO]: Sending ConfigManager: jei:internal took 10.20 ?s
[21:54:10] [Render thread/INFO]: [FANCYMENU] Registering resource reload listener..
[21:54:10] [Render thread/INFO]: [FANCYMENU] Initializing screen customization engine! Addons should NOT REGISTER TO REGISTRIES anymore now!
[21:54:11] [Render thread/INFO]: [FANCYMENU] Minecraft resource reload: STARTING
[21:54:11] [Render thread/INFO]: Invalidating pack caches
[21:54:11] [Render thread/INFO]: Reloading ResourceManager: TACZ Resources, TACZ Resources, Default, Mod Resources, FreshAnimations_v1.8.zip, Patrix MODIFIED.zip, Immersive Weathering Generated Pack, MandalasGUI+Dakmode_1.21.6_v2.0.zip, §6Immersive§8_§6Interfaces§8_§6Modded.zip, Immersive§0_§fInterfaces§0.zip, Fast Better Grass.zip, V Slab Compat Generated Pack, Realistic Rain v1.0.0.zip, Cubic Leaves 2.3 (performance).zip, -1.21.2 Fresh Moves v3.1 (No Animated Eyes).zip, Midnight Lurker HD [v1.2].zip, §eExtended_Illumina_1.19x.zip, black_icons, Dot Crosshair.zip, Compact Font.zip, DREAD PACK.zip, DREAD SOUNDTRACK.zip, Essential Assets, Essential (forge_1.19.2).jar
[21:54:11] [Render thread/INFO]: Generated runtime CLIENT_RESOURCES for pack V Slab Compat Generated Pack in: 91 ms
[21:54:11] [Render thread/INFO]: Generated runtime CLIENT_RESOURCES for pack Immersive Weathering Generated Pack in: 52 ms
[21:54:12] [Render thread/INFO]: [DRIPPY LOADING SCREEN] Initializing fonts for text rendering..
[21:54:12] [Render thread/INFO]: [FANCYMENU] ScreenCustomizationLayer registered: drippy_loading_overlay
[21:54:12] [Render thread/INFO]: [FANCYMENU] Starting late client initialization phase..
[21:54:12] [Render thread/INFO]: [FANCYMENU] Custom window icon successfully updated!
[21:54:12] [Worker-ResourceReload-2/WARN]: File signal_flares:sounds/stick_hit.ogg does not exist, cannot add it to event signal_flares:stick_hit
[21:54:12] [Worker-ResourceReload-2/WARN]: File assimilator:sounds/cavenoise_1.ogg does not exist, cannot add it to event assimilator:cavenoise_1
[21:54:12] [modloading-worker-0/INFO]: Loading client config for visualworkbench
[21:54:12] [Worker-ResourceReload-0/WARN]: Unknown block 'minecraft:cherry_log' in 'matchBlocks' element 'minecraft:cherry_log:axis=z' at index 0 in file 'minecraft:optifine/ctm/patrix/log/cherry/cherry_log1.properties' in pack 'Patrix MODIFIED.zip'
[21:54:12] [Worker-ResourceReload-0/WARN]: Unknown block 'minecraft:cherry_wood' in 'matchBlocks' element 'minecraft:cherry_wood:axis=x' at index 1 in file 'minecraft:optifine/ctm/patrix/log/cherry/cherry_log1.properties' in pack 'Patrix MODIFIED.zip'
[21:54:12] [Worker-ResourceReload-0/WARN]: Unknown block 'minecraft:cherry_log' in 'matchBlocks' element 'minecraft:cherry_log:axis=x' at index 0 in file 'minecraft:optifine/ctm/patrix/log/cherry/cherry_log2.properties' in pack 'Patrix MODIFIED.zip'
[21:54:12] [Worker-ResourceReload-0/WARN]: Unknown block 'minecraft:cherry_wood' in 'matchBlocks' element 'minecraft:cherry_wood:axis=x' at index 1 in file 'minecraft:optifine/ctm/patrix/log/cherry/cherry_log2.properties' in pack 'Patrix MODIFIED.zip'
[21:54:12] [Worker-ResourceReload-0/WARN]: Unknown block 'minecraft:cherry_log' in 'matchBlocks' element 'minecraft:cherry_log:axis=x' at index 0 in file 'minecraft:optifine/ctm/patrix/log/cherry/cherry_log3.properties' in pack 'Patrix MODIFIED.zip'
[21:54:12] [Worker-ResourceReload-0/WARN]: Unknown block 'minecraft:cherry_wood' in 'matchBlocks' element 'minecraft:cherry_wood:axis=x' at index 1 in file 'minecraft:optifine/ctm/patrix/log/cherry/cherry_log3.properties' in pack 'Patrix MODIFIED.zip'
[21:54:12] [Worker-ResourceReload-0/WARN]: Unknown block 'minecraft:cherry_log' in 'matchBlocks' element 'minecraft:cherry_log:axis=z' at index 0 in file 'minecraft:optifine/ctm/patrix/log/cherry/cherry_log4.properties' in pack 'Patrix MODIFIED.zip'
[21:54:12] [Worker-ResourceReload-0/WARN]: Unknown block 'minecraft:cherry_wood' in 'matchBlocks' element 'minecraft:cherry_wood:axis=z' at index 1 in file 'minecraft:optifine/ctm/patrix/log/cherry/cherry_log4.properties' in pack 'Patrix MODIFIED.zip'
[21:54:12] [Worker-ResourceReload-0/WARN]: Unknown block 'minecraft:cherry_log' in 'matchBlocks' element 'minecraft:cherry_log:axis=z' at index 0 in file 'minecraft:optifine/ctm/patrix/log/cherry/cherry_log5.properties' in pack 'Patrix MODIFIED.zip'
[21:54:12] [Worker-ResourceReload-0/WARN]: Unknown block 'minecraft:cherry_wood' in 'matchBlocks' element 'minecraft:cherry_wood:axis=z' at index 1 in file 'minecraft:optifine/ctm/patrix/log/cherry/cherry_log5.properties' in pack 'Patrix MODIFIED.zip'
[21:54:12] [Worker-ResourceReload-0/WARN]: Unknown block 'minecraft:cherry_log' in 'matchBlocks' element 'minecraft:cherry_log:axis=z' at index 0 in file 'minecraft:optifine/ctm/patrix/log/cherry/cherry_log6.properties' in pack 'Patrix MODIFIED.zip'
[21:54:12] [Worker-ResourceReload-0/WARN]: Unknown block 'minecraft:cherry_wood' in 'matchBlocks' element 'minecraft:cherry_wood:axis=z' at index 1 in file 'minecraft:optifine/ctm/patrix/log/cherry/cherry_log6.properties' in pack 'Patrix MODIFIED.zip'
[21:54:12] [Worker-ResourceReload-0/WARN]: Unknown block 'minecraft:stripped_cherry_log' in 'matchBlocks' element 'minecraft:stripped_cherry_log:axis=z' at index 0 in file 'minecraft:optifine/ctm/patrix/log/cherry/stripped/stripped_cherry_log1.properties' in pack 'Patrix MODIFIED.zip'
[21:54:12] [Worker-ResourceReload-0/WARN]: Unknown block 'minecraft:stripped_cherry_wood' in 'matchBlocks' element 'minecraft:stripped_cherry_wood:axis=x' at index 1 in file 'minecraft:optifine/ctm/patrix/log/cherry/stripped/stripped_cherry_log1.properties' in pack 'Patrix MODIFIED.zip'
[21:54:12] [Worker-ResourceReload-0/WARN]: Unknown block 'minecraft:stripped_cherry_log' in 'matchBlocks' element 'minecraft:stripped_cherry_log:axis=x' at index 0 in file 'minecraft:optifine/ctm/patrix/log/cherry/stripped/stripped_cherry_log2.properties' in pack 'Patrix MODIFIED.zip'
[21:54:12] [Worker-ResourceReload-0/WARN]: Unknown block 'minecraft:stripped_cherry_wood' in 'matchBlocks' element 'minecraft:stripped_cherry_wood:axis=x' at index 1 in file 'minecraft:optifine/ctm/patrix/log/cherry/stripped/stripped_cherry_log2.properties' in pack 'Patrix MODIFIED.zip'
[21:54:12] [Worker-ResourceReload-0/WARN]: Unknown block 'minecraft:stripped_cherry_log' in 'matchBlocks' element 'minecraft:stripped_cherry_log:axis=x' at index 0 in file 'minecraft:optifine/ctm/patrix/log/cherry/stripped/stripped_cherry_log3.properties' in pack 'Patrix MODIFIED.zip'
[21:54:12] [Worker-ResourceReload-0/WARN]: Unknown block 'minecraft:stripped_cherry_wood' in 'matchBlocks' element 'minecraft:stripped_cherry_wood:axis=x' at index 1 in file 'minecraft:optifine/ctm/patrix/log/cherry/stripped/stripped_cherry_log3.properties' in pack 'Patrix MODIFIED.zip'
[21:54:12] [Worker-ResourceReload-0/WARN]: Unknown block 'minecraft:stripped_cherry_log' in 'matchBlocks' element 'minecraft:stripped_cherry_log:axis=z' at index 0 in file 'minecraft:optifine/ctm/patrix/log/cherry/stripped/stripped_cherry_log4.properties' in pack 'Patrix MODIFIED.zip'
[21:54:12] [Worker-ResourceReload-0/WARN]: Unknown block 'minecraft:stripped_cherry_wood' in 'matchBlocks' element 'minecraft:stripped_cherry_wood:axis=z' at index 1 in file 'minecraft:optifine/ctm/patrix/log/cherry/stripped/stripped_cherry_log4.properties' in pack 'Patrix MODIFIED.zip'
[21:54:12] [Worker-ResourceReload-0/WARN]: Unknown block 'minecraft:stripped_cherry_log' in 'matchBlocks' element 'minecraft:stripped_cherry_log:axis=z' at index 0 in file 'minecraft:optifine/ctm/patrix/log/cherry/stripped/stripped_cherry_log5.properties' in pack 'Patrix MODIFIED.zip'
[21:54:12] [Worker-ResourceReload-0/WARN]: Unknown block 'minecraft:stripped_cherry_wood' in 'matchBlocks' element 'minecraft:stripped_cherry_wood:axis=z' at index 1 in file 'minecraft:optifine/ctm/patrix/log/cherry/stripped/stripped_cherry_log5.properties' in pack 'Patrix MODIFIED.zip'
[21:54:12] [Worker-ResourceReload-0/WARN]: Unknown block 'minecraft:stripped_cherry_log' in 'matchBlocks' element 'minecraft:stripped_cherry_log:axis=z' at index 0 in file 'minecraft:optifine/ctm/patrix/log/cherry/stripped/stripped_cherry_log6.properties' in pack 'Patrix MODIFIED.zip'
[21:54:12] [Worker-ResourceReload-0/WARN]: Unknown block 'minecraft:stripped_cherry_wood' in 'matchBlocks' element 'minecraft:stripped_cherry_wood:axis=z' at index 1 in file 'minecraft:optifine/ctm/patrix/log/cherry/stripped/stripped_cherry_log6.properties' in pack 'Patrix MODIFIED.zip'
[21:54:12] [Worker-ResourceReload-0/WARN]: Unknown block 'minecraft:cherry_fence' in 'matchBlocks' element 'minecraft:cherry_fence' at index 0 in file 'minecraft:optifine/ctm/patrix/planks/cherry/fence/planks0.properties' in pack 'Patrix MODIFIED.zip'
[21:54:12] [Worker-ResourceReload-0/WARN]: Unknown block 'minecraft:cherry_trapdoor' in 'matchBlocks' element 'minecraft:cherry_trapdoor:open=false:facing=east,west' at index 0 in file 'minecraft:optifine/ctm/patrix/trapdoor/cherry/cherry_trapdoor1.properties' in pack 'Patrix MODIFIED.zip'
[21:54:12] [Worker-ResourceReload-0/WARN]: Unknown block 'minecraft:cherry_trapdoor' in 'matchBlocks' element 'minecraft:cherry_trapdoor:open=false:facing=east,west' at index 0 in file 'minecraft:optifine/ctm/patrix/trapdoor/cherry/cherry_trapdoor2.properties' in pack 'Patrix MODIFIED.zip'
[21:54:13] [Worker-ResourceReload-2/WARN]: File minecraft:sounds/music/game/blue_feather.ogg does not exist, cannot add it to event minecraft:music.game
[21:54:13] [Worker-ResourceReload-2/WARN]: File minecraft:sounds/music/disc_13_music.ogg does not exist, cannot add it to event minecraft:music.game
[21:54:13] [Worker-ResourceReload-2/WARN]: File minecraft:sounds/music/disc_13_reversed.ogg does not exist, cannot add it to event minecraft:music.game
[21:54:13] [Worker-ResourceReload-2/WARN]: File minecraft:sounds/music/game/horror_1.ogg does not exist, cannot add it to event minecraft:music.game
[21:54:13] [Worker-ResourceReload-2/WARN]: File minecraft:sounds/music/game/horror_2.ogg does not exist, cannot add it to event minecraft:music.game
[21:54:13] [Worker-ResourceReload-2/WARN]: File minecraft:sounds/music/game/mc_theme_scary.ogg does not exist, cannot add it to event minecraft:music.game
[21:54:13] [Worker-ResourceReload-2/WARN]: File minecraft:sounds/music/game/menu_ambience.ogg does not exist, cannot add it to event minecraft:music.game
[21:54:13] [Worker-ResourceReload-2/WARN]: File minecraft:sounds/music/game/the_dread.ogg does not exist, cannot add it to event minecraft:music.game
[21:54:13] [Worker-ResourceReload-2/WARN]: File the_masked:sounds/hangingbodysfx1.ogg does not exist, cannot add it to event the_masked:hanging_body_sfx
[21:54:13] [Worker-ResourceReload-2/WARN]: File the_masked:sounds/hangingbodysfx2.ogg does not exist, cannot add it to event the_masked:hanging_body_sfx
[21:54:13] [DefaultDispatcher-worker-21/INFO]: Connected to Discord as uniredz
[21:54:13] [Worker-ResourceReload-9/INFO]: Fragile torges loaded targeting block data tag 'fragiletorches:fragile'
[21:54:13] [Worker-ResourceReload-12/INFO]: Loading config from file: C:\Users\redzt\curseforge\minecraft\Instances\UniPack\config\kiwi-client.toml
[21:54:13] [Worker-ResourceReload-12/INFO]: Loading config from file: C:\Users\redzt\curseforge\minecraft\Instances\UniPack\config\passablefoliage-common.toml
[21:54:13] [Worker-ResourceReload-12/INFO]: Loading config from file: C:\Users\redzt\curseforge\minecraft\Instances\UniPack\config\snowrealmagic-client.toml
[21:54:13] [Worker-ResourceReload-12/INFO]: Loading config from file: C:\Users\redzt\curseforge\minecraft\Instances\UniPack\config\snowrealmagic-common.toml
[21:54:13] [Worker-ResourceReload-5/INFO]: Loading XaeroLib common 1/2!
[21:54:14] [Forge Version Check/INFO]: [saturn] Starting version check at https://github.com/AbdElAziz333/Saturn/raw/mc1.20.1/dev/updates.json
[21:54:14] [Worker-ResourceReload-4/INFO]: [voicechat] Compatibility version 20
[21:54:14] [Worker-ResourceReload-12/INFO]: SereneSeasons detected. Overriding melting behavior.
[21:54:14] [Worker-ResourceReload-8/INFO]: biomemusic mod initialized
[21:54:14] [Worker-ResourceReload-4/INFO]: [voicechat] Loading plugins
[21:54:14] [Worker-ResourceReload-4/INFO]: [voicechat] Loaded 1 plugin(s)
[21:54:14] [Worker-ResourceReload-4/INFO]: [voicechat] Initializing plugins
[21:54:14] [Worker-ResourceReload-4/INFO]: Initializing Simple Voice Chat integration
[21:54:14] [Worker-ResourceReload-4/INFO]: [voicechat] Initialized 1 plugin(s)
[21:54:14] [Worker-ResourceReload-4/INFO]: [voicechat] Registering events for 'sound_physics_remastered'
[21:54:14] [Worker-ResourceReload-0/WARN]: Unable to load model: 'minecraft:block/bamboo_extra_leaves' referenced from: minecraft:bamboo#age=0,leaves=none,stage=0: java.io.FileNotFoundException: minecraft:models/block/bamboo_extra_leaves.json
[21:54:14] [Forge Version Check/WARN]: Failed to process update information
com.google.gson.JsonSyntaxException: java.lang.IllegalStateException: Expected BEGIN_OBJECT but was STRING at line 9 column 1 path $
	at com.google.gson.Gson.fromJson(Gson.java:975) ~[gson-2.8.9.jar%23130!/:?]
	at com.google.gson.Gson.fromJson(Gson.java:928) ~[gson-2.8.9.jar%23130!/:?]
	at com.google.gson.Gson.fromJson(Gson.java:877) ~[gson-2.8.9.jar%23130!/:?]
	at com.google.gson.Gson.fromJson(Gson.java:848) ~[gson-2.8.9.jar%23130!/:?]
	at net.minecraftforge.fml.VersionChecker$1.process(VersionChecker.java:183) ~[fmlcore-1.19.2-43.5.0.jar%23445!/:?]
	at java.lang.Iterable.forEach(Unknown Source) ~[?:?]
	at net.minecraftforge.fml.VersionChecker$1.run(VersionChecker.java:114) ~[fmlcore-1.19.2-43.5.0.jar%23445!/:?]
Caused by: java.lang.IllegalStateException: Expected BEGIN_OBJECT but was STRING at line 9 column 1 path $
	at com.google.gson.stream.JsonReader.beginObject(JsonReader.java:384) ~[gson-2.8.9.jar%23130!/:?]
	at com.google.gson.internal.bind.MapTypeAdapterFactory$Adapter.read(MapTypeAdapterFactory.java:183) ~[gson-2.8.9.jar%23130!/:?]
	at com.google.gson.internal.bind.MapTypeAdapterFactory$Adapter.read(MapTypeAdapterFactory.java:145) ~[gson-2.8.9.jar%23130!/:?]
	at com.google.gson.Gson.fromJson(Gson.java:963) ~[gson-2.8.9.jar%23130!/:?]
	... 6 more
[21:54:14] [Forge Version Check/INFO]: [prism] Starting version check at https://mc-update-check.anthonyhilyard.com/638111
[21:54:14] [Worker-ResourceReload-0/WARN]: Unable to load model: 'minecraft:stairwell_door' referenced from: thestairwell:stairwell_door#facing=north,waterlogged=true: java.io.FileNotFoundException: minecraft:models/stairwell_door.json
[21:54:14] [Worker-ResourceReload-0/WARN]: Unable to load model: 'minecraft:stairwell_door_open' referenced from: thestairwell:stairwell_door_open#facing=north,waterlogged=true: java.io.FileNotFoundException: minecraft:models/stairwell_door_open.json
[21:54:15] [Forge Version Check/INFO]: [prism] Found status: UP_TO_DATE Current: 1.0.2 Target: null
[21:54:15] [Forge Version Check/INFO]: [guardvillagers] Starting version check at https://raw.githubusercontent.com/seymourimadeit/guardvillagers/master/update.json
[21:54:15] [Forge Version Check/INFO]: [guardvillagers] Found status: AHEAD Current: 1.19.2-1.5.9 Target: null
[21:54:15] [Forge Version Check/INFO]: [fragiletorches] Starting version check at https://raw.githubusercontent.com/Lothrazar/FragileTorches/trunk/1.19/update.json
[21:54:15] [Forge Version Check/INFO]: [fragiletorches] Found status: BETA Current: 1.19-1.0.2 Target: null
[21:54:15] [Forge Version Check/INFO]: [additionalstructures] Starting version check at https://raw.githubusercontent.com/XxRexRaptorxX/Update-Checker/main/AdditionalStructures.json
[21:54:15] [Worker-ResourceReload-0/WARN]: Unable to load model: 'minecraft:unlit_torch_java' referenced from: anomaly_rephased:unlit_torch#blockstate=0: java.io.FileNotFoundException: minecraft:models/unlit_torch_java.json
[21:54:15] [Worker-ResourceReload-0/WARN]: Unable to load model: 'minecraft:unlit_torch_wall_java' referenced from: anomaly_rephased:unlit_torch_wall#blockstate=0,facing=north: java.io.FileNotFoundException: minecraft:models/unlit_torch_wall_java.json
[21:54:15] [Forge Version Check/INFO]: [additionalstructures] Found status: UP_TO_DATE Current: 4.0.4 Target: null
[21:54:15] [Forge Version Check/INFO]: [cameraoverhaul] Starting version check at https://github.com/Mirsario/Minecraft-CameraOverhaul/blob/dev/meta/ForgeUpdateCheck.json?raw=true
[21:54:15] [Forge Version Check/INFO]: [cameraoverhaul] Found status: UP_TO_DATE Current: 2.0.6-forge+mc.1.19.0-1.19.2 Target: null
[21:54:15] [Forge Version Check/INFO]: [corpse] Starting version check at https://update.maxhenkel.de/forge/corpse
[21:54:15] [Worker-ResourceReload-7/INFO]: Got request to register class com.sk89q.worldedit.forge.ForgePlatform with WorldEdit [com.sk89q.worldedit.extension.platform.PlatformManager@3cce87d4]
[21:54:15] [Worker-ResourceReload-7/INFO]: WorldEdit for Forge (version 7.2.12+6240-87f4ae1) is loaded
[21:54:15] [Forge Version Check/INFO]: [corpse] Found status: AHEAD Current: 1.19.2-1.0.17 Target: null
[21:54:15] [Forge Version Check/INFO]: [mr_sapling_tweaks] Starting version check at https://api.modrinth.com/updates/MeOnuhOt/forge_updates.json
[21:54:15] [Forge Version Check/INFO]: [mr_sapling_tweaks] Found status: OUTDATED Current: 1 Target: 1+mod
[21:54:15] [Forge Version Check/INFO]: [blur] Starting version check at https://api.modrinth.com/updates/rubidium-extra/forge_updates.json
[21:54:15] [Forge Version Check/INFO]: [blur] Found status: AHEAD Current: 3.1.1+mc1.19.2 Target: null
[21:54:15] [Forge Version Check/INFO]: [mcwfurnitures] Starting version check at https://raw.githubusercontent.com/sketchmacaw/macawsmods/master/furniture.json
[21:54:15] [Forge Version Check/INFO]: [mcwfurnitures] Found status: UP_TO_DATE Current: 3.4.1 Target: null
[21:54:15] [Forge Version Check/INFO]: [fastleafdecay] Starting version check at https://www.olafkeijsers.net/fastleafdecay-update.json
[21:54:16] [Forge Version Check/WARN]: Failed to process update information
javax.net.ssl.SSLHandshakeException: PKIX path validation failed: java.security.cert.CertPathValidatorException: validity check failed
	at jdk.internal.net.http.HttpClientImpl.send(Unknown Source) ~[java.net.http:?]
	at jdk.internal.net.http.HttpClientFacade.send(Unknown Source) ~[java.net.http:?]
	at net.minecraftforge.fml.VersionChecker$1.openUrlString(VersionChecker.java:139) ~[fmlcore-1.19.2-43.5.0.jar%23445!/:?]
	at net.minecraftforge.fml.VersionChecker$1.process(VersionChecker.java:177) ~[fmlcore-1.19.2-43.5.0.jar%23445!/:?]
	at java.lang.Iterable.forEach(Unknown Source) ~[?:?]
	at net.minecraftforge.fml.VersionChecker$1.run(VersionChecker.java:114) ~[fmlcore-1.19.2-43.5.0.jar%23445!/:?]
Caused by: javax.net.ssl.SSLHandshakeException: PKIX path validation failed: java.security.cert.CertPathValidatorException: validity check failed
	at sun.security.ssl.Alert.createSSLException(Unknown Source) ~[?:?]
	at sun.security.ssl.TransportContext.fatal(Unknown Source) ~[?:?]
	at sun.security.ssl.TransportContext.fatal(Unknown Source) ~[?:?]
	at sun.security.ssl.TransportContext.fatal(Unknown Source) ~[?:?]
	at sun.security.ssl.CertificateMessage$T13CertificateConsumer.checkServerCerts(Unknown Source) ~[?:?]
	at sun.security.ssl.CertificateMessage$T13CertificateConsumer.onConsumeCertificate(Unknown Source) ~[?:?]
	at sun.security.ssl.CertificateMessage$T13CertificateConsumer.consume(Unknown Source) ~[?:?]
	at sun.security.ssl.SSLHandshake.consume(Unknown Source) ~[?:?]
	at sun.security.ssl.HandshakeContext.dispatch(Unknown Source) ~[?:?]
	at sun.security.ssl.SSLEngineImpl$DelegatedTask$DelegatedAction.run(Unknown Source) ~[?:?]
	at sun.security.ssl.SSLEngineImpl$DelegatedTask$DelegatedAction.run(Unknown Source) ~[?:?]
	at java.security.AccessController.doPrivileged(Unknown Source) ~[?:?]
	at sun.security.ssl.SSLEngineImpl$DelegatedTask.run(Unknown Source) ~[?:?]
	at java.util.ArrayList.forEach(Unknown Source) ~[?:?]
	at jdk.internal.net.http.common.SSLFlowDelegate.lambda$executeTasks$3(Unknown Source) ~[java.net.http:?]
	at jdk.internal.net.http.HttpClientImpl$DelegatingExecutor.execute(Unknown Source) ~[java.net.http:?]
	at jdk.internal.net.http.common.SSLFlowDelegate.executeTasks(Unknown Source) ~[java.net.http:?]
	at jdk.internal.net.http.common.SSLFlowDelegate.doHandshake(Unknown Source) ~[java.net.http:?]
	at jdk.internal.net.http.common.SSLFlowDelegate$Reader.processData(Unknown Source) ~[java.net.http:?]
	at jdk.internal.net.http.common.SSLFlowDelegate$Reader$ReaderDownstreamPusher.run(Unknown Source) ~[java.net.http:?]
	at jdk.internal.net.http.common.SequentialScheduler$LockingRestartableTask.run(Unknown Source) ~[java.net.http:?]
	at jdk.internal.net.http.common.SequentialScheduler$CompleteRestartableTask.run(Unknown Source) ~[java.net.http:?]
	at jdk.internal.net.http.common.SequentialScheduler$SchedulableTask.run(Unknown Source) ~[java.net.http:?]
	at java.util.concurrent.ThreadPoolExecutor.runWorker(Unknown Source) ~[?:?]
	at java.util.concurrent.ThreadPoolExecutor$Worker.run(Unknown Source) ~[?:?]
	at java.lang.Thread.run(Unknown Source) ~[?:?]
Caused by: sun.security.validator.ValidatorException: PKIX path validation failed: java.security.cert.CertPathValidatorException: validity check failed
	at sun.security.validator.PKIXValidator.doValidate(Unknown Source) ~[?:?]
	at sun.security.validator.PKIXValidator.engineValidate(Unknown Source) ~[?:?]
	at sun.security.validator.Validator.validate(Unknown Source) ~[?:?]
	at sun.security.ssl.X509TrustManagerImpl.checkTrusted(Unknown Source) ~[?:?]
	at sun.security.ssl.X509TrustManagerImpl.checkServerTrusted(Unknown Source) ~[?:?]
	at sun.security.ssl.CertificateMessage$T13CertificateConsumer.checkServerCerts(Unknown Source) ~[?:?]
	at sun.security.ssl.CertificateMessage$T13CertificateConsumer.onConsumeCertificate(Unknown Source) ~[?:?]
	at sun.security.ssl.CertificateMessage$T13CertificateConsumer.consume(Unknown Source) ~[?:?]
	at sun.security.ssl.SSLHandshake.consume(Unknown Source) ~[?:?]
	at sun.security.ssl.HandshakeContext.dispatch(Unknown Source) ~[?:?]
	at sun.security.ssl.SSLEngineImpl$DelegatedTask$DelegatedAction.run(Unknown Source) ~[?:?]
	at sun.security.ssl.SSLEngineImpl$DelegatedTask$DelegatedAction.run(Unknown Source) ~[?:?]
	at java.security.AccessController.doPrivileged(Unknown Source) ~[?:?]
	at sun.security.ssl.SSLEngineImpl$DelegatedTask.run(Unknown Source) ~[?:?]
	at java.util.ArrayList.forEach(Unknown Source) ~[?:?]
	at jdk.internal.net.http.common.SSLFlowDelegate.lambda$executeTasks$3(Unknown Source) ~[java.net.http:?]
	at jdk.internal.net.http.HttpClientImpl$DelegatingExecutor.execute(Unknown Source) ~[java.net.http:?]
	at jdk.internal.net.http.common.SSLFlowDelegate.executeTasks(Unknown Source) ~[java.net.http:?]
	at jdk.internal.net.http.common.SSLFlowDelegate.doHandshake(Unknown Source) ~[java.net.http:?]
	at jdk.internal.net.http.common.SSLFlowDelegate$Reader.processData(Unknown Source) ~[java.net.http:?]
	at jdk.internal.net.http.common.SSLFlowDelegate$Reader$ReaderDownstreamPusher.run(Unknown Source) ~[java.net.http:?]
	at jdk.internal.net.http.common.SequentialScheduler$LockingRestartableTask.run(Unknown Source) ~[java.net.http:?]
	at jdk.internal.net.http.common.SequentialScheduler$CompleteRestartableTask.run(Unknown Source) ~[java.net.http:?]
	at jdk.internal.net.http.common.SequentialScheduler$SchedulableTask.run(Unknown Source) ~[java.net.http:?]
	at java.util.concurrent.ThreadPoolExecutor.runWorker(Unknown Source) ~[?:?]
	at java.util.concurrent.ThreadPoolExecutor$Worker.run(Unknown Source) ~[?:?]
	at java.lang.Thread.run(Unknown Source) ~[?:?]
Caused by: java.security.cert.CertPathValidatorException: validity check failed
	at sun.security.provider.certpath.PKIXMasterCertPathValidator.validate(Unknown Source) ~[?:?]
	at sun.security.provider.certpath.PKIXCertPathValidator.validate(Unknown Source) ~[?:?]
	at sun.security.provider.certpath.PKIXCertPathValidator.validate(Unknown Source) ~[?:?]
	at sun.security.provider.certpath.PKIXCertPathValidator.engineValidate(Unknown Source) ~[?:?]
	at java.security.cert.CertPathValidator.validate(Unknown Source) ~[?:?]
	at sun.security.validator.PKIXValidator.doValidate(Unknown Source) ~[?:?]
	at sun.security.validator.PKIXValidator.engineValidate(Unknown Source) ~[?:?]
	at sun.security.validator.Validator.validate(Unknown Source) ~[?:?]
	at sun.security.ssl.X509TrustManagerImpl.checkTrusted(Unknown Source) ~[?:?]
	at sun.security.ssl.X509TrustManagerImpl.checkServerTrusted(Unknown Source) ~[?:?]
	at sun.security.ssl.CertificateMessage$T13CertificateConsumer.checkServerCerts(Unknown Source) ~[?:?]
	at sun.security.ssl.CertificateMessage$T13CertificateConsumer.onConsumeCertificate(Unknown Source) ~[?:?]
	at sun.security.ssl.CertificateMessage$T13CertificateConsumer.consume(Unknown Source) ~[?:?]
	at sun.security.ssl.SSLHandshake.consume(Unknown Source) ~[?:?]
	at sun.security.ssl.HandshakeContext.dispatch(Unknown Source) ~[?:?]
	at sun.security.ssl.SSLEngineImpl$DelegatedTask$DelegatedAction.run(Unknown Source) ~[?:?]
	at sun.security.ssl.SSLEngineImpl$DelegatedTask$DelegatedAction.run(Unknown Source) ~[?:?]
	at java.security.AccessController.doPrivileged(Unknown Source) ~[?:?]
	at sun.security.ssl.SSLEngineImpl$DelegatedTask.run(Unknown Source) ~[?:?]
	at java.util.ArrayList.forEach(Unknown Source) ~[?:?]
	at jdk.internal.net.http.common.SSLFlowDelegate.lambda$executeTasks$3(Unknown Source) ~[java.net.http:?]
	at jdk.internal.net.http.HttpClientImpl$DelegatingExecutor.execute(Unknown Source) ~[java.net.http:?]
	at jdk.internal.net.http.common.SSLFlowDelegate.executeTasks(Unknown Source) ~[java.net.http:?]
	at jdk.internal.net.http.common.SSLFlowDelegate.doHandshake(Unknown Source) ~[java.net.http:?]
	at jdk.internal.net.http.common.SSLFlowDelegate$Reader.processData(Unknown Source) ~[java.net.http:?]
	at jdk.internal.net.http.common.SSLFlowDelegate$Reader$ReaderDownstreamPusher.run(Unknown Source) ~[java.net.http:?]
	at jdk.internal.net.http.common.SequentialScheduler$LockingRestartableTask.run(Unknown Source) ~[java.net.http:?]
	at jdk.internal.net.http.common.SequentialScheduler$CompleteRestartableTask.run(Unknown Source) ~[java.net.http:?]
	at jdk.internal.net.http.common.SequentialScheduler$SchedulableTask.run(Unknown Source) ~[java.net.http:?]
	at java.util.concurrent.ThreadPoolExecutor.runWorker(Unknown Source) ~[?:?]
	at java.util.concurrent.ThreadPoolExecutor$Worker.run(Unknown Source) ~[?:?]
	at java.lang.Thread.run(Unknown Source) ~[?:?]
Caused by: java.security.cert.CertificateExpiredException: NotAfter: Mon Dec 22 00:48:07 CET 2025
	at sun.security.x509.CertificateValidity.valid(Unknown Source) ~[?:?]
	at sun.security.x509.X509CertImpl.checkValidity(Unknown Source) ~[?:?]
	at sun.security.provider.certpath.BasicChecker.verifyValidity(Unknown Source) ~[?:?]
	at sun.security.provider.certpath.BasicChecker.check(Unknown Source) ~[?:?]
	at sun.security.provider.certpath.PKIXMasterCertPathValidator.validate(Unknown Source) ~[?:?]
	at sun.security.provider.certpath.PKIXCertPathValidator.validate(Unknown Source) ~[?:?]
	at sun.security.provider.certpath.PKIXCertPathValidator.validate(Unknown Source) ~[?:?]
	at sun.security.provider.certpath.PKIXCertPathValidator.engineValidate(Unknown Source) ~[?:?]
	at java.security.cert.CertPathValidator.validate(Unknown Source) ~[?:?]
	at sun.security.validator.PKIXValidator.doValidate(Unknown Source) ~[?:?]
	at sun.security.validator.PKIXValidator.engineValidate(Unknown Source) ~[?:?]
	at sun.security.validator.Validator.validate(Unknown Source) ~[?:?]
	at sun.security.ssl.X509TrustManagerImpl.checkTrusted(Unknown Source) ~[?:?]
	at sun.security.ssl.X509TrustManagerImpl.checkServerTrusted(Unknown Source) ~[?:?]
	at sun.security.ssl.CertificateMessage$T13CertificateConsumer.checkServerCerts(Unknown Source) ~[?:?]
	at sun.security.ssl.CertificateMessage$T13CertificateConsumer.onConsumeCertificate(Unknown Source) ~[?:?]
	at sun.security.ssl.CertificateMessage$T13CertificateConsumer.consume(Unknown Source) ~[?:?]
	at sun.security.ssl.SSLHandshake.consume(Unknown Source) ~[?:?]
	at sun.security.ssl.HandshakeContext.dispatch(Unknown Source) ~[?:?]
	at sun.security.ssl.SSLEngineImpl$DelegatedTask$DelegatedAction.run(Unknown Source) ~[?:?]
	at sun.security.ssl.SSLEngineImpl$DelegatedTask$DelegatedAction.run(Unknown Source) ~[?:?]
	at java.security.AccessController.doPrivileged(Unknown Source) ~[?:?]
	at sun.security.ssl.SSLEngineImpl$DelegatedTask.run(Unknown Source) ~[?:?]
	at java.util.ArrayList.forEach(Unknown Source) ~[?:?]
	at jdk.internal.net.http.common.SSLFlowDelegate.lambda$executeTasks$3(Unknown Source) ~[java.net.http:?]
	at jdk.internal.net.http.HttpClientImpl$DelegatingExecutor.execute(Unknown Source) ~[java.net.http:?]
	at jdk.internal.net.http.common.SSLFlowDelegate.executeTasks(Unknown Source) ~[java.net.http:?]
	at jdk.internal.net.http.common.SSLFlowDelegate.doHandshake(Unknown Source) ~[java.net.http:?]
	at jdk.internal.net.http.common.SSLFlowDelegate$Reader.processData(Unknown Source) ~[java.net.http:?]
	at jdk.internal.net.http.common.SSLFlowDelegate$Reader$ReaderDownstreamPusher.run(Unknown Source) ~[java.net.http:?]
	at jdk.internal.net.http.common.SequentialScheduler$LockingRestartableTask.run(Unknown Source) ~[java.net.http:?]
	at jdk.internal.net.http.common.SequentialScheduler$CompleteRestartableTask.run(Unknown Source) ~[java.net.http:?]
	at jdk.internal.net.http.common.SequentialScheduler$SchedulableTask.run(Unknown Source) ~[java.net.http:?]
	at java.util.concurrent.ThreadPoolExecutor.runWorker(Unknown Source) ~[?:?]
	at java.util.concurrent.ThreadPoolExecutor$Worker.run(Unknown Source) ~[?:?]
	at java.lang.Thread.run(Unknown Source) ~[?:?]
[21:54:16] [Forge Version Check/INFO]: [watermedia_youtube_plugin] Starting version check at https://forge.curseupdate.com/1395870/watermedia-yt-plugin
[21:54:16] [Forge Version Check/INFO]: [watermedia_youtube_plugin] Found status: BETA Current: 2.1.2 Target: null
[21:54:16] [Forge Version Check/INFO]: [watermedia] Starting version check at https://forge.curseupdate.com/869524/watermedia
[21:54:16] [Worker-ResourceReload-0/WARN]: Exception loading blockstate definition: 'spelunkery:blockstates/sulfur_geyser.json' missing model for variant: 'spelunkery:sulfur_geyser#'
[21:54:16] [Forge Version Check/INFO]: [watermedia] Found status: UP_TO_DATE Current: 2.1.37 Target: null
[21:54:16] [Forge Version Check/INFO]: [visualworkbench] Starting version check at https://raw.githubusercontent.com/Fuzss/modresources/main/update/visualworkbench.json
[21:54:16] [Forge Version Check/INFO]: [visualworkbench] Found status: UP_TO_DATE Current: 4.2.4 Target: null
[21:54:16] [Forge Version Check/INFO]: [clumps] Starting version check at https://updates.blamejared.com/get?n=clumps&gv=1.19.2
[21:54:16] [Worker-ResourceReload-0/WARN]: Unable to load model: 'spelunkery:sulfur_geyser#inventory' referenced from: spelunkery:sulfur_geyser#inventory: java.io.FileNotFoundException: spelunkery:models/item/sulfur_geyser.json
[21:54:16] [Forge Version Check/INFO]: [clumps] Found status: BETA Current: 9.0.0+14 Target: 9.0.0+14
[21:54:16] [Forge Version Check/INFO]: [configured] Starting version check at https://mrcrayfish.com/modupdatejson?id=configured
[21:54:17] [Forge Version Check/WARN]: Failed to process update information
com.google.gson.JsonSyntaxException: java.lang.IllegalStateException: Expected BEGIN_OBJECT but was STRING at line 1 column 1 path $
	at com.google.gson.Gson.fromJson(Gson.java:975) ~[gson-2.8.9.jar%23130!/:?]
	at com.google.gson.Gson.fromJson(Gson.java:928) ~[gson-2.8.9.jar%23130!/:?]
	at com.google.gson.Gson.fromJson(Gson.java:877) ~[gson-2.8.9.jar%23130!/:?]
	at com.google.gson.Gson.fromJson(Gson.java:848) ~[gson-2.8.9.jar%23130!/:?]
	at net.minecraftforge.fml.VersionChecker$1.process(VersionChecker.java:183) ~[fmlcore-1.19.2-43.5.0.jar%23445!/:?]
	at java.lang.Iterable.forEach(Unknown Source) ~[?:?]
	at net.minecraftforge.fml.VersionChecker$1.run(VersionChecker.java:114) ~[fmlcore-1.19.2-43.5.0.jar%23445!/:?]
Caused by: java.lang.IllegalStateException: Expected BEGIN_OBJECT but was STRING at line 1 column 1 path $
	at com.google.gson.stream.JsonReader.beginObject(JsonReader.java:384) ~[gson-2.8.9.jar%23130!/:?]
	at com.google.gson.internal.bind.MapTypeAdapterFactory$Adapter.read(MapTypeAdapterFactory.java:183) ~[gson-2.8.9.jar%23130!/:?]
	at com.google.gson.internal.bind.MapTypeAdapterFactory$Adapter.read(MapTypeAdapterFactory.java:145) ~[gson-2.8.9.jar%23130!/:?]
	at com.google.gson.Gson.fromJson(Gson.java:963) ~[gson-2.8.9.jar%23130!/:?]
	... 6 more
[21:54:17] [Forge Version Check/INFO]: [badmobs] Starting version check at https://updates.blamejared.com/get?n=badmobs&gv=1.19.2
[21:54:17] [Forge Version Check/INFO]: [badmobs] Found status: BETA Current: 16.1.3 Target: 16.1.3
[21:54:17] [Forge Version Check/INFO]: [crafttweaker] Starting version check at https://updates.blamejared.com/get?n=crafttweaker&gv=1.19.2
[21:54:17] [Forge Version Check/INFO]: [crafttweaker] Found status: BETA Current: 10.1.56 Target: 10.1.56
[21:54:17] [Forge Version Check/INFO]: [forge] Starting version check at https://files.minecraftforge.net/net/minecraftforge/forge/promotions_slim.json
[21:54:17] [Forge Version Check/INFO]: [forge] Found status: UP_TO_DATE Current: 43.5.0 Target: null
[21:54:17] [Forge Version Check/INFO]: [voicechat] Starting version check at https://update.maxhenkel.de/forge/voicechat
[21:54:17] [Forge Version Check/INFO]: [voicechat] Found status: OUTDATED Current: 1.19.2-2.6.16 Target: 1.19.2-2.6.17
[21:54:17] [Forge Version Check/INFO]: [sound_physics_remastered] Starting version check at https://update.maxhenkel.de/forge/sound_physics_remastered
[21:54:17] [Forge Version Check/INFO]: [sound_physics_remastered] Found status: AHEAD Current: 1.19.2-1.4.5 Target: null
[21:54:17] [Forge Version Check/INFO]: [moonlight] Starting version check at https://raw.githubusercontent.com/MehVahdJukaar/Moonlight/multi-loader/forge/update.json
[21:54:17] [Forge Version Check/INFO]: [moonlight] Found status: UP_TO_DATE Current: 1.19.2-2.3.7 Target: null
[21:54:17] [Forge Version Check/INFO]: [smoothboot] Starting version check at https://github.com/AbdElAziz333/SmoothBoot-Reloaded/raw/mc1.20.1/dev/updates.json
[21:54:17] [Forge Version Check/WARN]: Failed to process update information
com.google.gson.JsonSyntaxException: java.lang.IllegalStateException: Expected BEGIN_OBJECT but was STRING at line 9 column 1 path $
	at com.google.gson.Gson.fromJson(Gson.java:975) ~[gson-2.8.9.jar%23130!/:?]
	at com.google.gson.Gson.fromJson(Gson.java:928) ~[gson-2.8.9.jar%23130!/:?]
	at com.google.gson.Gson.fromJson(Gson.java:877) ~[gson-2.8.9.jar%23130!/:?]
	at com.google.gson.Gson.fromJson(Gson.java:848) ~[gson-2.8.9.jar%23130!/:?]
	at net.minecraftforge.fml.VersionChecker$1.process(VersionChecker.java:183) ~[fmlcore-1.19.2-43.5.0.jar%23445!/:?]
	at java.lang.Iterable.forEach(Unknown Source) ~[?:?]
	at net.minecraftforge.fml.VersionChecker$1.run(VersionChecker.java:114) ~[fmlcore-1.19.2-43.5.0.jar%23445!/:?]
Caused by: java.lang.IllegalStateException: Expected BEGIN_OBJECT but was STRING at line 9 column 1 path $
	at com.google.gson.stream.JsonReader.beginObject(JsonReader.java:384) ~[gson-2.8.9.jar%23130!/:?]
	at com.google.gson.internal.bind.MapTypeAdapterFactory$Adapter.read(MapTypeAdapterFactory.java:183) ~[gson-2.8.9.jar%23130!/:?]
	at com.google.gson.internal.bind.MapTypeAdapterFactory$Adapter.read(MapTypeAdapterFactory.java:145) ~[gson-2.8.9.jar%23130!/:?]
	at com.google.gson.Gson.fromJson(Gson.java:963) ~[gson-2.8.9.jar%23130!/:?]
	... 6 more
[21:54:17] [Forge Version Check/INFO]: [iceberg] Starting version check at https://mc-update-check.anthonyhilyard.com/520110
[21:54:17] [Forge Version Check/INFO]: [iceberg] Found status: BETA Current: 1.1.4 Target: null
[21:54:17] [Forge Version Check/INFO]: [legendarytooltips] Starting version check at https://mc-update-check.anthonyhilyard.com/532127
[21:54:17] [Render thread/INFO]: Loaded default options for keymappings
[21:54:17] [Forge Version Check/INFO]: [legendarytooltips] Found status: UP_TO_DATE Current: 1.4.0 Target: null
[21:54:17] [Forge Version Check/INFO]: [canary] Starting version check at https://github.com/AbdElAziz333/Canary/raw/mc1.19.2/dev/updates.json
[21:54:17] [Forge Version Check/WARN]: Failed to process update information
com.google.gson.JsonSyntaxException: java.lang.IllegalStateException: Expected BEGIN_OBJECT but was STRING at line 9 column 1 path $
	at com.google.gson.Gson.fromJson(Gson.java:975) ~[gson-2.8.9.jar%23130!/:?]
	at com.google.gson.Gson.fromJson(Gson.java:928) ~[gson-2.8.9.jar%23130!/:?]
	at com.google.gson.Gson.fromJson(Gson.java:877) ~[gson-2.8.9.jar%23130!/:?]
	at com.google.gson.Gson.fromJson(Gson.java:848) ~[gson-2.8.9.jar%23130!/:?]
	at net.minecraftforge.fml.VersionChecker$1.process(VersionChecker.java:183) ~[fmlcore-1.19.2-43.5.0.jar%23445!/:?]
	at java.lang.Iterable.forEach(Unknown Source) ~[?:?]
	at net.minecraftforge.fml.VersionChecker$1.run(VersionChecker.java:114) ~[fmlcore-1.19.2-43.5.0.jar%23445!/:?]
Caused by: java.lang.IllegalStateException: Expected BEGIN_OBJECT but was STRING at line 9 column 1 path $
	at com.google.gson.stream.JsonReader.beginObject(JsonReader.java:384) ~[gson-2.8.9.jar%23130!/:?]
	at com.google.gson.internal.bind.MapTypeAdapterFactory$Adapter.read(MapTypeAdapterFactory.java:183) ~[gson-2.8.9.jar%23130!/:?]
	at com.google.gson.internal.bind.MapTypeAdapterFactory$Adapter.read(MapTypeAdapterFactory.java:145) ~[gson-2.8.9.jar%23130!/:?]
	at com.google.gson.Gson.fromJson(Gson.java:963) ~[gson-2.8.9.jar%23130!/:?]
	... 6 more
[21:54:17] [Forge Version Check/INFO]: [puzzleslib] Starting version check at https://raw.githubusercontent.com/Fuzss/modresources/main/update/puzzleslib.json
[21:54:17] [Forge Version Check/INFO]: [puzzleslib] Found status: UP_TO_DATE Current: 4.4.3 Target: null
[21:54:17] [Forge Version Check/INFO]: [presencefootsteps] Starting version check at https://forge.curseupdate.com/433068/presencefootsteps
[21:54:17] [Forge Version Check/INFO]: [presencefootsteps] Found status: UP_TO_DATE Current: 1.19.2-1.6.4.1 Target: null
[21:54:18] [Render thread/INFO]: Creating pipeline for dimension NamespacedId{namespace='minecraft', name='overworld'}
[21:54:18] [Render thread/INFO]: Starting custom uniform resolving
[21:54:19] [Render thread/WARN]: [Patcher] gl_FragColor is not supported yet, please use gl_FragData! Assuming that the shaderpack author intended to use gl_FragData[0]...
[21:54:21] [Render thread/INFO]: Finished mod setup in: [0, 0, 12, 6] ms
[21:54:21] [Render thread/INFO]: Registered synced data key tacz:shoot_cool_down for minecraft:living_entity
[21:54:21] [Render thread/INFO]: Registered synced data key tacz:melee_cool_down for minecraft:living_entity
[21:54:21] [Render thread/INFO]: Registered synced data key tacz:reload_state for minecraft:living_entity
[21:54:21] [Render thread/INFO]: Registered synced data key tacz:aiming_progress for minecraft:living_entity
[21:54:21] [Render thread/INFO]: Registered synced data key tacz:draw_cool_down for minecraft:living_entity
[21:54:21] [Render thread/INFO]: Registered synced data key tacz:is_aiming for minecraft:living_entity
[21:54:21] [Render thread/INFO]: Registered synced data key tacz:sprint_time for minecraft:living_entity
[21:54:21] [Render thread/INFO]: Registered synced data key tacz:is_bolting for minecraft:living_entity
[21:54:21] [Render thread/INFO]: Initialized color sets in 20ms
[21:54:21] [Render thread/INFO]: Initialized color sets in 15ms
[21:54:21] [Worker-ResourceReload-7/INFO]: Loading Xaero's World Map - Stage 1/2
[21:54:21] [Worker-ResourceReload-5/INFO]: Initializing from client context
[21:54:21] [Worker-ResourceReload-5/INFO]: Register client configuration screen
[21:54:21] [Worker-ResourceReload-5/INFO]: Enqueue initialization work to main thread
[21:54:21] [Worker-ResourceReload-3/INFO]: Loading XaeroLib client 1/2!
[21:54:21] [Worker-ResourceReload-10/INFO]: Reloading reverb parameters
[21:54:21] [Worker-ResourceReload-8/INFO]: Running WATERFrAMES v2.1.12
[21:54:21] [Worker-ResourceReload-8/ERROR]: Founded directories but custom loading gif is missing
[21:54:21] [Worker-ResourceReload-8/INFO]: Loading Xaero's Minimap - Stage 1/2
[21:54:21] [Worker-ResourceReload-2/INFO]: [KONKRETE] Client-side libs ready to use!
[21:54:21] [Worker-ResourceReload-10/WARN]: Sound event parcool:action.hang_down.jump not found
[21:54:21] [Worker-ResourceReload-10/WARN]: Sound event parcool:parcool.disable not found
[21:54:21] [Worker-ResourceReload-10/WARN]: Sound event parcool:parcool.enable not found
[21:54:21] [Worker-ResourceReload-10/INFO]: Using Cloth Config GUI
[21:54:21] [Worker-ResourceReload-6/INFO]: [voicechat] Using Cloth Config GUI
[21:54:21] [Worker-ResourceReload-3/WARN]: io exception while checking patreon: Online mod data expired! Date: Sat May 23 10:44:16 CEST 2026
[21:54:21] [Worker-ResourceReload-6/INFO]: [voicechat] Initializing Opus
[21:54:21] [Worker-ResourceReload-6/INFO]: [voicechat] Successfully initialized Opus
[21:54:21] [Worker-ResourceReload-6/INFO]: [voicechat] Initializing RNNoise
[21:54:21] [Worker-ResourceReload-6/INFO]: [voicechat] Successfully initialized RNNoise
[21:54:21] [Worker-ResourceReload-6/INFO]: [voicechat] Initializing Speex
[21:54:21] [Worker-ResourceReload-6/INFO]: [voicechat] Successfully initialized Speex
[21:54:21] [Worker-ResourceReload-6/INFO]: [voicechat] Initializing LAME
[21:54:21] [Worker-ResourceReload-6/INFO]: [voicechat] Successfully initialized LAME
[21:54:21] [Render thread/INFO]: Overwriting Minecraft WindowEventListener
[21:54:21] [Render thread/INFO]: Overwrite finished
[21:54:21] [Render thread/INFO]: Determining desktop environment
[21:54:21] [Render thread/INFO]: Found desktop environment WINDOWS
[21:54:21] [Render thread/INFO]: Refreshing fullscreen mode from config to de.nekeras.borderless.client.fullscreen.BorderlessFullscreenDisplay@14c00c9a
[21:54:21] [Render thread/INFO]: Detected fullscreen mode change from null to de.nekeras.borderless.client.fullscreen.BorderlessFullscreenDisplay@14c00c9a
[21:54:21] [Render thread/INFO]: Refreshing de.nekeras.borderless.client.fullscreen.BorderlessFullscreenDisplay@14c00c9a
[21:54:21] [Render thread/INFO]: Resetting window attributes
[21:54:21] [Render thread/INFO]: Enable window attribute DECORATED
[21:54:21] [Render thread/INFO]: Enable window attribute AUTO_ICONIFY
[21:54:21] [Render thread/INFO]: Done resetting window attributes
[21:54:21] [Render thread/INFO]: Apply on monitor Generic PnP Monitor at (0|0) size (2560 x 1440)
[21:54:21] [Render thread/INFO]: Disable window attribute DECORATED
[21:54:21] [Render thread/INFO]: Checking window input mode
[21:54:21] [Render thread/INFO]: Detected normal cursor mode
[21:54:21] [Render thread/INFO]: Done checking window input mode
[21:54:21] [Render thread/INFO]: Cursor is at 1604x1427 (inside window: true)
[21:54:21] [Render thread/INFO]: Done checking cursor position
[21:54:21] [Render thread/INFO]: Loading Xaero's World Map - Stage 2/2
[21:54:21] [Render thread/INFO]: New world map region cache hash code: 554029715
[21:54:21] [Render thread/ERROR]: io exception while checking versions: Online mod data expired! Date: Sat May 23 10:44:16 CEST 2026
[21:54:21] [Render thread/INFO]: Registered player tracker system: map_synced
[21:54:21] [Render thread/INFO]: Xaero's WorldMap Mod: Xaero's minimap found!
[21:54:21] [Render thread/INFO]: Registered player tracker system: minimap_synced
[21:54:21] [Render thread/INFO]: No Optifine!
[21:54:21] [Render thread/INFO]: Xaero's World Map: No Vivecraft!
[21:54:21] [Render thread/INFO]: Xaero's World Map: Iris found!
[21:54:21] [Render thread/INFO]: Loading XaeroLib common 2/2!
[21:54:21] [Render thread/INFO]: Loading XaeroLib client 2/2!
[21:54:21] [Render thread/INFO]: Loading Xaero's Minimap - Stage 2/2
[21:54:22] [Render thread/WARN]: io exception while checking versions: Online mod data expired! Date: Sat May 23 10:44:16 CEST 2026
[21:54:22] [Render thread/INFO]: Registered player tracker system: minimap_synced
[21:54:22] [Render thread/INFO]: Xaero's Minimap: World Map found!
[21:54:22] [Render thread/INFO]: No Optifine!
[21:54:22] [Render thread/INFO]: Xaero's Minimap: No Vivecraft!
[21:54:22] [Render thread/INFO]: Xaero's Minimap: Iris found!
[21:54:24] [Worker-ResourceReload-6/ERROR]: Using missing texture, unable to load signal_flares:item/flaregun
[21:54:25] [Worker-ResourceReload-10/ERROR]: Using missing texture, unable to load signal_flares:item/range_finder
[21:54:25] [Worker-ResourceReload-3/ERROR]: Using missing texture, unable to load signal_flares:item/g
[21:54:25] [Worker-ResourceReload-5/ERROR]: Using missing texture, unable to load minecraft:block/extra/bamboo_leaves_extra2
[21:54:25] [Worker-ResourceReload-11/ERROR]: Using missing texture, unable to load minecraft:block/extra/bamboo_leaves_extra1
[21:54:25] [Worker-ResourceReload-2/INFO]: Registering plugin for Shoulder Surfing Reloaded (shouldersurfing)
[21:54:25] [Worker-ResourceReload-4/ERROR]: Catching
java.lang.reflect.InvocationTargetException: null
	at jdk.internal.reflect.NativeMethodAccessorImpl.invoke0(Native Method) ~[?:?]
	at jdk.internal.reflect.NativeMethodAccessorImpl.invoke(Unknown Source) ~[?:?]
	at jdk.internal.reflect.DelegatingMethodAccessorImpl.invoke(Unknown Source) ~[?:?]
	at java.lang.reflect.Method.invoke(Unknown Source) ~[?:?]
	at net.darkhax.badmobs.tempshelf.ConfigManager.open(ConfigManager.java:55) ~[BadMobs-1.19.2-16.1.3.jar%23310!/:16.1.3]
	at net.darkhax.badmobs.config.Configuration.<init>(Configuration.java:31) ~[BadMobs-1.19.2-16.1.3.jar%23310!/:16.1.3]
	at net.darkhax.badmobs.BadMobs.setup(BadMobs.java:30) ~[BadMobs-1.19.2-16.1.3.jar%23310!/:16.1.3]
	at net.minecraftforge.eventbus.EventBus.doCastFilter(EventBus.java:260) ~[eventbus-6.0.3.jar%2386!/:?]
	at net.minecraftforge.eventbus.EventBus.lambda$addListener$11(EventBus.java:252) ~[eventbus-6.0.3.jar%2386!/:?]
	at net.minecraftforge.eventbus.EventBus.post(EventBus.java:315) ~[eventbus-6.0.3.jar%2386!/:?]
	at net.minecraftforge.eventbus.EventBus.post(EventBus.java:296) ~[eventbus-6.0.3.jar%2386!/:?]
	at net.minecraftforge.fml.javafmlmod.FMLModContainer.acceptEvent(FMLModContainer.java:121) ~[javafmllanguage-1.19.2-43.5.0.jar%23446!/:?]
	at net.minecraftforge.fml.ModContainer.lambda$buildTransitionHandler$5(ModContainer.java:125) ~[fmlcore-1.19.2-43.5.0.jar%23445!/:?]
	at java.util.concurrent.CompletableFuture$AsyncRun.run(Unknown Source) ~[?:?]
	at java.util.concurrent.CompletableFuture$AsyncRun.exec(Unknown Source) ~[?:?]
	at java.util.concurrent.ForkJoinTask.doExec(Unknown Source) ~[?:?]
	at java.util.concurrent.ForkJoinPool$WorkQueue.topLevelExec(Unknown Source) ~[?:?]
	at java.util.concurrent.ForkJoinPool.scan(Unknown Source) ~[?:?]
	at java.util.concurrent.ForkJoinPool.runWorker(Unknown Source) ~[?:?]
	at java.util.concurrent.ForkJoinWorkerThread.run(Unknown Source) ~[?:?]
Caused by: net.minecraftforge.fml.config.ConfigFileTypeHandler$ConfigLoadingException: Failed loading config file badmobs-common.toml of type COMMON for modid badmobs
	at net.minecraftforge.fml.config.ConfigFileTypeHandler.lambda$reader$1(ConfigFileTypeHandler.java:47) ~[fmlcore-1.19.2-43.5.0.jar%23445!/:?]
	at net.minecraftforge.fml.config.ConfigTracker.openConfig(ConfigTracker.java:60) ~[fmlcore-1.19.2-43.5.0.jar%23445!/:?]
	... 20 more
Caused by: com.electronwill.nightconfig.core.io.ParsingException: Invalid bare key: ?
	at com.electronwill.nightconfig.toml.TableParser.parseKey(TableParser.java:175) ~[toml-3.6.4.jar%2392!/:?]
	at com.electronwill.nightconfig.toml.TableParser.parseDottedKey(TableParser.java:145) ~[toml-3.6.4.jar%2392!/:?]
	at com.electronwill.nightconfig.toml.TableParser.parseNormal(TableParser.java:55) ~[toml-3.6.4.jar%2392!/:?]
	at com.electronwill.nightconfig.toml.TomlParser.parse(TomlParser.java:44) ~[toml-3.6.4.jar%2392!/:?]
	at com.electronwill.nightconfig.toml.TomlParser.parse(TomlParser.java:37) ~[toml-3.6.4.jar%2392!/:?]
	at com.electronwill.nightconfig.core.io.ConfigParser.parse(ConfigParser.java:113) ~[core-3.6.4.jar%2391!/:?]
	at com.electronwill.nightconfig.core.io.ConfigParser.parse(ConfigParser.java:219) ~[core-3.6.4.jar%2391!/:?]
	at com.electronwill.nightconfig.core.io.ConfigParser.parse(ConfigParser.java:202) ~[core-3.6.4.jar%2391!/:?]
	at com.electronwill.nightconfig.core.file.WriteSyncFileConfig.load(WriteSyncFileConfig.java:73) ~[core-3.6.4.jar%2391!/:?]
	at com.electronwill.nightconfig.core.file.AutosaveCommentedFileConfig.load(AutosaveCommentedFileConfig.java:85) ~[core-3.6.4.jar%2391!/:?]
	at net.minecraftforge.fml.config.ConfigFileTypeHandler.lambda$reader$1(ConfigFileTypeHandler.java:43) ~[fmlcore-1.19.2-43.5.0.jar%23445!/:?]
	at net.minecraftforge.fml.config.ConfigTracker.openConfig(ConfigTracker.java:60) ~[fmlcore-1.19.2-43.5.0.jar%23445!/:?]
	... 20 more
[21:54:25] [Worker-ResourceReload-2/INFO]: Registering plugin for ParCool! (parcool)
[21:54:25] [Worker-ResourceReload-2/INFO]: Freezing plugin registrar
[21:54:25] [Render thread/INFO]: Successfully loaded config provider: com.mrcrayfish.configured.impl.forge.ForgeConfigProvider
[21:54:25] [Render thread/INFO]: Successfully loaded config provider: com.mrcrayfish.configured.impl.simple.SimpleConfigProvider
[21:54:25] [Render thread/INFO]: Successfully loaded config provider: com.anthonyhilyard.iceberg.compat.configured.IcebergConfigProvider
[21:54:25] [Render thread/INFO]: Creating config GUI factories...
[21:54:25] [Render thread/INFO]: Registering config factory for mod weaponmaster_ydm. Found 1 config(s)
[21:54:25] [Render thread/INFO]: Registering config factory for mod betterdungeons. Found 1 config(s)
[21:54:25] [Render thread/INFO]: Registering config factory for mod signal_flares. Found 1 config(s)
[21:54:25] [Render thread/INFO]: Registering config factory for mod sophisticatedcore. Found 2 config(s)
[21:54:25] [Render thread/INFO]: Registering config factory for mod bloodbits. Found 1 config(s)
[21:54:25] [Render thread/INFO]: Registering config factory for mod sophisticatedbackpacks. Found 2 config(s)
[21:54:25] [Render thread/INFO]: Registering config factory for mod guardvillagers. Found 2 config(s)
[21:54:25] [Render thread/INFO]: Registering config factory for mod cave_dweller. Found 1 config(s)
[21:54:25] [Render thread/INFO]: Registering config factory for mod additionalstructures. Found 2 config(s)
[21:54:25] [Render thread/INFO]: Registering config factory for mod carryon. Found 2 config(s)
[21:54:25] [Render thread/INFO]: Registering config factory for mod spelunkery. Found 2 config(s)
[21:54:25] [Render thread/INFO]: Registering config factory for mod corpse. Found 1 config(s)
[21:54:25] [Render thread/INFO]: Registering config factory for mod farmersdelight. Found 2 config(s)
[21:54:25] [Render thread/INFO]: Registering config factory for mod blur. Found 1 config(s)
[21:54:25] [Render thread/INFO]: Registering config factory for mod man. Found 1 config(s)
[21:54:25] [Render thread/INFO]: Registering config factory for mod editmobdrops. Found 1 config(s)
[21:54:25] [Render thread/INFO]: Registering config factory for mod thirst. Found 5 config(s)
[21:54:25] [Render thread/INFO]: Registering config factory for mod increasemobcap. Found 1 config(s)
[21:54:25] [Render thread/INFO]: Registering config factory for mod anomaly_rephased. Found 2 config(s)
[21:54:25] [Render thread/INFO]: Registering config factory for mod fastleafdecay. Found 1 config(s)
[21:54:25] [Render thread/INFO]: Registering config factory for mod bettermineshafts. Found 1 config(s)
[21:54:25] [Render thread/INFO]: Registering config factory for mod waterframes. Found 2 config(s)
[21:54:25] [Render thread/INFO]: Registering config factory for mod combattoggle. Found 1 config(s)
[21:54:25] [Render thread/INFO]: Registering config factory for mod inventorysorter. Found 2 config(s)
[21:54:25] [Render thread/INFO]: Registering config factory for mod no_f3. Found 1 config(s)
[21:54:25] [Render thread/INFO]: Registering config factory for mod rmh. Found 1 config(s)
[21:54:25] [Render thread/INFO]: Registering config factory for mod assimilator. Found 1 config(s)
[21:54:25] [Render thread/INFO]: Registering config factory for mod jei. Found 1 config(s)
[21:54:25] [Render thread/INFO]: Registering config factory for mod visualworkbench. Found 1 config(s)
[21:54:25] [Render thread/INFO]: Registering config factory for mod immersive_weathering. Found 2 config(s)
[21:54:25] [Render thread/INFO]: Registering config factory for mod sereneseasons. Found 3 config(s)
[21:54:25] [Render thread/INFO]: Registering config factory for mod configured. Found 2 config(s)
[21:54:25] [Render thread/INFO]: Registering config factory for mod badmobs. Found 1 config(s)
[21:54:25] [Render thread/INFO]: Registering config factory for mod bloodybits. Found 2 config(s)
[21:54:25] [Render thread/INFO]: Registering config factory for mod whos_there. Found 1 config(s)
[21:54:25] [Render thread/INFO]: Registering config factory for mod forge. Found 3 config(s)
[21:54:25] [Render thread/INFO]: Registering config factory for mod okzoomer. Found 2 config(s)
[21:54:25] [Render thread/INFO]: Registering config factory for mod shouldersurfing. Found 1 config(s)
[21:54:25] [Render thread/INFO]: Registering config factory for mod rocks. Found 1 config(s)
[21:54:25] [Render thread/INFO]: Registering config factory for mod voidfog. Found 1 config(s)
[21:54:25] [Render thread/INFO]: Registering config factory for mod legendarytooltips. Found 1 config(s)
[21:54:25] [Render thread/INFO]: Registering config factory for mod parcool. Found 2 config(s)
[21:54:25] [Render thread/INFO]: Registering config factory for mod effective_fg. Found 1 config(s)
[21:54:25] [Render thread/INFO]: Registering config factory for mod appleskin. Found 1 config(s)
[21:54:25] [Render thread/INFO]: Registering config factory for mod the_masked. Found 1 config(s)
[21:54:25] [Render thread/INFO]: Registering config factory for mod the_knocker. Found 1 config(s)
[21:54:25] [Render thread/INFO]: Registering config factory for mod defaultoptions. Found 1 config(s)
[21:54:25] [Render thread/INFO]: Loaded default options for keymappings
[21:54:25] [Render thread/INFO]: Destroying pipeline NamespacedId{namespace='minecraft', name='overworld'}
[21:54:25] [Render thread/WARN]: Tried to get boolean value for unknown option: LIGHT_SHAFT && MULTICOLORED_BLOCKLIGHT, defaulting to true!
[21:54:25] [Render thread/WARN]: Tried to get boolean value for unknown option: FXAA && !RETRO_FILTER, defaulting to true!
[21:54:25] [Render thread/WARN]: Tried to get boolean value for unknown option: TAA && !RETRO_FILTER, defaulting to true!
[21:54:25] [Render thread/WARN]: Tried to get boolean value for unknown option: FXAA && !RETRO_FILTER, defaulting to true!
[21:54:25] [Render thread/WARN]: Tried to get boolean value for unknown option: SHADOW && MULTICOLORED_BLOCKLIGHT, defaulting to true!
[21:54:25] [Render thread/WARN]: Tried to get boolean value for unknown option: TAA && !RETRO_FILTER, defaulting to true!
[21:54:25] [Render thread/WARN]: Tried to get boolean value for unknown option: TAA && !RETRO_FILTER, defaulting to true!
[21:54:25] [Render thread/WARN]: Tried to get boolean value for unknown option: FXAA && !RETRO_FILTER, defaulting to true!
[21:54:25] [Render thread/INFO]: Profile: Custom (+61 options changed by user)
[21:54:26] [Render thread/INFO]: null:28:4: warning: Decimal constant starts with 0, but not octal: 08
[21:54:26] [Render thread/INFO]: null:29:4: warning: Decimal constant starts with 0, but not octal: 09
[21:54:26] [Render thread/INFO]: null:64:4: warning: Decimal constant starts with 0, but not octal: 08
[21:54:26] [Render thread/INFO]: null:65:4: warning: Decimal constant starts with 0, but not octal: 09
[21:54:26] [Render thread/INFO]: Using shaderpack: DREAD REBORN SHADERS - 3 - High.zip
[21:54:26] [Render thread/WARN]: Missing sound for event: minecraft:item.goat_horn.play
[21:54:26] [Render thread/WARN]: Missing sound for event: minecraft:entity.goat.screaming.horn_break
[21:54:26] [Render thread/WARN]: Missing sound for event: bloodybits:blood_spatter
[21:54:26] [Render thread/INFO]: OpenAL initialized on device OpenAL Soft on Cuffie (Realtek USB2.0 Audio)
[21:54:26] [Render thread/INFO]: Initializing Sound Physics
[21:54:26] [Render thread/INFO]: EFX Extension recognized
[21:54:26] [Render thread/INFO]: Max auxiliary sends: 4
[21:54:26] [Render thread/INFO]: Aux slot 1 created
[21:54:26] [Render thread/INFO]: Aux slot 2 created
[21:54:26] [Render thread/INFO]: Aux slot 3 created
[21:54:26] [Render thread/INFO]: Aux slot 4 created
[21:54:26] [Render thread/INFO]: EFX ready
[21:54:26] [Render thread/INFO]: Sound engine started
[21:54:26] [Render thread/INFO]: [FANCYMENU] Reloading AudioResourceHandler after Minecraft SoundEngine reload..
[21:54:26] [Render thread/INFO]: Created: 8192x4096x0 minecraft:textures/atlas/blocks.png-atlas
[21:54:26] [Render thread/INFO]: Created: 256x256x0 minecraft:textures/atlas/signs.png-atlas
[21:54:26] [Render thread/INFO]: Created: 1024x1024x0 minecraft:textures/atlas/banner_patterns.png-atlas
[21:54:26] [Render thread/INFO]: Created: 1024x1024x0 minecraft:textures/atlas/shield_patterns.png-atlas
[21:54:26] [Render thread/INFO]: Created: 512x512x0 minecraft:textures/atlas/chest.png-atlas
[21:54:26] [Render thread/INFO]: Created: 1024x512x0 minecraft:textures/atlas/beds.png-atlas
[21:54:26] [Render thread/INFO]: Created: 1024x512x0 minecraft:textures/atlas/shulker_boxes.png-atlas
[21:54:28] [Render thread/INFO]: emissive suffixes loaded: {_e}.
[21:54:29] [Render thread/WARN]: Shader rendertype_entity_translucent_emissive could not find sampler named Sampler2 in the specified shader program.
[21:54:29] [Render thread/INFO]: Created: 512x512x0 minecraft:textures/atlas/particles.png-atlas
[21:54:29] [Render thread/INFO]: Created: 512x512x0 minecraft:textures/atlas/paintings.png-atlas
[21:54:29] [Render thread/INFO]: Created: 1024x1024x0 minecraft:textures/atlas/mob_effects.png-atlas
[21:54:29] [Render thread/INFO]: Created: 256x128x0 jei:textures/atlas/gui.png-atlas
[21:54:29] [Render thread/INFO]: Successfully reloaded the XaeroLib shaders!
[21:54:30] [Render thread/WARN]: Molang is not supported: "vector"
[21:54:30] [Render thread/WARN]: Molang is not supported: "vector"
[21:54:30] [Render thread/WARN]: Molang is not supported: "vector"
[21:54:30] [Render thread/WARN]: Molang is not supported: "vector"
[21:54:30] [Render thread/WARN]: Molang is not supported: "vector"
[21:54:30] [Render thread/WARN]: Molang is not supported: "vector"
[21:54:30] [Render thread/WARN]: Molang is not supported: "vector"
[21:54:30] [Render thread/WARN]: Molang is not supported: "vector"
[21:54:30] [Render thread/WARN]: Molang is not supported: "vector"
[21:54:30] [Render thread/WARN]: Molang is not supported: "vector"
[21:54:30] [Render thread/WARN]: Molang is not supported: "vector"
[21:54:30] [Render thread/WARN]: Molang is not supported: "vector"
[21:54:30] [Render thread/WARN]: Molang is not supported: "vector"
[21:54:30] [Render thread/WARN]: Molang is not supported: "vector"
[21:54:30] [Render thread/WARN]: Molang is not supported: "vector"
[21:54:30] [Render thread/WARN]: Molang is not supported: "vector"
[21:54:30] [Render thread/WARN]: Molang is not supported: "vector"
[21:54:30] [Render thread/WARN]: Molang is not supported: "vector"
[21:54:30] [Render thread/WARN]: Molang is not supported: "vector"
[21:54:30] [Render thread/WARN]: Molang is not supported: "vector"
[21:54:30] [Render thread/WARN]: Molang is not supported: "vector"
[21:54:30] [Render thread/WARN]: Molang is not supported: "vector"
[21:54:30] [Render thread/WARN]: Molang is not supported: "vector"
[21:54:30] [Render thread/WARN]: Molang is not supported: "vector"
[21:54:30] [Render thread/WARN]: Molang is not supported: "vector"
[21:54:30] [Render thread/WARN]: Molang is not supported: "vector"
[21:54:30] [Render thread/WARN]: Molang is not supported: "vector"
[21:54:30] [Render thread/WARN]: Molang is not supported: "vector"
[21:54:30] [Render thread/WARN]: Molang is not supported: "vector"
[21:54:30] [Render thread/WARN]: Molang is not supported: "vector"
[21:54:30] [Render thread/WARN]: Molang is not supported: "vector"
[21:54:30] [Render thread/WARN]: Molang is not supported: "vector"
[21:54:30] [Render thread/WARN]: Molang is not supported: "vector"
[21:54:30] [Render thread/WARN]: Molang is not supported: "vector"
[21:54:30] [Render thread/WARN]: Molang is not supported: "vector"
[21:54:30] [Render thread/WARN]: Molang is not supported: "vector"
[21:54:30] [Render thread/WARN]: Molang is not supported: "vector"
[21:54:30] [Render thread/WARN]: Molang is not supported: "vector"
[21:54:30] [Render thread/WARN]: Molang is not supported: "vector"
[21:54:30] [Render thread/WARN]: Molang is not supported: "vector"
[21:54:30] [Render thread/WARN]: Molang is not supported: "vector"
[21:54:30] [Render thread/WARN]: Molang is not supported: "vector"
[21:54:30] [Render thread/WARN]: Molang is not supported: "vector"
[21:54:30] [Render thread/WARN]: Molang is not supported: "vector"
[21:54:30] [Render thread/WARN]: Molang is not supported: "vector"
[21:54:30] [Render thread/WARN]: Molang is not supported: "vector"
[21:54:30] [Render thread/WARN]: Molang is not supported: "vector"
[21:54:30] [Render thread/WARN]: Molang is not supported: "vector"
[21:54:30] [Render thread/WARN]: Molang is not supported: "vector"
[21:54:30] [Render thread/WARN]: Molang is not supported: "vector"
[21:54:30] [Render thread/WARN]: Molang is not supported: "vector"
[21:54:30] [Render thread/WARN]: Molang is not supported: "vector"
[21:54:30] [Render thread/WARN]: Molang is not supported: "vector"
[21:54:30] [Render thread/WARN]: Molang is not supported: "vector"
[21:54:30] [Render thread/WARN]: Molang is not supported: "vector"
[21:54:30] [Render thread/WARN]: Molang is not supported: "vector"
[21:54:30] [Render thread/WARN]: Molang is not supported: "vector"
[21:54:30] [Render thread/WARN]: Molang is not supported: "vector"
[21:54:30] [Render thread/WARN]: Molang is not supported: "vector"
[21:54:30] [Render thread/WARN]: Molang is not supported: "vector"
[21:54:30] [Render thread/WARN]: Molang is not supported: "vector"
[21:54:30] [Render thread/WARN]: Molang is not supported: "vector"
[21:54:30] [Render thread/WARN]: Molang is not supported: "vector"
[21:54:30] [Render thread/WARN]: Molang is not supported: "vector"
[21:54:30] [Render thread/WARN]: Molang is not supported: "vector"
[21:54:30] [Render thread/WARN]: Molang is not supported: "vector"
[21:54:30] [Render thread/WARN]: Molang is not supported: "vector"
[21:54:30] [Render thread/WARN]: Molang is not supported: "vector"
[21:54:30] [Render thread/WARN]: Molang is not supported: "vector"
[21:54:30] [Render thread/WARN]: Molang is not supported: "vector"
[21:54:30] [Render thread/WARN]: Molang is not supported: "vector"
[21:54:30] [Render thread/WARN]: Molang is not supported: "vector"
[21:54:30] [Render thread/WARN]: Molang is not supported: "vector"
[21:54:30] [Render thread/WARN]: Molang is not supported: "vector"
[21:54:30] [Render thread/WARN]: Molang is not supported: "vector"
[21:54:30] [Render thread/WARN]: Molang is not supported: "vector"
[21:54:30] [Render thread/WARN]: Molang is not supported: "vector"
[21:54:30] [Render thread/WARN]: Molang is not supported: "vector"
[21:54:30] [Render thread/WARN]: Molang is not supported: "vector"
[21:54:30] [Render thread/WARN]: Molang is not supported: "vector"
[21:54:30] [Render thread/WARN]: Molang is not supported: "vector"
[21:54:30] [Render thread/WARN]: Molang is not supported: "vector"
[21:54:30] [Render thread/WARN]: Molang is not supported: "vector"
[21:54:30] [Render thread/WARN]: Molang is not supported: "vector"
[21:54:30] [Render thread/WARN]: Molang is not supported: "vector"
[21:54:30] [Render thread/WARN]: Molang is not supported: "vector"
[21:54:30] [Render thread/WARN]: Molang is not supported: "vector"
[21:54:30] [Render thread/WARN]: Molang is not supported: "vector"
[21:54:30] [Render thread/WARN]: Molang is not supported: "vector"
[21:54:30] [Render thread/WARN]: Molang is not supported: "vector"
[21:54:30] [Render thread/WARN]: Molang is not supported: "vector"
[21:54:30] [Render thread/WARN]: Molang is not supported: "vector"
[21:54:30] [Render thread/WARN]: Molang is not supported: "vector"
[21:54:30] [Render thread/WARN]: Molang is not supported: "vector"
[21:54:30] [Render thread/WARN]: Molang is not supported: "vector"
[21:54:30] [Render thread/WARN]: Molang is not supported: "vector"
[21:54:30] [Render thread/WARN]: Molang is not supported: "vector"
[21:54:30] [Render thread/WARN]: Molang is not supported: "vector"
[21:54:30] [Render thread/WARN]: Molang is not supported: "vector"
[21:54:30] [Render thread/WARN]: Molang is not supported: "vector"
[21:54:30] [Render thread/WARN]: Molang is not supported: "vector"
[21:54:30] [Render thread/WARN]: Molang is not supported: "vector"
[21:54:30] [Render thread/WARN]: Molang is not supported: "vector"
[21:54:30] [Render thread/WARN]: Molang is not supported: "vector"
[21:54:30] [Render thread/WARN]: Molang is not supported: "vector"
[21:54:30] [Render thread/WARN]: Molang is not supported: "vector"
[21:54:30] [Render thread/WARN]: Molang is not supported: "vector"
[21:54:30] [Render thread/WARN]: Molang is not supported: "vector"
[21:54:30] [Render thread/WARN]: Molang is not supported: "vector"
[21:54:30] [Render thread/WARN]: Molang is not supported: "vector"
[21:54:30] [Render thread/WARN]: Molang is not supported: "vector"
[21:54:30] [Render thread/WARN]: Molang is not supported: "vector"
[21:54:30] [Render thread/WARN]: Molang is not supported: "vector"
[21:54:30] [Render thread/WARN]: Molang is not supported: "vector"
[21:54:30] [Render thread/WARN]: Molang is not supported: "vector"
[21:54:30] [Render thread/WARN]: Molang is not supported: "vector"
[21:54:30] [Render thread/WARN]: Molang is not supported: "vector"
[21:54:30] [Render thread/WARN]: Molang is not supported: "vector"
[21:54:30] [Render thread/WARN]: Molang is not supported: "vector"
[21:54:30] [Render thread/WARN]: Molang is not supported: "vector"
[21:54:30] [Render thread/WARN]: Molang is not supported: "vector"
[21:54:30] [Render thread/WARN]: Molang is not supported: "vector"
[21:54:30] [Render thread/WARN]: Molang is not supported: "math.cos(query.anim_time * 200) * 0.5"
[21:54:30] [Render thread/WARN]: Molang is not supported: "(math.sin(query.anim_time * 200) * 0.5) + math.clamp(query.yaw_speed * -20, -20, 20)"
[21:54:30] [Render thread/WARN]: Molang is not supported: "math.cos(query.anim_time * 100) * 0.5"
[21:54:30] [Render thread/WARN]: Molang is not supported: "Math.clamp(query.distance_from_camera / 5, 1, 6)"
[21:54:30] [Render thread/WARN]: Molang is not supported: "Math.clamp(query.distance_from_camera / 5, 1, 6)"
[21:54:30] [Render thread/WARN]: Molang is not supported: "Math.clamp(query.distance_from_camera / 5, 1, 6)"
[21:54:30] [Render thread/WARN]: Molang is not supported: "-35+math.sin(query.anim_time*400*query.actor_count)*25"
[21:54:30] [Render thread/WARN]: Molang is not supported: "-35+math.sin(query.anim_time*300*query.actor_count)*20"
[21:54:30] [Render thread/WARN]: Molang is not supported: "35+math.sin(query.anim_time*400*query.actor_count)*-25"
[21:54:30] [Render thread/WARN]: Molang is not supported: "35+math.sin(query.anim_time*300*query.actor_count)*-20"
[21:54:30] [Render thread/WARN]: Molang is not supported: "vector"
[21:54:30] [Render thread/WARN]: Molang is not supported: "vector"
[21:54:30] [Render thread/WARN]: Molang is not supported: "vector"
[21:54:30] [Render thread/WARN]: Molang is not supported: "vector"
[21:54:30] [Render thread/WARN]: Molang is not supported: "vector"
[21:54:30] [Render thread/WARN]: Molang is not supported: "vector"
[21:54:30] [Render thread/WARN]: Molang is not supported: "vector"
[21:54:30] [Render thread/WARN]: Molang is not supported: "vector"
[21:54:30] [Render thread/WARN]: Molang is not supported: "vector"
[21:54:30] [Render thread/WARN]: Molang is not supported: "vector"
[21:54:30] [Render thread/WARN]: Molang is not supported: "vector"
[21:54:30] [Render thread/WARN]: Molang is not supported: "vector"
[21:54:30] [Render thread/WARN]: Molang is not supported: "vector"
[21:54:30] [Render thread/WARN]: Molang is not supported: "vector"
[21:54:30] [Render thread/WARN]: Molang is not supported: "vector"
[21:54:30] [Render thread/WARN]: Molang is not supported: "vector"
[21:54:30] [Render thread/WARN]: Molang is not supported: "vector"
[21:54:30] [Render thread/WARN]: Molang is not supported: "vector"
[21:54:30] [Render thread/WARN]: Molang is not supported: "vector"
[21:54:30] [Render thread/WARN]: Molang is not supported: "vector"
[21:54:30] [Render thread/WARN]: Molang is not supported: "vector"
[21:54:30] [Render thread/WARN]: Molang is not supported: "vector"
[21:54:30] [Render thread/WARN]: Molang is not supported: "vector"
[21:54:30] [Render thread/WARN]: Molang is not supported: "vector"
[21:54:30] [Render thread/WARN]: Molang is not supported: "vector"
[21:54:30] [Render thread/WARN]: Molang is not supported: "vector"
[21:54:30] [Render thread/WARN]: Molang is not supported: "vector"
[21:54:30] [Render thread/WARN]: Molang is not supported: "vector"
[21:54:30] [Render thread/WARN]: Molang is not supported: "vector"
[21:54:30] [Render thread/WARN]: Molang is not supported: "vector"
[21:54:30] [Render thread/WARN]: Molang is not supported: "vector"
[21:54:30] [Render thread/WARN]: Molang is not supported: "vector"
[21:54:30] [Render thread/WARN]: Molang is not supported: "vector"
[21:54:30] [Render thread/WARN]: Molang is not supported: "vector"
[21:54:30] [Render thread/WARN]: Molang is not supported: "vector"
[21:54:30] [Render thread/WARN]: Molang is not supported: "vector"
[21:54:30] [Render thread/WARN]: Molang is not supported: "vector"
[21:54:30] [Render thread/WARN]: Molang is not supported: "vector"
[21:54:30] [Render thread/WARN]: Molang is not supported: "vector"
[21:54:30] [Render thread/WARN]: Molang is not supported: "vector"
[21:54:30] [Render thread/WARN]: Molang is not supported: "vector"
[21:54:30] [Render thread/WARN]: Molang is not supported: "vector"
[21:54:30] [Render thread/WARN]: Molang is not supported: "vector"
[21:54:30] [Render thread/WARN]: Molang is not supported: "vector"
[21:54:30] [Render thread/WARN]: Molang is not supported: "vector"
[21:54:30] [Render thread/WARN]: Molang is not supported: "vector"
[21:54:30] [Render thread/WARN]: Molang is not supported: "vector"
[21:54:30] [Render thread/WARN]: Molang is not supported: "vector"
[21:54:30] [Render thread/WARN]: Molang is not supported: "vector"
[21:54:30] [Render thread/WARN]: Molang is not supported: "vector"
[21:54:30] [Render thread/WARN]: Molang is not supported: "vector"
[21:54:30] [Render thread/WARN]: Molang is not supported: "vector"
[21:54:30] [Render thread/WARN]: Molang is not supported: "vector"
[21:54:30] [Render thread/WARN]: Molang is not supported: "vector"
[21:54:30] [Render thread/WARN]: Molang is not supported: "vector"
[21:54:30] [Render thread/WARN]: Molang is not supported: "vector"
[21:54:30] [Render thread/WARN]: Molang is not supported: "vector"
[21:54:30] [Render thread/WARN]: Molang is not supported: "vector"
[21:54:30] [Render thread/WARN]: Molang is not supported: "vector"
[21:54:30] [Render thread/WARN]: Molang is not supported: "vector"
[21:54:30] [Render thread/WARN]: Molang is not supported: "vector"
[21:54:30] [Render thread/WARN]: Molang is not supported: "vector"
[21:54:30] [Render thread/WARN]: Molang is not supported: "vector"
[21:54:30] [Render thread/WARN]: Molang is not supported: "vector"
[21:54:30] [Render thread/WARN]: Molang is not supported: "vector"
[21:54:30] [Render thread/WARN]: Molang is not supported: "vector"
[21:54:30] [Render thread/WARN]: Molang is not supported: "vector"
[21:54:30] [Render thread/WARN]: Molang is not supported: "vector"
[21:54:30] [Render thread/WARN]: Molang is not supported: "vector"
[21:54:30] [Render thread/WARN]: Molang is not supported: "vector"
[21:54:30] [Render thread/WARN]: Molang is not supported: "vector"
[21:54:30] [Render thread/WARN]: Molang is not supported: "vector"
[21:54:30] [Render thread/WARN]: Molang is not supported: "vector"
[21:54:30] [Render thread/WARN]: Molang is not supported: "vector"
[21:54:30] [Render thread/WARN]: Molang is not supported: "vector"
[21:54:30] [Render thread/WARN]: Molang is not supported: "vector"
[21:54:30] [Render thread/WARN]: Molang is not supported: "vector"
[21:54:30] [Render thread/WARN]: Molang is not supported: "vector"
[21:54:30] [Render thread/WARN]: Molang is not supported: "vector"
[21:54:30] [Render thread/WARN]: Molang is not supported: "vector"
[21:54:30] [Render thread/WARN]: Molang is not supported: "vector"
[21:54:30] [Render thread/WARN]: Molang is not supported: "vector"
[21:54:30] [Render thread/WARN]: Molang is not supported: "vector"
[21:54:30] [Render thread/WARN]: Molang is not supported: "vector"
[21:54:30] [Render thread/WARN]: Molang is not supported: "vector"
[21:54:30] [Render thread/WARN]: Molang is not supported: "vector"
[21:54:30] [Render thread/WARN]: Molang is not supported: "vector"
[21:54:30] [Render thread/WARN]: Molang is not supported: "vector"
[21:54:30] [Render thread/WARN]: Molang is not supported: "vector"
[21:54:30] [Render thread/WARN]: Molang is not supported: "vector"
[21:54:30] [Render thread/WARN]: Molang is not supported: "vector"
[21:54:30] [Render thread/WARN]: Molang is not supported: "vector"
[21:54:30] [Render thread/WARN]: Molang is not supported: "vector"
[21:54:30] [Render thread/WARN]: Molang is not supported: "vector"
[21:54:30] [Render thread/WARN]: Molang is not supported: "vector"
[21:54:30] [Render thread/WARN]: Molang is not supported: "vector"
[21:54:30] [Render thread/WARN]: Molang is not supported: "vector"
[21:54:30] [Render thread/WARN]: Molang is not supported: "vector"
[21:54:30] [Render thread/WARN]: Molang is not supported: "vector"
[21:54:30] [Render thread/WARN]: Molang is not supported: "vector"
[21:54:30] [Render thread/WARN]: Molang is not supported: "vector"
[21:54:30] [Render thread/WARN]: Molang is not supported: "vector"
[21:54:30] [Render thread/WARN]: Molang is not supported: "vector"
[21:54:30] [Render thread/WARN]: Molang is not supported: "vector"
[21:54:30] [Render thread/WARN]: Molang is not supported: "vector"
[21:54:30] [Render thread/WARN]: Molang is not supported: "vector"
[21:54:30] [Render thread/WARN]: Molang is not supported: "vector"
[21:54:30] [Render thread/WARN]: Molang is not supported: "vector"
[21:54:30] [Render thread/WARN]: Molang is not supported: "vector"
[21:54:30] [Render thread/WARN]: Molang is not supported: "vector"
[21:54:30] [Render thread/WARN]: Molang is not supported: "vector"
[21:54:30] [Render thread/WARN]: Molang is not supported: "vector"
[21:54:30] [Render thread/WARN]: Molang is not supported: "vector"
[21:54:30] [Render thread/WARN]: Molang is not supported: "vector"
[21:54:30] [Render thread/WARN]: Molang is not supported: "vector"
[21:54:30] [Render thread/WARN]: Molang is not supported: "vector"
[21:54:30] [Render thread/WARN]: Molang is not supported: "vector"
[21:54:30] [Render thread/WARN]: Molang is not supported: "vector"
[21:54:30] [Render thread/WARN]: Molang is not supported: "vector"
[21:54:30] [Render thread/WARN]: Molang is not supported: "vector"
[21:54:30] [Render thread/WARN]: Molang is not supported: "vector"
[21:54:30] [Render thread/WARN]: Molang is not supported: "vector"
[21:54:30] [Render thread/WARN]: Molang is not supported: "vector"
[21:54:30] [Render thread/WARN]: Molang is not supported: "vector"
[21:54:30] [Render thread/WARN]: Molang is not supported: "vector"
[21:54:30] [Render thread/WARN]: Molang is not supported: "vector"
[21:54:30] [Render thread/WARN]: Molang is not supported: "vector"
[21:54:30] [Render thread/WARN]: Molang is not supported: "vector"
[21:54:30] [Render thread/WARN]: Molang is not supported: "vector"
[21:54:30] [Render thread/WARN]: Molang is not supported: "vector"
[21:54:30] [Render thread/WARN]: Molang is not supported: "vector"
[21:54:30] [Render thread/WARN]: Molang is not supported: "vector"
[21:54:30] [Render thread/WARN]: Molang is not supported: "vector"
[21:54:30] [Render thread/WARN]: Molang is not supported: "vector"
[21:54:30] [Render thread/WARN]: Molang is not supported: "vector"
[21:54:30] [Render thread/WARN]: Molang is not supported: "vector"
[21:54:30] [Render thread/WARN]: Molang is not supported: "vector"
[21:54:30] [Render thread/WARN]: Molang is not supported: "vector"
[21:54:30] [Render thread/WARN]: Molang is not supported: "vector"
[21:54:30] [Render thread/WARN]: Molang is not supported: "vector"
[21:54:30] [Render thread/WARN]: Molang is not supported: "vector"
[21:54:30] [Render thread/WARN]: Molang is not supported: "vector"
[21:54:30] [Render thread/WARN]: Molang is not supported: "vector"
[21:54:30] [Render thread/WARN]: Molang is not supported: "vector"
[21:54:30] [Render thread/WARN]: Molang is not supported: "vector"
[21:54:30] [Render thread/WARN]: Molang is not supported: "vector"
[21:54:30] [Render thread/WARN]: Molang is not supported: "vector"
[21:54:30] [Render thread/WARN]: Molang is not supported: "vector"
[21:54:30] [Render thread/WARN]: Molang is not supported: "vector"
[21:54:30] [Render thread/WARN]: Molang is not supported: "vector"
[21:54:30] [Render thread/WARN]: Molang is not supported: "vector"
[21:54:30] [Render thread/WARN]: Molang is not supported: "vector"
[21:54:30] [Render thread/WARN]: Molang is not supported: "vector"
[21:54:30] [Render thread/WARN]: Molang is not supported: "vector"
[21:54:30] [Render thread/WARN]: Molang is not supported: "vector"
[21:54:30] [Render thread/WARN]: Molang is not supported: "vector"
[21:54:30] [Render thread/WARN]: Molang is not supported: "vector"
[21:54:30] [Render thread/WARN]: Molang is not supported: "vector"
[21:54:30] [Render thread/WARN]: Molang is not supported: "vector"
[21:54:30] [Render thread/WARN]: Molang is not supported: "vector"
[21:54:30] [Render thread/WARN]: Molang is not supported: "vector"
[21:54:30] [Render thread/WARN]: Molang is not supported: "vector"
[21:54:30] [Render thread/WARN]: Molang is not supported: "vector"
[21:54:30] [Render thread/WARN]: Molang is not supported: "vector"
[21:54:30] [Render thread/WARN]: Molang is not supported: "vector"
[21:54:30] [Render thread/WARN]: Molang is not supported: "vector"
[21:54:30] [Render thread/WARN]: Molang is not supported: "vector"
[21:54:30] [Render thread/WARN]: Molang is not supported: "vector"
[21:54:30] [Render thread/WARN]: Molang is not supported: "vector"
[21:54:30] [Render thread/WARN]: Molang is not supported: "vector"
[21:54:30] [Render thread/WARN]: Molang is not supported: "vector"
[21:54:30] [Render thread/WARN]: Molang is not supported: "vector"
[21:54:30] [Render thread/WARN]: Molang is not supported: "vector"
[21:54:30] [Render thread/WARN]: Molang is not supported: "vector"
[21:54:30] [Render thread/WARN]: Molang is not supported: "vector"
[21:54:30] [Render thread/WARN]: Molang is not supported: "vector"
[21:54:30] [Render thread/WARN]: Molang is not supported: "vector"
[21:54:30] [Render thread/WARN]: Molang is not supported: "vector"
[21:54:30] [Render thread/WARN]: Molang is not supported: "vector"
[21:54:30] [Render thread/WARN]: Molang is not supported: "vector"
[21:54:30] [Render thread/WARN]: Molang is not supported: "vector"
[21:54:30] [Render thread/WARN]: Molang is not supported: "vector"
[21:54:30] [Render thread/WARN]: Molang is not supported: "vector"
[21:54:30] [Render thread/WARN]: Molang is not supported: "vector"
[21:54:30] [Render thread/WARN]: Molang is not supported: "vector"
[21:54:30] [Render thread/WARN]: Molang is not supported: "vector"
[21:54:30] [Render thread/WARN]: Molang is not supported: "vector"
[21:54:30] [Render thread/WARN]: Molang is not supported: "vector"
[21:54:30] [Render thread/WARN]: Molang is not supported: "vector"
[21:54:30] [Render thread/WARN]: Molang is not supported: "vector"
[21:54:30] [Render thread/WARN]: Molang is not supported: "vector"
[21:54:30] [Render thread/WARN]: Molang is not supported: "vector"
[21:54:30] [Render thread/WARN]: Molang is not supported: "vector"
[21:54:30] [Render thread/WARN]: Molang is not supported: "vector"
[21:54:30] [Render thread/WARN]: Molang is not supported: "vector"
[21:54:30] [Render thread/WARN]: Molang is not supported: "vector"
[21:54:30] [Render thread/WARN]: Molang is not supported: "vector"
[21:54:30] [Render thread/WARN]: Molang is not supported: "vector"
[21:54:30] [Render thread/WARN]: Molang is not supported: "vector"
[21:54:30] [Render thread/WARN]: Molang is not supported: "vector"
[21:54:30] [Render thread/WARN]: Molang is not supported: "vector"
[21:54:30] [Render thread/WARN]: Molang is not supported: "vector"
[21:54:30] [Render thread/WARN]: Molang is not supported: "vector"
[21:54:30] [Render thread/WARN]: Molang is not supported: "vector"
[21:54:30] [Render thread/WARN]: Molang is not supported: "vector"
[21:54:30] [Render thread/WARN]: Molang is not supported: "vector"
[21:54:30] [Render thread/WARN]: Molang is not supported: "vector"
[21:54:30] [Render thread/WARN]: Molang is not supported: "vector"
[21:54:30] [Render thread/WARN]: Molang is not supported: "vector"
[21:54:30] [Render thread/WARN]: Molang is not supported: "vector"
[21:54:30] [Render thread/WARN]: Molang is not supported: "vector"
[21:54:30] [Render thread/WARN]: Molang is not supported: "vector"
[21:54:30] [Render thread/WARN]: Molang is not supported: "vector"
[21:54:30] [Render thread/WARN]: Molang is not supported: "vector"
[21:54:30] [Render thread/WARN]: Molang is not supported: "vector"
[21:54:30] [Render thread/WARN]: Molang is not supported: "vector"
[21:54:30] [Render thread/WARN]: Molang is not supported: "vector"
[21:54:30] [Render thread/WARN]: Molang is not supported: "vector"
[21:54:30] [Render thread/WARN]: Molang is not supported: "vector"
[21:54:30] [Render thread/WARN]: Molang is not supported: "vector"
[21:54:30] [Render thread/WARN]: Molang is not supported: "vector"
[21:54:30] [Render thread/WARN]: Molang is not supported: "vector"
[21:54:30] [Render thread/WARN]: Molang is not supported: "vector"
[21:54:30] [Render thread/WARN]: Molang is not supported: "vector"
[21:54:30] [Render thread/WARN]: Molang is not supported: "vector"
[21:54:30] [Render thread/WARN]: Molang is not supported: "vector"
[21:54:30] [Render thread/WARN]: Molang is not supported: "vector"
[21:54:30] [Render thread/WARN]: Molang is not supported: "vector"
[21:54:30] [Render thread/WARN]: Molang is not supported: "vector"
[21:54:30] [Render thread/WARN]: Molang is not supported: "vector"
[21:54:30] [Render thread/WARN]: Molang is not supported: "vector"
[21:54:30] [Render thread/WARN]: Molang is not supported: "vector"
[21:54:30] [Render thread/WARN]: Molang is not supported: "vector"
[21:54:30] [Render thread/WARN]: Molang is not supported: "vector"
[21:54:30] [Render thread/WARN]: Molang is not supported: "vector"
[21:54:30] [Render thread/WARN]: Molang is not supported: "vector"
[21:54:30] [Render thread/WARN]: Molang is not supported: "vector"
[21:54:30] [Render thread/WARN]: Molang is not supported: "vector"
[21:54:30] [Render thread/WARN]: Molang is not supported: "vector"
[21:54:30] [Render thread/WARN]: Molang is not supported: "vector"
[21:54:30] [Render thread/WARN]: Molang is not supported: "vector"
[21:54:30] [Render thread/WARN]: Molang is not supported: "vector"
[21:54:30] [Render thread/WARN]: Molang is not supported: "vector"
[21:54:30] [Render thread/WARN]: Molang is not supported: "vector"
[21:54:30] [Render thread/WARN]: Molang is not supported: "vector"
[21:54:30] [Render thread/WARN]: Molang is not supported: "vector"
[21:54:30] [Render thread/WARN]: Molang is not supported: "vector"
[21:54:30] [Render thread/WARN]: Molang is not supported: "vector"
[21:54:30] [Render thread/WARN]: Molang is not supported: "vector"
[21:54:30] [Render thread/WARN]: Molang is not supported: "vector"
[21:54:30] [Render thread/WARN]: Molang is not supported: "vector"
[21:54:30] [Render thread/WARN]: Molang is not supported: "vector"
[21:54:30] [Render thread/WARN]: Molang is not supported: "vector"
[21:54:30] [Render thread/WARN]: Molang is not supported: "vector"
[21:54:30] [Render thread/WARN]: Molang is not supported: "vector"
[21:54:30] [Render thread/WARN]: Molang is not supported: "vector"
[21:54:30] [Render thread/WARN]: Molang is not supported: "vector"
[21:54:30] [Render thread/WARN]: Molang is not supported: "vector"
[21:54:30] [Render thread/WARN]: Molang is not supported: "vector"
[21:54:30] [Render thread/WARN]: Molang is not supported: "vector"
[21:54:30] [Render thread/WARN]: Molang is not supported: "vector"
[21:54:30] [Render thread/WARN]: Molang is not supported: "vector"
[21:54:30] [Render thread/WARN]: Molang is not supported: "vector"
[21:54:30] [Render thread/WARN]: Molang is not supported: "vector"
[21:54:30] [Render thread/WARN]: Molang is not supported: "vector"
[21:54:30] [Render thread/WARN]: Molang is not supported: "vector"
[21:54:30] [Render thread/WARN]: Molang is not supported: "vector"
[21:54:30] [Render thread/WARN]: Molang is not supported: "vector"
[21:54:30] [Render thread/WARN]: Molang is not supported: "vector"
[21:54:30] [Render thread/WARN]: Molang is not supported: "vector"
[21:54:30] [Render thread/WARN]: Molang is not supported: "vector"
[21:54:30] [Render thread/WARN]: Molang is not supported: "vector"
[21:54:30] [Render thread/WARN]: Molang is not supported: "vector"
[21:54:30] [Render thread/WARN]: Molang is not supported: "vector"
[21:54:30] [Render thread/WARN]: Molang is not supported: "vector"
[21:54:30] [Render thread/WARN]: Molang is not supported: "vector"
[21:54:30] [Render thread/WARN]: Molang is not supported: "vector"
[21:54:30] [Render thread/WARN]: Molang is not supported: "vector"
[21:54:30] [Render thread/WARN]: Molang is not supported: "vector"
[21:54:30] [Render thread/WARN]: Molang is not supported: "vector"
[21:54:30] [Render thread/WARN]: Molang is not supported: "vector"
[21:54:30] [Render thread/WARN]: Molang is not supported: "vector"
[21:54:30] [Render thread/WARN]: Molang is not supported: "vector"
[21:54:30] [Render thread/WARN]: Molang is not supported: "vector"
[21:54:30] [Render thread/WARN]: Molang is not supported: "vector"
[21:54:30] [Render thread/WARN]: Molang is not supported: "vector"
[21:54:30] [Render thread/WARN]: Molang is not supported: "vector"
[21:54:30] [Render thread/WARN]: Molang is not supported: "vector"
[21:54:30] [Render thread/WARN]: Molang is not supported: "vector"
[21:54:30] [Render thread/WARN]: Molang is not supported: "vector"
[21:54:30] [Render thread/WARN]: Molang is not supported: "vector"
[21:54:30] [Render thread/WARN]: Molang is not supported: "vector"
[21:54:30] [Render thread/WARN]: Molang is not supported: "vector"
[21:54:30] [Render thread/WARN]: Molang is not supported: "vector"
[21:54:30] [Render thread/WARN]: Molang is not supported: "vector"
[21:54:30] [Render thread/WARN]: Molang is not supported: "vector"
[21:54:30] [Render thread/WARN]: Molang is not supported: "vector"
[21:54:30] [Render thread/WARN]: Molang is not supported: "vector"
[21:54:30] [Render thread/WARN]: Molang is not supported: "vector"
[21:54:30] [Render thread/WARN]: Molang is not supported: "vector"
[21:54:30] [Render thread/WARN]: Molang is not supported: "vector"
[21:54:30] [Render thread/WARN]: Molang is not supported: "vector"
[21:54:30] [Render thread/WARN]: Molang is not supported: "vector"
[21:54:30] [Render thread/WARN]: Molang is not supported: "vector"
[21:54:30] [Render thread/WARN]: Molang is not supported: "vector"
[21:54:30] [Render thread/WARN]: Molang is not supported: "vector"
[21:54:30] [Render thread/WARN]: Molang is not supported: "vector"
[21:54:30] [Render thread/WARN]: Molang is not supported: "vector"
[21:54:30] [Render thread/WARN]: Molang is not supported: "vector"
[21:54:30] [Render thread/WARN]: Molang is not supported: "vector"
[21:54:30] [Render thread/WARN]: Molang is not supported: "vector"
[21:54:30] [Render thread/WARN]: Molang is not supported: "vector"
[21:54:30] [Render thread/WARN]: Molang is not supported: "vector"
[21:54:30] [Render thread/WARN]: Molang is not supported: "vector"
[21:54:30] [Render thread/WARN]: Molang is not supported: "vector"
[21:54:30] [Render thread/WARN]: Molang is not supported: "vector"
[21:54:30] [Render thread/WARN]: Molang is not supported: "vector"
[21:54:30] [Render thread/WARN]: Molang is not supported: "vector"
[21:54:30] [Render thread/WARN]: Molang is not supported: "vector"
[21:54:30] [Render thread/WARN]: Molang is not supported: "vector"
[21:54:30] [Render thread/WARN]: Molang is not supported: "vector"
[21:54:30] [Render thread/WARN]: Molang is not supported: "vector"
[21:54:30] [Render thread/WARN]: Molang is not supported: "vector"
[21:54:30] [Render thread/WARN]: Molang is not supported: "vector"
[21:54:30] [Render thread/WARN]: Molang is not supported: "vector"
[21:54:30] [Render thread/WARN]: Molang is not supported: "vector"
[21:54:30] [Render thread/WARN]: Molang is not supported: "vector"
[21:54:30] [Render thread/WARN]: Molang is not supported: "vector"
[21:54:30] [Render thread/WARN]: Molang is not supported: "vector"
[21:54:30] [Render thread/WARN]: Molang is not supported: "vector"
[21:54:30] [Render thread/WARN]: Molang is not supported: "vector"
[21:54:30] [Render thread/WARN]: Molang is not supported: "vector"
[21:54:30] [Render thread/WARN]: Molang is not supported: "vector"
[21:54:30] [Render thread/WARN]: Molang is not supported: "vector"
[21:54:30] [Render thread/WARN]: Molang is not supported: "vector"
[21:54:30] [Render thread/WARN]: Molang is not supported: "vector"
[21:54:30] [Render thread/WARN]: Molang is not supported: "vector"
[21:54:30] [Render thread/WARN]: Molang is not supported: "vector"
[21:54:30] [Render thread/WARN]: Molang is not supported: "vector"
[21:54:30] [Render thread/WARN]: Molang is not supported: "vector"
[21:54:30] [Render thread/WARN]: Molang is not supported: "vector"
[21:54:30] [Render thread/WARN]: Molang is not supported: "vector"
[21:54:30] [Render thread/WARN]: Molang is not supported: "vector"
[21:54:30] [Render thread/WARN]: Molang is not supported: "vector"
[21:54:30] [Render thread/WARN]: Molang is not supported: "vector"
[21:54:30] [Render thread/WARN]: Molang is not supported: "vector"
[21:54:30] [Render thread/WARN]: Molang is not supported: "vector"
[21:54:30] [Render thread/WARN]: Molang is not supported: "vector"
[21:54:30] [Render thread/WARN]: Molang is not supported: "vector"
[21:54:30] [Render thread/WARN]: Molang is not supported: "vector"
[21:54:30] [Render thread/WARN]: Molang is not supported: "vector"
[21:54:30] [Render thread/WARN]: Molang is not supported: "vector"
[21:54:30] [Render thread/WARN]: Molang is not supported: "vector"
[21:54:30] [Render thread/WARN]: Molang is not supported: "vector"
[21:54:30] [Render thread/WARN]: Molang is not supported: "vector"
[21:54:30] [Render thread/WARN]: Molang is not supported: "vector"
[21:54:30] [Render thread/WARN]: Molang is not supported: "vector"
[21:54:30] [Render thread/WARN]: Molang is not supported: "vector"
[21:54:30] [Render thread/WARN]: Molang is not supported: "vector"
[21:54:30] [Render thread/WARN]: Molang is not supported: "vector"
[21:54:30] [Render thread/WARN]: Molang is not supported: "vector"
[21:54:30] [Render thread/WARN]: Molang is not supported: "vector"
[21:54:30] [Render thread/WARN]: Molang is not supported: "vector"
[21:54:30] [Render thread/WARN]: Molang is not supported: "vector"
[21:54:30] [Render thread/WARN]: Molang is not supported: "vector"
[21:54:30] [Render thread/WARN]: Molang is not supported: "vector"
[21:54:30] [Render thread/WARN]: Molang is not supported: "vector"
[21:54:30] [Render thread/WARN]: Molang is not supported: "vector"
[21:54:30] [Render thread/WARN]: Molang is not supported: "vector"
[21:54:30] [Render thread/WARN]: Molang is not supported: "vector"
[21:54:30] [Render thread/WARN]: Molang is not supported: "vector"
[21:54:30] [Render thread/WARN]: Molang is not supported: "vector"
[21:54:30] [Render thread/WARN]: Molang is not supported: "vector"
[21:54:30] [Render thread/WARN]: Molang is not supported: "vector"
[21:54:30] [Render thread/WARN]: Molang is not supported: "vector"
[21:54:30] [Render thread/WARN]: Molang is not supported: "vector"
[21:54:30] [Render thread/WARN]: Molang is not supported: "vector"
[21:54:30] [Render thread/WARN]: Molang is not supported: "vector"
[21:54:30] [Render thread/WARN]: Molang is not supported: "vector"
[21:54:30] [Render thread/WARN]: Molang is not supported: "vector"
[21:54:30] [Render thread/WARN]: Molang is not supported: "vector"
[21:54:30] [Render thread/WARN]: Molang is not supported: "vector"
[21:54:30] [Render thread/WARN]: Molang is not supported: "vector"
[21:54:30] [Render thread/WARN]: Molang is not supported: "vector"
[21:54:30] [Render thread/WARN]: Molang is not supported: "vector"
[21:54:30] [Render thread/WARN]: Molang is not supported: "vector"
[21:54:30] [Render thread/WARN]: Molang is not supported: "vector"
[21:54:30] [Render thread/WARN]: Molang is not supported: "vector"
[21:54:30] [Render thread/WARN]: Molang is not supported: "vector"
[21:54:30] [Render thread/WARN]: Molang is not supported: "vector"
[21:54:30] [Render thread/WARN]: Molang is not supported: "vector"
[21:54:30] [Render thread/WARN]: Molang is not supported: "vector"
[21:54:30] [Render thread/WARN]: Molang is not supported: "vector"
[21:54:30] [Render thread/WARN]: Molang is not supported: "vector"
[21:54:30] [Render thread/WARN]: Molang is not supported: "vector"
[21:54:30] [Render thread/WARN]: Molang is not supported: "vector"
[21:54:30] [Render thread/WARN]: Molang is not supported: "vector"
[21:54:30] [Render thread/WARN]: Molang is not supported: "vector"
[21:54:30] [Render thread/WARN]: Molang is not supported: "vector"
[21:54:30] [Render thread/WARN]: Molang is not supported: "vector"
[21:54:30] [Render thread/WARN]: Molang is not supported: "vector"
[21:54:30] [Render thread/WARN]: Molang is not supported: "vector"
[21:54:30] [Render thread/WARN]: Molang is not supported: "vector"
[21:54:30] [Render thread/WARN]: Molang is not supported: "vector"
[21:54:30] [Render thread/WARN]: Molang is not supported: "vector"
[21:54:30] [Render thread/WARN]: Molang is not supported: "vector"
[21:54:30] [Render thread/WARN]: Molang is not supported: "vector"
[21:54:30] [Render thread/WARN]: Molang is not supported: "vector"
[21:54:30] [Render thread/WARN]: Molang is not supported: "vector"
[21:54:30] [Render thread/WARN]: Molang is not supported: "vector"
[21:54:30] [Render thread/WARN]: Molang is not supported: "vector"
[21:54:30] [Render thread/WARN]: Molang is not supported: "vector"
[21:54:30] [Render thread/WARN]: Molang is not supported: "vector"
[21:54:30] [Render thread/WARN]: Molang is not supported: "vector"
[21:54:30] [Render thread/WARN]: Molang is not supported: "vector"
[21:54:30] [Render thread/WARN]: Molang is not supported: "vector"
[21:54:30] [Render thread/WARN]: Molang is not supported: "vector"
[21:54:30] [Render thread/WARN]: Molang is not supported: "vector"
[21:54:30] [Render thread/WARN]: Molang is not supported: "vector"
[21:54:30] [Render thread/WARN]: Molang is not supported: "vector"
[21:54:30] [Render thread/WARN]: Molang is not supported: "vector"
[21:54:30] [Render thread/WARN]: Molang is not supported: "vector"
[21:54:30] [Render thread/WARN]: Molang is not supported: "vector"
[21:54:30] [Render thread/WARN]: Molang is not supported: "vector"
[21:54:30] [Render thread/WARN]: Molang is not supported: "vector"
[21:54:30] [Render thread/WARN]: Molang is not supported: "vector"
[21:54:30] [Render thread/WARN]: Molang is not supported: "vector"
[21:54:30] [Render thread/WARN]: Molang is not supported: "vector"
[21:54:30] [Render thread/WARN]: Molang is not supported: "vector"
[21:54:30] [Render thread/WARN]: Molang is not supported: "vector"
[21:54:30] [Render thread/WARN]: Molang is not supported: "vector"
[21:54:30] [Render thread/WARN]: Molang is not supported: "vector"
[21:54:30] [Render thread/WARN]: Molang is not supported: "vector"
[21:54:30] [Render thread/WARN]: Molang is not supported: "vector"
[21:54:30] [Render thread/WARN]: Molang is not supported: "vector"
[21:54:30] [Render thread/WARN]: Molang is not supported: "vector"
[21:54:30] [Render thread/WARN]: Molang is not supported: "vector"
[21:54:30] [Render thread/WARN]: Molang is not supported: "vector"
[21:54:30] [Render thread/WARN]: Molang is not supported: "vector"
[21:54:30] [Render thread/WARN]: Molang is not supported: "vector"
[21:54:30] [Render thread/WARN]: Molang is not supported: "vector"
[21:54:30] [Render thread/WARN]: Molang is not supported: "vector"
[21:54:30] [Render thread/WARN]: Molang is not supported: "vector"
[21:54:30] [Render thread/WARN]: Molang is not supported: "vector"
[21:54:30] [Render thread/WARN]: Molang is not supported: "vector"
[21:54:30] [Render thread/WARN]: Molang is not supported: "vector"
[21:54:30] [Render thread/WARN]: Molang is not supported: "vector"
[21:54:30] [Render thread/WARN]: Molang is not supported: "vector"
[21:54:30] [Render thread/WARN]: Molang is not supported: "vector"
[21:54:30] [Render thread/WARN]: Molang is not supported: "vector"
[21:54:30] [Render thread/WARN]: Molang is not supported: "vector"
[21:54:30] [Render thread/WARN]: Molang is not supported: "vector"
[21:54:30] [Render thread/WARN]: Molang is not supported: "vector"
[21:54:30] [Render thread/WARN]: Molang is not supported: "vector"
[21:54:30] [Render thread/WARN]: Molang is not supported: "vector"
[21:54:30] [Render thread/WARN]: Molang is not supported: "vector"
[21:54:30] [Render thread/WARN]: Molang is not supported: "vector"
[21:54:30] [Render thread/WARN]: Molang is not supported: "vector"
[21:54:30] [Render thread/WARN]: Molang is not supported: "vector"
[21:54:30] [Render thread/WARN]: Molang is not supported: "vector"
[21:54:30] [Render thread/WARN]: Molang is not supported: "vector"
[21:54:30] [Render thread/WARN]: Molang is not supported: "vector"
[21:54:30] [Render thread/WARN]: Molang is not supported: "vector"
[21:54:30] [Render thread/WARN]: Molang is not supported: "vector"
[21:54:30] [Render thread/WARN]: Molang is not supported: "vector"
[21:54:30] [Render thread/WARN]: Molang is not supported: "vector"
[21:54:30] [Render thread/WARN]: Molang is not supported: "vector"
[21:54:30] [Render thread/WARN]: Molang is not supported: "vector"
[21:54:30] [Render thread/WARN]: Molang is not supported: "vector"
[21:54:30] [Render thread/WARN]: Molang is not supported: "vector"
[21:54:30] [Render thread/WARN]: Molang is not supported: "vector"
[21:54:30] [Render thread/WARN]: Molang is not supported: "vector"
[21:54:30] [Render thread/WARN]: Molang is not supported: "vector"
[21:54:30] [Render thread/WARN]: Molang is not supported: "vector"
[21:54:30] [Render thread/WARN]: Molang is not supported: "vector"
[21:54:30] [Render thread/WARN]: Molang is not supported: "vector"
[21:54:30] [Render thread/WARN]: Molang is not supported: "vector"
[21:54:30] [Render thread/WARN]: Molang is not supported: "vector"
[21:54:30] [Render thread/WARN]: Molang is not supported: "vector"
[21:54:30] [Render thread/WARN]: Molang is not supported: "vector"
[21:54:30] [Render thread/WARN]: Molang is not supported: "vector"
[21:54:30] [Render thread/WARN]: Molang is not supported: "vector"
[21:54:30] [Render thread/WARN]: Molang is not supported: "vector"
[21:54:30] [Render thread/WARN]: Molang is not supported: "vector"
[21:54:30] [Render thread/WARN]: Molang is not supported: "vector"
[21:54:30] [Render thread/WARN]: Molang is not supported: "vector"
[21:54:30] [Render thread/WARN]: Molang is not supported: "vector"
[21:54:30] [Render thread/WARN]: Molang is not supported: "vector"
[21:54:30] [Render thread/WARN]: Molang is not supported: "vector"
[21:54:30] [Render thread/WARN]: Molang is not supported: "vector"
[21:54:30] [Render thread/WARN]: Molang is not supported: "vector"
[21:54:30] [Render thread/WARN]: Molang is not supported: "vector"
[21:54:30] [Render thread/WARN]: Molang is not supported: "vector"
[21:54:30] [Render thread/WARN]: Molang is not supported: "vector"
[21:54:30] [Render thread/WARN]: Molang is not supported: "vector"
[21:54:30] [Render thread/WARN]: Molang is not supported: "vector"
[21:54:30] [Render thread/WARN]: Molang is not supported: "vector"
[21:54:30] [Render thread/WARN]: Molang is not supported: "vector"
[21:54:30] [Render thread/WARN]: Molang is not supported: "vector"
[21:54:30] [Render thread/WARN]: Molang is not supported: "vector"
[21:54:30] [Render thread/WARN]: Molang is not supported: "vector"
[21:54:30] [Render thread/WARN]: Molang is not supported: "vector"
[21:54:30] [Render thread/WARN]: Molang is not supported: "vector"
[21:54:30] [Render thread/WARN]: Molang is not supported: "vector"
[21:54:30] [Render thread/WARN]: Molang is not supported: "vector"
[21:54:30] [Render thread/WARN]: Molang is not supported: "vector"
[21:54:30] [Render thread/WARN]: Molang is not supported: "vector"
[21:54:30] [Render thread/WARN]: Molang is not supported: "vector"
[21:54:30] [Render thread/WARN]: Molang is not supported: "vector"
[21:54:30] [Render thread/WARN]: Molang is not supported: "vector"
[21:54:30] [Render thread/WARN]: Molang is not supported: "vector"
[21:54:30] [Render thread/WARN]: Molang is not supported: "vector"
[21:54:30] [Render thread/WARN]: Molang is not supported: "vector"
[21:54:30] [Render thread/WARN]: Molang is not supported: "vector"
[21:54:30] [Render thread/WARN]: Molang is not supported: "vector"
[21:54:30] [Render thread/WARN]: Molang is not supported: "vector"
[21:54:30] [Render thread/WARN]: Molang is not supported: "vector"
[21:54:30] [Render thread/WARN]: Molang is not supported: "vector"
[21:54:30] [Render thread/WARN]: Molang is not supported: "vector"
[21:54:30] [Render thread/WARN]: Molang is not supported: "vector"
[21:54:30] [Render thread/WARN]: Molang is not supported: "vector"
[21:54:30] [Render thread/WARN]: Molang is not supported: "vector"
[21:54:30] [Render thread/WARN]: Molang is not supported: "vector"
[21:54:30] [Render thread/WARN]: Molang is not supported: "vector"
[21:54:30] [Render thread/WARN]: Molang is not supported: "vector"
[21:54:30] [Render thread/WARN]: Molang is not supported: "vector"
[21:54:30] [Render thread/WARN]: Molang is not supported: "vector"
[21:54:30] [Render thread/WARN]: Molang is not supported: "vector"
[21:54:30] [Render thread/WARN]: Molang is not supported: "vector"
[21:54:30] [Render thread/WARN]: Molang is not supported: "vector"
[21:54:30] [Render thread/WARN]: Molang is not supported: "vector"
[21:54:30] [Render thread/WARN]: Molang is not supported: "vector"
[21:54:30] [Render thread/WARN]: Molang is not supported: "vector"
[21:54:30] [Render thread/WARN]: Molang is not supported: "vector"
[21:54:30] [Render thread/WARN]: Molang is not supported: "vector"
[21:54:30] [Render thread/WARN]: Molang is not supported: "vector"
[21:54:30] [Render thread/WARN]: Molang is not supported: "vector"
[21:54:30] [Render thread/WARN]: Molang is not supported: "vector"
[21:54:30] [Render thread/WARN]: Molang is not supported: "vector"
[21:54:30] [Render thread/WARN]: Molang is not supported: "vector"
[21:54:30] [Render thread/WARN]: Molang is not supported: "vector"
[21:54:30] [Render thread/WARN]: Molang is not supported: "vector"
[21:54:30] [Render thread/WARN]: Molang is not supported: "vector"
[21:54:30] [Render thread/WARN]: Molang is not supported: "vector"
[21:54:30] [Render thread/WARN]: Molang is not supported: "vector"
[21:54:30] [Render thread/WARN]: Molang is not supported: "vector"
[21:54:30] [Render thread/WARN]: Molang is not supported: "vector"
[21:54:30] [Render thread/WARN]: Molang is not supported: "vector"
[21:54:30] [Render thread/WARN]: Molang is not supported: "vector"
[21:54:30] [Render thread/WARN]: Molang is not supported: "vector"
[21:54:30] [Render thread/WARN]: Molang is not supported: "vector"
[21:54:30] [Render thread/WARN]: Molang is not supported: "vector"
[21:54:30] [Render thread/WARN]: Molang is not supported: "vector"
[21:54:30] [Render thread/WARN]: Molang is not supported: "vector"
[21:54:30] [Render thread/WARN]: Molang is not supported: "vector"
[21:54:30] [Render thread/WARN]: Molang is not supported: "vector"
[21:54:30] [Render thread/WARN]: Molang is not supported: "vector"
[21:54:30] [Render thread/WARN]: Molang is not supported: "vector"
[21:54:30] [Render thread/WARN]: Molang is not supported: "vector"
[21:54:30] [Render thread/WARN]: Molang is not supported: "vector"
[21:54:30] [Render thread/WARN]: Molang is not supported: "vector"
[21:54:30] [Render thread/WARN]: Molang is not supported: "vector"
[21:54:30] [Render thread/WARN]: Molang is not supported: "vector"
[21:54:30] [Render thread/WARN]: Molang is not supported: "vector"
[21:54:30] [Render thread/WARN]: Molang is not supported: "vector"
[21:54:30] [Render thread/WARN]: Molang is not supported: "vector"
[21:54:30] [Render thread/WARN]: Molang is not supported: "vector"
[21:54:30] [Render thread/WARN]: Molang is not supported: "vector"
[21:54:30] [Render thread/WARN]: Molang is not supported: "vector"
[21:54:30] [Render thread/WARN]: Molang is not supported: "vector"
[21:54:30] [Render thread/WARN]: Molang is not supported: "vector"
[21:54:30] [Render thread/WARN]: Molang is not supported: "vector"
[21:54:30] [Render thread/WARN]: Molang is not supported: "vector"
[21:54:30] [Render thread/WARN]: Molang is not supported: "vector"
[21:54:30] [Render thread/WARN]: Molang is not supported: "vector"
[21:54:30] [Render thread/WARN]: Molang is not supported: "vector"
[21:54:30] [Render thread/WARN]: Molang is not supported: "vector"
[21:54:30] [Render thread/WARN]: Molang is not supported: "vector"
[21:54:30] [Render thread/WARN]: Molang is not supported: "vector"
[21:54:30] [Render thread/WARN]: Molang is not supported: "vector"
[21:54:30] [Render thread/WARN]: Molang is not supported: "vector"
[21:54:30] [Render thread/WARN]: Molang is not supported: "vector"
[21:54:31] [Render thread/WARN]: Molang is not supported: "vector"
[21:54:31] [Render thread/WARN]: Molang is not supported: "vector"
[21:54:31] [Render thread/WARN]: Molang is not supported: "vector"
[21:54:31] [Render thread/WARN]: Molang is not supported: "vector"
[21:54:31] [Render thread/WARN]: Molang is not supported: "vector"
[21:54:31] [Render thread/WARN]: Molang is not supported: "vector"
[21:54:31] [Render thread/WARN]: Molang is not supported: "vector"
[21:54:31] [Render thread/WARN]: Molang is not supported: "vector"
[21:54:31] [Render thread/WARN]: Molang is not supported: "vector"
[21:54:31] [Render thread/WARN]: Molang is not supported: "vector"
[21:54:31] [Render thread/WARN]: Molang is not supported: "vector"
[21:54:31] [Render thread/WARN]: Molang is not supported: "vector"
[21:54:31] [Render thread/WARN]: Molang is not supported: "vector"
[21:54:31] [Render thread/WARN]: Molang is not supported: "vector"
[21:54:31] [Render thread/WARN]: Molang is not supported: "vector"
[21:54:31] [Render thread/WARN]: Molang is not supported: "vector"
[21:54:31] [Render thread/WARN]: Molang is not supported: "vector"
[21:54:31] [Render thread/WARN]: Molang is not supported: "vector"
[21:54:31] [Render thread/WARN]: Molang is not supported: "vector"
[21:54:31] [Render thread/WARN]: Molang is not supported: "vector"
[21:54:31] [Render thread/WARN]: Molang is not supported: "vector"
[21:54:31] [Render thread/WARN]: Molang is not supported: "vector"
[21:54:31] [Render thread/WARN]: Molang is not supported: "vector"
[21:54:31] [Render thread/WARN]: Molang is not supported: "vector"
[21:54:31] [Render thread/WARN]: Molang is not supported: "vector"
[21:54:31] [Render thread/WARN]: Molang is not supported: "vector"
[21:54:31] [Render thread/WARN]: Molang is not supported: "vector"
[21:54:31] [Render thread/WARN]: Molang is not supported: "vector"
[21:54:31] [Render thread/WARN]: Molang is not supported: "vector"
[21:54:31] [Render thread/WARN]: Molang is not supported: "vector"
[21:54:31] [Render thread/WARN]: Molang is not supported: "vector"
[21:54:31] [Render thread/WARN]: Molang is not supported: "vector"
[21:54:31] [Render thread/WARN]: Molang is not supported: "vector"
[21:54:31] [Render thread/WARN]: Molang is not supported: "vector"
[21:54:31] [Render thread/WARN]: Molang is not supported: "vector"
[21:54:31] [Render thread/WARN]: Molang is not supported: "vector"
[21:54:31] [Render thread/WARN]: Molang is not supported: "vector"
[21:54:31] [Render thread/WARN]: Molang is not supported: "vector"
[21:54:31] [Render thread/WARN]: Molang is not supported: "vector"
[21:54:31] [Render thread/WARN]: Molang is not supported: "vector"
[21:54:31] [Render thread/WARN]: Molang is not supported: "vector"
[21:54:31] [Render thread/WARN]: Molang is not supported: "vector"
[21:54:31] [Render thread/WARN]: Molang is not supported: "vector"
[21:54:31] [Render thread/WARN]: Molang is not supported: "vector"
[21:54:31] [Render thread/WARN]: Molang is not supported: "vector"
[21:54:31] [Render thread/WARN]: Molang is not supported: "vector"
[21:54:31] [Render thread/WARN]: Molang is not supported: "vector"
[21:54:31] [Render thread/WARN]: Molang is not supported: "vector"
[21:54:31] [Render thread/WARN]: Molang is not supported: "vector"
[21:54:31] [Render thread/WARN]: Molang is not supported: "vector"
[21:54:31] [Render thread/WARN]: Molang is not supported: "vector"
[21:54:31] [Render thread/WARN]: Molang is not supported: "vector"
[21:54:31] [Render thread/WARN]: Molang is not supported: "vector"
[21:54:31] [Render thread/WARN]: Molang is not supported: "vector"
[21:54:31] [Render thread/WARN]: Molang is not supported: "vector"
[21:54:31] [Render thread/WARN]: Molang is not supported: "vector"
[21:54:31] [Render thread/WARN]: Molang is not supported: "vector"
[21:54:31] [Render thread/WARN]: Molang is not supported: "vector"
[21:54:31] [Render thread/WARN]: Molang is not supported: "vector"
[21:54:31] [Render thread/WARN]: Molang is not supported: "vector"
[21:54:31] [Render thread/WARN]: Molang is not supported: "vector"
[21:54:31] [Render thread/WARN]: Molang is not supported: "vector"
[21:54:31] [Render thread/WARN]: Molang is not supported: "vector"
[21:54:31] [Render thread/WARN]: Molang is not supported: "vector"
[21:54:31] [Render thread/WARN]: Molang is not supported: "vector"
[21:54:31] [Render thread/WARN]: Molang is not supported: "vector"
[21:54:31] [Render thread/WARN]: Molang is not supported: "vector"
[21:54:31] [Render thread/WARN]: Molang is not supported: "vector"
[21:54:31] [Render thread/WARN]: Molang is not supported: "vector"
[21:54:31] [Render thread/WARN]: Molang is not supported: "vector"
[21:54:31] [Render thread/WARN]: Molang is not supported: "vector"
[21:54:31] [Render thread/WARN]: Molang is not supported: "vector"
[21:54:31] [Render thread/WARN]: Molang is not supported: "vector"
[21:54:31] [Render thread/WARN]: Molang is not supported: "vector"
[21:54:31] [Render thread/WARN]: Molang is not supported: "vector"
[21:54:31] [Render thread/WARN]: Molang is not supported: "vector"
[21:54:31] [Render thread/WARN]: Molang is not supported: "vector"
[21:54:31] [Render thread/WARN]: Molang is not supported: "vector"
[21:54:31] [Render thread/WARN]: Molang is not supported: "vector"
[21:54:31] [Render thread/WARN]: Molang is not supported: "vector"
[21:54:31] [Render thread/WARN]: Molang is not supported: "vector"
[21:54:31] [Render thread/WARN]: Molang is not supported: "vector"
[21:54:31] [Render thread/WARN]: Molang is not supported: "vector"
[21:54:31] [Render thread/WARN]: Molang is not supported: "vector"
[21:54:31] [Render thread/WARN]: Molang is not supported: "vector"
[21:54:31] [Render thread/WARN]: Molang is not supported: "vector"
[21:54:31] [Render thread/WARN]: Molang is not supported: "vector"
[21:54:31] [Render thread/WARN]: Molang is not supported: "vector"
[21:54:31] [Render thread/WARN]: Molang is not supported: "vector"
[21:54:31] [Render thread/WARN]: Molang is not supported: "vector"
[21:54:31] [Render thread/WARN]: Molang is not supported: "vector"
[21:54:31] [Render thread/WARN]: Molang is not supported: "vector"
[21:54:31] [Render thread/WARN]: Molang is not supported: "vector"
[21:54:31] [Render thread/WARN]: Molang is not supported: "vector"
[21:54:31] [Render thread/WARN]: Molang is not supported: "vector"
[21:54:31] [Render thread/WARN]: Molang is not supported: "vector"
[21:54:31] [Render thread/WARN]: Molang is not supported: "vector"
[21:54:31] [Render thread/WARN]: Molang is not supported: "vector"
[21:54:31] [Render thread/WARN]: Molang is not supported: "vector"
[21:54:31] [Render thread/WARN]: Molang is not supported: "vector"
[21:54:31] [Render thread/WARN]: Molang is not supported: "vector"
[21:54:31] [Render thread/WARN]: Molang is not supported: "vector"
[21:54:31] [Render thread/WARN]: Molang is not supported: "vector"
[21:54:31] [Render thread/WARN]: Molang is not supported: "vector"
[21:54:31] [Render thread/WARN]: Molang is not supported: "vector"
[21:54:31] [Render thread/WARN]: Molang is not supported: "vector"
[21:54:31] [Render thread/WARN]: Molang is not supported: "vector"
[21:54:31] [Render thread/WARN]: Molang is not supported: "vector"
[21:54:31] [Render thread/WARN]: Molang is not supported: "vector"
[21:54:31] [Render thread/WARN]: Molang is not supported: "vector"
[21:54:31] [Render thread/WARN]: Molang is not supported: "vector"
[21:54:31] [Render thread/WARN]: Molang is not supported: "vector"
[21:54:31] [Render thread/WARN]: Molang is not supported: "vector"
[21:54:31] [Render thread/WARN]: Molang is not supported: "vector"
[21:54:31] [Render thread/WARN]: Molang is not supported: "vector"
[21:54:31] [Render thread/WARN]: Molang is not supported: "vector"
[21:54:31] [Render thread/WARN]: Molang is not supported: "vector"
[21:54:31] [Render thread/WARN]: Molang is not supported: "vector"
[21:54:31] [Render thread/WARN]: Molang is not supported: "vector"
[21:54:31] [Render thread/WARN]: Molang is not supported: "vector"
[21:54:31] [Render thread/WARN]: Molang is not supported: "vector"
[21:54:31] [Render thread/WARN]: Molang is not supported: "vector"
[21:54:31] [Render thread/WARN]: Molang is not supported: "vector"
[21:54:31] [Render thread/WARN]: Molang is not supported: "vector"
[21:54:31] [Render thread/WARN]: Molang is not supported: "vector"
[21:54:31] [Render thread/WARN]: Molang is not supported: "vector"
[21:54:31] [Render thread/WARN]: Molang is not supported: "vector"
[21:54:31] [Render thread/WARN]: Molang is not supported: "vector"
[21:54:31] [Render thread/WARN]: Molang is not supported: "vector"
[21:54:31] [Render thread/WARN]: Molang is not supported: "vector"
[21:54:31] [Render thread/WARN]: Molang is not supported: "vector"
[21:54:31] [Render thread/WARN]: Molang is not supported: "vector"
[21:54:31] [Render thread/WARN]: Molang is not supported: "vector"
[21:54:31] [Render thread/WARN]: Molang is not supported: "vector"
[21:54:31] [Render thread/WARN]: Molang is not supported: "vector"
[21:54:31] [Render thread/WARN]: Molang is not supported: "vector"
[21:54:31] [Render thread/WARN]: Molang is not supported: "vector"
[21:54:31] [Render thread/WARN]: Molang is not supported: "vector"
[21:54:31] [Render thread/WARN]: Molang is not supported: "vector"
[21:54:31] [Render thread/WARN]: Molang is not supported: "vector"
[21:54:31] [Render thread/WARN]: Molang is not supported: "vector"
[21:54:31] [Render thread/WARN]: Molang is not supported: "vector"
[21:54:31] [Render thread/WARN]: Molang is not supported: "vector"
[21:54:31] [Render thread/WARN]: Molang is not supported: "vector"
[21:54:31] [Render thread/WARN]: Molang is not supported: "vector"
[21:54:31] [Render thread/WARN]: Molang is not supported: "vector"
[21:54:31] [Render thread/WARN]: Molang is not supported: "vector"
[21:54:31] [Render thread/WARN]: Molang is not supported: "vector"
[21:54:31] [Render thread/WARN]: Molang is not supported: "vector"
[21:54:31] [Render thread/WARN]: Molang is not supported: "vector"
[21:54:31] [Render thread/WARN]: Molang is not supported: "vector"
[21:54:31] [Render thread/WARN]: Molang is not supported: "vector"
[21:54:31] [Render thread/WARN]: Molang is not supported: "vector"
[21:54:31] [Render thread/WARN]: Molang is not supported: "vector"
[21:54:31] [Render thread/WARN]: Molang is not supported: "vector"
[21:54:31] [Render thread/WARN]: Molang is not supported: "vector"
[21:54:31] [Render thread/WARN]: Molang is not supported: "vector"
[21:54:31] [Render thread/WARN]: Molang is not supported: "vector"
[21:54:31] [Render thread/WARN]: Molang is not supported: "vector"
[21:54:31] [Render thread/WARN]: Molang is not supported: "vector"
[21:54:31] [Render thread/WARN]: Molang is not supported: "vector"
[21:54:31] [Render thread/WARN]: Molang is not supported: "vector"
[21:54:31] [Render thread/WARN]: Molang is not supported: "vector"
[21:54:31] [Render thread/WARN]: Molang is not supported: "vector"
[21:54:31] [Render thread/WARN]: Molang is not supported: "vector"
[21:54:31] [Render thread/WARN]: Molang is not supported: "vector"
[21:54:31] [Render thread/WARN]: Molang is not supported: "vector"
[21:54:31] [Render thread/WARN]: Molang is not supported: "vector"
[21:54:31] [Render thread/WARN]: Molang is not supported: "vector"
[21:54:31] [Render thread/WARN]: Molang is not supported: "vector"
[21:54:31] [Render thread/WARN]: Molang is not supported: "vector"
[21:54:31] [Render thread/WARN]: Molang is not supported: "vector"
[21:54:31] [Render thread/WARN]: Molang is not supported: "vector"
[21:54:31] [Render thread/WARN]: Molang is not supported: "vector"
[21:54:31] [Render thread/WARN]: Molang is not supported: "vector"
[21:54:31] [Render thread/WARN]: Molang is not supported: "vector"
[21:54:31] [Render thread/WARN]: Molang is not supported: "vector"
[21:54:31] [Render thread/WARN]: Molang is not supported: "vector"
[21:54:31] [Render thread/WARN]: Molang is not supported: "vector"
[21:54:31] [Render thread/WARN]: Molang is not supported: "vector"
[21:54:31] [Render thread/WARN]: Molang is not supported: "vector"
[21:54:31] [Render thread/WARN]: Molang is not supported: "vector"
[21:54:31] [Render thread/WARN]: Molang is not supported: "vector"
[21:54:31] [Render thread/WARN]: Molang is not supported: "vector"
[21:54:31] [Render thread/WARN]: Molang is not supported: "vector"
[21:54:31] [Render thread/WARN]: Molang is not supported: "vector"
[21:54:31] [Render thread/WARN]: Molang is not supported: "vector"
[21:54:31] [Render thread/WARN]: Molang is not supported: "vector"
[21:54:31] [Render thread/WARN]: Molang is not supported: "vector"
[21:54:31] [Render thread/WARN]: Molang is not supported: "vector"
[21:54:31] [Render thread/WARN]: Molang is not supported: "vector"
[21:54:31] [Render thread/WARN]: Molang is not supported: "vector"
[21:54:31] [Render thread/WARN]: Molang is not supported: "vector"
[21:54:31] [Render thread/WARN]: Molang is not supported: "vector"
[21:54:31] [Render thread/WARN]: Molang is not supported: "vector"
[21:54:31] [Render thread/WARN]: Molang is not supported: "vector"
[21:54:31] [Render thread/WARN]: Molang is not supported: "vector"
[21:54:31] [Render thread/WARN]: Molang is not supported: "vector"
[21:54:31] [Render thread/WARN]: Molang is not supported: "vector"
[21:54:31] [Render thread/WARN]: Molang is not supported: "vector"
[21:54:31] [Render thread/WARN]: Molang is not supported: "vector"
[21:54:31] [Render thread/WARN]: Molang is not supported: "vector"
[21:54:31] [Render thread/WARN]: Molang is not supported: "vector"
[21:54:31] [Render thread/WARN]: Molang is not supported: "vector"
[21:54:31] [Render thread/WARN]: Molang is not supported: "vector"
[21:54:31] [Render thread/WARN]: Molang is not supported: "vector"
[21:54:31] [Render thread/WARN]: Molang is not supported: "vector"
[21:54:31] [Render thread/WARN]: Molang is not supported: "vector"
[21:54:31] [Render thread/WARN]: Molang is not supported: "vector"
[21:54:31] [Render thread/WARN]: Molang is not supported: "vector"
[21:54:31] [Render thread/WARN]: Molang is not supported: "vector"
[21:54:31] [Render thread/WARN]: Molang is not supported: "vector"
[21:54:31] [Render thread/WARN]: Molang is not supported: "vector"
[21:54:31] [Render thread/WARN]: Molang is not supported: "vector"
[21:54:31] [Render thread/WARN]: Molang is not supported: "vector"
[21:54:31] [Render thread/WARN]: Molang is not supported: "vector"
[21:54:31] [Render thread/WARN]: Molang is not supported: "vector"
[21:54:31] [Render thread/WARN]: Molang is not supported: "vector"
[21:54:31] [Render thread/WARN]: Molang is not supported: "vector"
[21:54:31] [Render thread/WARN]: Molang is not supported: "vector"
[21:54:31] [Render thread/WARN]: Molang is not supported: "vector"
[21:54:31] [Render thread/WARN]: Molang is not supported: "vector"
[21:54:31] [Render thread/WARN]: Molang is not supported: "vector"
[21:54:31] [Render thread/WARN]: Molang is not supported: "vector"
[21:54:31] [Render thread/WARN]: Molang is not supported: "vector"
[21:54:31] [Render thread/WARN]: Molang is not supported: "vector"
[21:54:31] [Render thread/WARN]: Molang is not supported: "vector"
[21:54:31] [Render thread/WARN]: Molang is not supported: "vector"
[21:54:31] [Render thread/WARN]: Molang is not supported: "vector"
[21:54:31] [Render thread/WARN]: Molang is not supported: "vector"
[21:54:31] [Render thread/WARN]: Molang is not supported: "vector"
[21:54:31] [Render thread/WARN]: Molang is not supported: "vector"
[21:54:31] [Render thread/WARN]: Molang is not supported: "vector"
[21:54:31] [Render thread/WARN]: Molang is not supported: "vector"
[21:54:31] [Render thread/WARN]: Molang is not supported: "vector"
[21:54:31] [Render thread/WARN]: Molang is not supported: "vector"
[21:54:31] [Render thread/WARN]: Molang is not supported: "vector"
[21:54:31] [Render thread/WARN]: Molang is not supported: "vector"
[21:54:31] [Render thread/WARN]: Molang is not supported: "vector"
[21:54:31] [Render thread/WARN]: Molang is not supported: "vector"
[21:54:31] [Render thread/WARN]: Molang is not supported: "vector"
[21:54:31] [Render thread/WARN]: Molang is not supported: "vector"
[21:54:31] [Render thread/WARN]: Molang is not supported: "vector"
[21:54:31] [Render thread/WARN]: Molang is not supported: "vector"
[21:54:31] [Render thread/WARN]: Molang is not supported: "vector"
[21:54:31] [Render thread/WARN]: Molang is not supported: "vector"
[21:54:31] [Render thread/WARN]: Molang is not supported: "vector"
[21:54:31] [Render thread/WARN]: Molang is not supported: "vector"
[21:54:31] [Render thread/WARN]: Molang is not supported: "vector"
[21:54:31] [Render thread/WARN]: Molang is not supported: "vector"
[21:54:31] [Render thread/WARN]: Molang is not supported: "vector"
[21:54:31] [Render thread/WARN]: Molang is not supported: "vector"
[21:54:31] [Render thread/WARN]: Molang is not supported: "vector"
[21:54:31] [Render thread/WARN]: Molang is not supported: "vector"
[21:54:31] [Render thread/WARN]: Molang is not supported: "vector"
[21:54:31] [Render thread/WARN]: Molang is not supported: "vector"
[21:54:31] [Render thread/WARN]: Molang is not supported: "vector"
[21:54:31] [Render thread/WARN]: Molang is not supported: "vector"
[21:54:31] [Render thread/WARN]: Molang is not supported: "vector"
[21:54:31] [Render thread/WARN]: Molang is not supported: "vector"
[21:54:31] [Render thread/WARN]: Molang is not supported: "vector"
[21:54:31] [Render thread/WARN]: Molang is not supported: "vector"
[21:54:31] [Render thread/WARN]: Molang is not supported: "vector"
[21:54:31] [Render thread/WARN]: Molang is not supported: "vector"
[21:54:31] [Render thread/WARN]: Molang is not supported: "vector"
[21:54:31] [Render thread/WARN]: Molang is not supported: "vector"
[21:54:31] [Render thread/WARN]: Molang is not supported: "vector"
[21:54:31] [Render thread/WARN]: Molang is not supported: "vector"
[21:54:31] [Render thread/WARN]: Molang is not supported: "vector"
[21:54:31] [Render thread/WARN]: Molang is not supported: "vector"
[21:54:31] [Render thread/WARN]: Molang is not supported: "vector"
[21:54:31] [Render thread/WARN]: Molang is not supported: "vector"
[21:54:31] [Render thread/WARN]: Molang is not supported: "vector"
[21:54:31] [Render thread/WARN]: Molang is not supported: "vector"
[21:54:31] [Render thread/WARN]: Molang is not supported: "vector"
[21:54:31] [Render thread/WARN]: Molang is not supported: "vector"
[21:54:31] [Render thread/WARN]: Molang is not supported: "vector"
[21:54:31] [Render thread/WARN]: Molang is not supported: "vector"
[21:54:31] [Render thread/WARN]: Molang is not supported: "vector"
[21:54:31] [Render thread/WARN]: Molang is not supported: "vector"
[21:54:31] [Render thread/WARN]: Molang is not supported: "vector"
[21:54:31] [Render thread/WARN]: Molang is not supported: "vector"
[21:54:31] [Render thread/WARN]: Molang is not supported: "vector"
[21:54:31] [Render thread/WARN]: Molang is not supported: "vector"
[21:54:31] [Render thread/WARN]: Molang is not supported: "math.sin(query.anim_time*360)*2"
[21:54:31] [Render thread/WARN]: Molang is not supported: "math.sin(query.anim_time*360)*-4"
[21:54:31] [Render thread/WARN]: Molang is not supported: "-35+math.sin(query.anim_time*360+90)*-7"
[21:54:31] [Render thread/WARN]: Molang is not supported: "math.cos(query.anim_time*360)*20"
[21:54:31] [Render thread/WARN]: Molang is not supported: "math.sin(query.anim_time*360)*50-60"
[21:54:31] [Render thread/WARN]: Molang is not supported: "math.cos(query.anim_time*360)*30+30"
[21:54:31] [Render thread/WARN]: Molang is not supported: "math.cos(query.anim_time*360)*-5-5"
[21:54:31] [Render thread/WARN]: Molang is not supported: "math.cos(query.anim_time*360)*15+15"
[21:54:31] [Render thread/WARN]: Molang is not supported: "math.sin(query.anim_time*360+100)*5"
[21:54:31] [Render thread/WARN]: Molang is not supported: "math.sin(query.anim_time*360+0)*5"
[21:54:31] [Render thread/WARN]: Molang is not supported: "math.sin(query.anim_time*360+60)*5"
[21:54:31] [Render thread/WARN]: Molang is not supported: "math.sin(query.anim_time*360+0)*-5"
[21:54:31] [Render thread/WARN]: Molang is not supported: "math.cos(query.anim_time*360)*-20"
[21:54:31] [Render thread/WARN]: Molang is not supported: "math.sin(query.anim_time*360)*-50+60"
[21:54:31] [Render thread/WARN]: Molang is not supported: "math.cos(query.anim_time*360)*-30-30"
[21:54:31] [Render thread/WARN]: Molang is not supported: "math.cos(query.anim_time*360)*-5-5"
[21:54:31] [Render thread/WARN]: Molang is not supported: "math.cos(query.anim_time*360)*-15-15"
[21:54:31] [Render thread/WARN]: Molang is not supported: "27.5+math.sin(query.anim_time*720)*1"
[21:54:31] [Render thread/WARN]: Molang is not supported: "-40 + math.cos(query.anim_time*720)*-3"
[21:54:31] [Render thread/WARN]: Molang is not supported: "60 + math.sin(query.anim_time*360)*15"
[21:54:31] [Render thread/WARN]: Molang is not supported: "-37.5-math.cos(query.anim_time*360+30)*2"
[21:54:31] [Render thread/WARN]: Molang is not supported: "5+math.sin(query.anim_time*360)*30"
[21:54:31] [Render thread/WARN]: Molang is not supported: "5+math.sin(query.anim_time*360)*-12.5"
[21:54:31] [Render thread/WARN]: Molang is not supported: "-85-math.cos(query.anim_time*360+30)*4"
[21:54:31] [Render thread/WARN]: Molang is not supported: "-65-math.cos(query.anim_time*360+30)*3"
[21:54:31] [Render thread/WARN]: Molang is not supported: "-60+math.sin(query.anim_time*360)*15"
[21:54:31] [Render thread/WARN]: Molang is not supported: "40 + math.cos(query.anim_time*360)* -15"
[21:54:31] [Render thread/WARN]: Molang is not supported: "65-math.cos(query.anim_time*360+30)*3"
[21:54:31] [Render thread/WARN]: Molang is not supported: "85-math.cos(query.anim_time*360+30)*4"
[21:54:31] [Render thread/WARN]: Molang is not supported: "37.5-math.cos(query.anim_time*360+30)*2"
[21:54:31] [Render thread/WARN]: Molang is not supported: "-40 + math.cos(query.anim_time*360)* -15"
[21:54:31] [Render thread/WARN]: Molang is not supported: "math.sin(query.anim_time*90+30)*-3"
[21:54:31] [Render thread/WARN]: Molang is not supported: "math.sin(query.anim_time*90)*-3"
[21:54:31] [Render thread/WARN]: Molang is not supported: "82.5+math.sin(query.anim_time*90)*-2"
[21:54:31] [Render thread/WARN]: Molang is not supported: "-77.5+math.sin(query.anim_time*90)*-2"
[21:54:31] [Render thread/WARN]: Molang is not supported: "vector"
[21:54:31] [Render thread/WARN]: Molang is not supported: "vector"
[21:54:31] [Render thread/WARN]: Molang is not supported: "vector"
[21:54:31] [Render thread/WARN]: Molang is not supported: "vector"
[21:54:31] [Render thread/WARN]: Molang is not supported: "vector"
[21:54:31] [Render thread/WARN]: Molang is not supported: "vector"
[21:54:31] [Render thread/WARN]: Molang is not supported: "vector"
[21:54:31] [Render thread/WARN]: Molang is not supported: "vector"
[21:54:31] [Render thread/WARN]: Molang is not supported: "vector"
[21:54:31] [Render thread/WARN]: Molang is not supported: "vector"
[21:54:31] [Render thread/WARN]: Molang is not supported: "vector"
[21:54:31] [Render thread/WARN]: Molang is not supported: "vector"
[21:54:31] [Render thread/WARN]: Molang is not supported: "vector"
[21:54:31] [Render thread/WARN]: Molang is not supported: "vector"
[21:54:31] [Render thread/WARN]: Molang is not supported: "vector"
[21:54:31] [Render thread/WARN]: Molang is not supported: "vector"
[21:54:31] [Render thread/WARN]: Molang is not supported: "vector"
[21:54:31] [Render thread/WARN]: Molang is not supported: "vector"
[21:54:31] [Render thread/WARN]: Molang is not supported: "vector"
[21:54:31] [Render thread/WARN]: Molang is not supported: "vector"
[21:54:31] [Render thread/WARN]: Molang is not supported: "vector"
[21:54:31] [Render thread/WARN]: Molang is not supported: "vector"
[21:54:31] [Render thread/WARN]: Molang is not supported: "vector"
[21:54:31] [Render thread/WARN]: Molang is not supported: "vector"
[21:54:31] [Render thread/WARN]: Molang is not supported: "vector"
[21:54:31] [Render thread/WARN]: Molang is not supported: "vector"
[21:54:31] [Render thread/WARN]: Molang is not supported: "vector"
[21:54:31] [Render thread/WARN]: Molang is not supported: "vector"
[21:54:31] [Render thread/WARN]: Molang is not supported: "vector"
[21:54:31] [Render thread/WARN]: Molang is not supported: "vector"
[21:54:31] [Render thread/WARN]: Molang is not supported: "vector"
[21:54:31] [Render thread/WARN]: Molang is not supported: "vector"
[21:54:31] [Render thread/WARN]: Molang is not supported: "vector"
[21:54:31] [Render thread/WARN]: Molang is not supported: "vector"
[21:54:31] [Render thread/WARN]: Molang is not supported: "vector"
[21:54:31] [Render thread/WARN]: Molang is not supported: "vector"
[21:54:31] [Render thread/WARN]: Molang is not supported: "vector"
[21:54:31] [Render thread/WARN]: Molang is not supported: "vector"
[21:54:31] [Render thread/WARN]: Molang is not supported: "vector"
[21:54:31] [Render thread/WARN]: Molang is not supported: "vector"
[21:54:31] [Render thread/WARN]: Molang is not supported: "vector"
[21:54:31] [Render thread/WARN]: Molang is not supported: "vector"
[21:54:31] [Render thread/WARN]: Molang is not supported: "vector"
[21:54:31] [Render thread/WARN]: Molang is not supported: "vector"
[21:54:31] [Render thread/WARN]: Molang is not supported: "vector"
[21:54:31] [Render thread/WARN]: Molang is not supported: "vector"
[21:54:31] [Render thread/WARN]: Molang is not supported: "vector"
[21:54:31] [Render thread/WARN]: Molang is not supported: "vector"
[21:54:31] [Render thread/WARN]: Molang is not supported: "vector"
[21:54:31] [Render thread/WARN]: Molang is not supported: "vector"
[21:54:31] [Render thread/WARN]: Molang is not supported: "vector"
[21:54:31] [Render thread/WARN]: Molang is not supported: "vector"
[21:54:31] [Render thread/WARN]: Molang is not supported: "vector"
[21:54:31] [Render thread/WARN]: Molang is not supported: "vector"
[21:54:31] [Render thread/WARN]: Molang is not supported: "vector"
[21:54:31] [Render thread/WARN]: Molang is not supported: "vector"
[21:54:31] [Render thread/WARN]: Molang is not supported: "vector"
[21:54:31] [Render thread/WARN]: Molang is not supported: "vector"
[21:54:31] [Render thread/WARN]: Molang is not supported: "vector"
[21:54:31] [Render thread/WARN]: Molang is not supported: "vector"
[21:54:31] [Render thread/WARN]: Molang is not supported: "vector"
[21:54:31] [Render thread/WARN]: Molang is not supported: "vector"
[21:54:31] [Render thread/WARN]: Molang is not supported: "vector"
[21:54:31] [Render thread/WARN]: Molang is not supported: "vector"
[21:54:31] [Render thread/WARN]: Molang is not supported: "vector"
[21:54:31] [Render thread/WARN]: Molang is not supported: "vector"
[21:54:31] [Render thread/WARN]: Molang is not supported: "vector"
[21:54:31] [Render thread/WARN]: Molang is not supported: "vector"
[21:54:31] [Render thread/WARN]: Molang is not supported: "vector"
[21:54:31] [Render thread/WARN]: Molang is not supported: "vector"
[21:54:31] [Render thread/WARN]: Molang is not supported: "vector"
[21:54:31] [Render thread/WARN]: Molang is not supported: "vector"
[21:54:31] [Render thread/WARN]: Molang is not supported: "vector"
[21:54:31] [Render thread/WARN]: Molang is not supported: "vector"
[21:54:31] [Render thread/WARN]: Molang is not supported: "vector"
[21:54:31] [Render thread/WARN]: Molang is not supported: "vector"
[21:54:31] [Render thread/WARN]: Molang is not supported: "vector"
[21:54:31] [Render thread/WARN]: Molang is not supported: "vector"
[21:54:31] [Render thread/WARN]: Molang is not supported: "vector"
[21:54:31] [Render thread/WARN]: Molang is not supported: "vector"
[21:54:31] [Render thread/WARN]: Molang is not supported: "vector"
[21:54:31] [Render thread/WARN]: Molang is not supported: "vector"
[21:54:31] [Render thread/WARN]: Molang is not supported: "vector"
[21:54:31] [Render thread/WARN]: Molang is not supported: "vector"
[21:54:31] [Render thread/WARN]: Molang is not supported: "vector"
[21:54:31] [Render thread/WARN]: Molang is not supported: "vector"
[21:54:31] [Render thread/WARN]: Molang is not supported: "vector"
[21:54:31] [Render thread/WARN]: Molang is not supported: "vector"
[21:54:31] [Render thread/WARN]: Molang is not supported: "vector"
[21:54:31] [Render thread/WARN]: Molang is not supported: "vector"
[21:54:31] [Render thread/WARN]: Molang is not supported: "vector"
[21:54:31] [Render thread/WARN]: Molang is not supported: "vector"
[21:54:31] [Render thread/WARN]: Molang is not supported: "vector"
[21:54:31] [Render thread/WARN]: Molang is not supported: "vector"
[21:54:31] [Render thread/WARN]: Molang is not supported: "vector"
[21:54:31] [Render thread/WARN]: Molang is not supported: "vector"
[21:54:31] [Render thread/WARN]: Molang is not supported: "vector"
[21:54:31] [Render thread/WARN]: Molang is not supported: "vector"
[21:54:31] [Render thread/WARN]: Molang is not supported: "vector"
[21:54:31] [Render thread/WARN]: Molang is not supported: "vector"
[21:54:31] [Render thread/WARN]: Molang is not supported: "vector"
[21:54:31] [Render thread/WARN]: Molang is not supported: "vector"
[21:54:31] [Render thread/WARN]: Molang is not supported: "vector"
[21:54:31] [Render thread/WARN]: Molang is not supported: "vector"
[21:54:31] [Render thread/WARN]: Molang is not supported: "vector"
[21:54:31] [Render thread/WARN]: Molang is not supported: "vector"
[21:54:31] [Render thread/WARN]: Molang is not supported: "vector"
[21:54:31] [Render thread/WARN]: Molang is not supported: "vector"
[21:54:31] [Render thread/WARN]: Molang is not supported: "vector"
[21:54:31] [Render thread/WARN]: Molang is not supported: "vector"
[21:54:31] [Render thread/WARN]: Molang is not supported: "vector"
[21:54:31] [Render thread/WARN]: Molang is not supported: "vector"
[21:54:31] [Render thread/WARN]: Molang is not supported: "vector"
[21:54:31] [Render thread/WARN]: Molang is not supported: "vector"
[21:54:31] [Render thread/WARN]: Molang is not supported: "vector"
[21:54:31] [Render thread/WARN]: Molang is not supported: "vector"
[21:54:31] [Render thread/WARN]: Molang is not supported: "vector"
[21:54:31] [Render thread/WARN]: Molang is not supported: "vector"
[21:54:31] [Render thread/WARN]: Molang is not supported: "vector"
[21:54:31] [Render thread/WARN]: Molang is not supported: "vector"
[21:54:31] [Render thread/WARN]: Molang is not supported: "vector"
[21:54:31] [Render thread/WARN]: Molang is not supported: "vector"
[21:54:31] [Render thread/WARN]: Molang is not supported: "vector"
[21:54:31] [Render thread/WARN]: Molang is not supported: "vector"
[21:54:31] [Render thread/WARN]: Molang is not supported: "vector"
[21:54:31] [Render thread/WARN]: Molang is not supported: "vector"
[21:54:31] [Render thread/WARN]: Molang is not supported: "vector"
[21:54:31] [Render thread/WARN]: Molang is not supported: "vector"
[21:54:31] [Render thread/WARN]: Molang is not supported: "vector"
[21:54:31] [Render thread/WARN]: Molang is not supported: "vector"
[21:54:31] [Render thread/WARN]: Molang is not supported: "vector"
[21:54:31] [Render thread/WARN]: Molang is not supported: "vector"
[21:54:31] [Render thread/WARN]: Molang is not supported: "vector"
[21:54:31] [Render thread/WARN]: Molang is not supported: "vector"
[21:54:31] [Render thread/WARN]: Molang is not supported: "vector"
[21:54:31] [Render thread/WARN]: Molang is not supported: "vector"
[21:54:31] [Render thread/WARN]: Molang is not supported: "vector"
[21:54:31] [Render thread/WARN]: Molang is not supported: "vector"
[21:54:31] [Render thread/WARN]: Molang is not supported: "vector"
[21:54:31] [Render thread/WARN]: Molang is not supported: "vector"
[21:54:31] [Render thread/WARN]: Molang is not supported: "vector"
[21:54:31] [Render thread/WARN]: Molang is not supported: "vector"
[21:54:31] [Render thread/WARN]: Molang is not supported: "vector"
[21:54:31] [Render thread/WARN]: Molang is not supported: "vector"
[21:54:31] [Render thread/WARN]: Molang is not supported: "vector"
[21:54:31] [Render thread/WARN]: Molang is not supported: "vector"
[21:54:31] [Render thread/WARN]: Molang is not supported: "vector"
[21:54:31] [Render thread/WARN]: Molang is not supported: "vector"
[21:54:31] [Render thread/WARN]: Molang is not supported: "vector"
[21:54:31] [Render thread/WARN]: Molang is not supported: "vector"
[21:54:31] [Render thread/WARN]: Molang is not supported: "vector"
[21:54:31] [Render thread/WARN]: Molang is not supported: "vector"
[21:54:31] [Render thread/WARN]: Molang is not supported: "vector"
[21:54:31] [Render thread/WARN]: Molang is not supported: "vector"
[21:54:31] [Render thread/WARN]: Molang is not supported: "vector"
[21:54:31] [Render thread/WARN]: Molang is not supported: "vector"
[21:54:31] [Render thread/WARN]: Molang is not supported: "vector"
[21:54:31] [Render thread/WARN]: Molang is not supported: "vector"
[21:54:31] [Render thread/WARN]: Molang is not supported: "vector"
[21:54:31] [Render thread/WARN]: Molang is not supported: "vector"
[21:54:31] [Render thread/WARN]: Molang is not supported: "vector"
[21:54:31] [Render thread/WARN]: Molang is not supported: "vector"
[21:54:31] [Render thread/WARN]: Molang is not supported: "vector"
[21:54:31] [Render thread/WARN]: Molang is not supported: "vector"
[21:54:31] [Render thread/WARN]: Molang is not supported: "vector"
[21:54:31] [Render thread/WARN]: Molang is not supported: "vector"
[21:54:31] [Render thread/WARN]: Molang is not supported: "vector"
[21:54:31] [Render thread/WARN]: Molang is not supported: "vector"
[21:54:31] [Render thread/WARN]: Molang is not supported: "vector"
[21:54:31] [Render thread/WARN]: Molang is not supported: "vector"
[21:54:31] [Render thread/WARN]: Molang is not supported: "vector"
[21:54:31] [Render thread/WARN]: Molang is not supported: "vector"
[21:54:31] [Render thread/WARN]: Molang is not supported: "vector"
[21:54:31] [Render thread/WARN]: Molang is not supported: "vector"
[21:54:31] [Render thread/WARN]: Molang is not supported: "vector"
[21:54:31] [Render thread/WARN]: Molang is not supported: "vector"
[21:54:31] [Render thread/WARN]: Molang is not supported: "vector"
[21:54:31] [Render thread/WARN]: Molang is not supported: "vector"
[21:54:31] [Render thread/WARN]: Molang is not supported: "vector"
[21:54:31] [Render thread/WARN]: Molang is not supported: "vector"
[21:54:31] [Render thread/WARN]: Molang is not supported: "vector"
[21:54:31] [Render thread/WARN]: Molang is not supported: "vector"
[21:54:31] [Render thread/WARN]: Molang is not supported: "vector"
[21:54:31] [Render thread/WARN]: Molang is not supported: "vector"
[21:54:31] [Render thread/WARN]: Molang is not supported: "vector"
[21:54:31] [Render thread/WARN]: Molang is not supported: "vector"
[21:54:31] [Render thread/WARN]: Molang is not supported: "vector"
[21:54:31] [Render thread/WARN]: Molang is not supported: "vector"
[21:54:31] [Render thread/WARN]: Molang is not supported: "vector"
[21:54:31] [Render thread/WARN]: Molang is not supported: "vector"
[21:54:31] [Render thread/WARN]: Molang is not supported: "vector"
[21:54:31] [Render thread/WARN]: Molang is not supported: "vector"
[21:54:31] [Render thread/WARN]: Molang is not supported: "vector"
[21:54:31] [Render thread/WARN]: Molang is not supported: "vector"
[21:54:31] [Render thread/WARN]: Molang is not supported: "vector"
[21:54:31] [Render thread/WARN]: Molang is not supported: "vector"
[21:54:31] [Render thread/WARN]: Molang is not supported: "vector"
[21:54:31] [Render thread/WARN]: Molang is not supported: "vector"
[21:54:31] [Render thread/WARN]: Molang is not supported: "vector"
[21:54:31] [Render thread/WARN]: Molang is not supported: "vector"
[21:54:31] [Render thread/WARN]: Molang is not supported: "vector"
[21:54:31] [Render thread/WARN]: Molang is not supported: "vector"
[21:54:31] [Render thread/WARN]: Molang is not supported: "vector"
[21:54:31] [Render thread/WARN]: Molang is not supported: "vector"
[21:54:31] [Render thread/WARN]: Molang is not supported: "vector"
[21:54:31] [Render thread/WARN]: Molang is not supported: "vector"
[21:54:31] [Render thread/WARN]: Molang is not supported: "vector"
[21:54:31] [Render thread/WARN]: Molang is not supported: "vector"
[21:54:31] [Render thread/WARN]: Molang is not supported: "vector"
[21:54:31] [Render thread/WARN]: Molang is not supported: "vector"
[21:54:31] [Render thread/WARN]: Molang is not supported: "vector"
[21:54:31] [Render thread/WARN]: Molang is not supported: "vector"
[21:54:31] [Render thread/WARN]: Molang is not supported: "vector"
[21:54:31] [Render thread/WARN]: Molang is not supported: "vector"
[21:54:31] [Render thread/WARN]: Molang is not supported: "vector"
[21:54:31] [Render thread/WARN]: Molang is not supported: "vector"
[21:54:31] [Render thread/WARN]: Molang is not supported: "vector"
[21:54:31] [Render thread/WARN]: Molang is not supported: "vector"
[21:54:31] [Render thread/WARN]: Molang is not supported: "vector"
[21:54:31] [Render thread/WARN]: Molang is not supported: "vector"
[21:54:31] [Render thread/WARN]: Molang is not supported: "vector"
[21:54:31] [Render thread/WARN]: Molang is not supported: "vector"
[21:54:31] [Render thread/WARN]: Molang is not supported: "vector"
[21:54:31] [Render thread/WARN]: Molang is not supported: "vector"
[21:54:31] [Render thread/WARN]: Molang is not supported: "vector"
[21:54:31] [Render thread/WARN]: Molang is not supported: "vector"
[21:54:31] [Render thread/WARN]: Molang is not supported: "vector"
[21:54:31] [Render thread/WARN]: Molang is not supported: "vector"
[21:54:31] [Render thread/WARN]: Molang is not supported: "vector"
[21:54:31] [Render thread/WARN]: Molang is not supported: "vector"
[21:54:31] [Render thread/WARN]: Molang is not supported: "vector"
[21:54:31] [Render thread/WARN]: Molang is not supported: "vector"
[21:54:31] [Render thread/WARN]: Molang is not supported: "vector"
[21:54:31] [Render thread/WARN]: Molang is not supported: "vector"
[21:54:31] [Render thread/WARN]: Molang is not supported: "vector"
[21:54:31] [Render thread/WARN]: Molang is not supported: "vector"
[21:54:31] [Render thread/WARN]: Molang is not supported: "vector"
[21:54:31] [Render thread/WARN]: Molang is not supported: "vector"
[21:54:31] [Render thread/WARN]: Molang is not supported: "vector"
[21:54:31] [Render thread/WARN]: Molang is not supported: "vector"
[21:54:31] [Render thread/WARN]: Molang is not supported: "vector"
[21:54:31] [Render thread/WARN]: Molang is not supported: "vector"
[21:54:31] [Render thread/WARN]: Molang is not supported: "vector"
[21:54:31] [Render thread/WARN]: Molang is not supported: "vector"
[21:54:31] [Render thread/WARN]: Molang is not supported: "vector"
[21:54:31] [Render thread/WARN]: Molang is not supported: "vector"
[21:54:31] [Render thread/WARN]: Molang is not supported: "vector"
[21:54:31] [Render thread/WARN]: Molang is not supported: "vector"
[21:54:31] [Render thread/WARN]: Molang is not supported: "vector"
[21:54:31] [Render thread/WARN]: Molang is not supported: "vector"
[21:54:31] [Render thread/WARN]: Molang is not supported: "vector"
[21:54:31] [Render thread/WARN]: Molang is not supported: "vector"
[21:54:31] [Render thread/WARN]: Molang is not supported: "vector"
[21:54:31] [Render thread/WARN]: Molang is not supported: "vector"
[21:54:31] [Render thread/WARN]: Molang is not supported: "vector"
[21:54:31] [Render thread/WARN]: Molang is not supported: "vector"
[21:54:31] [Render thread/WARN]: Molang is not supported: "vector"
[21:54:31] [Render thread/WARN]: Molang is not supported: "vector"
[21:54:31] [Render thread/WARN]: Molang is not supported: "vector"
[21:54:31] [Render thread/WARN]: Molang is not supported: "vector"
[21:54:31] [Render thread/WARN]: Molang is not supported: "vector"
[21:54:31] [Render thread/WARN]: Molang is not supported: "vector"
[21:54:31] [Render thread/WARN]: Molang is not supported: "vector"
[21:54:31] [Render thread/WARN]: Molang is not supported: "vector"
[21:54:31] [Render thread/WARN]: Molang is not supported: "vector"
[21:54:31] [Render thread/WARN]: Molang is not supported: "vector"
[21:54:31] [Render thread/WARN]: Molang is not supported: "vector"
[21:54:31] [Render thread/WARN]: Molang is not supported: "vector"
[21:54:31] [Render thread/WARN]: Molang is not supported: "vector"
[21:54:31] [Render thread/WARN]: Molang is not supported: "vector"
[21:54:31] [Render thread/INFO]: Skipping non-result value minecraft:lantern=UNASSIGNED
[21:54:31] [Render thread/INFO]: Skipping non-result value minecraft:soul_lantern=UNASSIGNED
[21:54:31] [Render thread/INFO]: [FANCYMENU] Reloading resources..
[21:54:31] [Render thread/INFO]: [FANCYMENU] Pre-loading resources..
[21:54:31] [Render thread/INFO]: reloading ETF data.
[21:54:31] [Render thread/INFO]: emissive suffixes loaded: {_e}.
[21:54:31] [Render thread/INFO]: [FANCYMENU] Minecraft resource reload: FINISHED
[21:54:31] [Render thread/INFO]: [FANCYMENU] Overriding 'net.minecraft.client.gui.screens.TitleScreen' with custom GUI 'menu'..
[21:54:31] [Render thread/INFO]: [FANCYMENU] ScreenCustomizationLayer registered: menu
[21:54:31] [Render thread/INFO]: Loading PlayerAnimator support!
[21:54:31] [Render thread/INFO]: Loaded Vanilla Hands items: []
[21:54:31] [Render thread/INFO]: Loaded Auto Disable items: [modern_kinetic_gun]
[21:54:31] [Render thread/INFO]: Loaded AmbientEngine 'basic' v2.3.4. 11 dimension(s), 10 features, 11 groups, 35 regions, 62 sounds, 4 solids and 2 biome types
[21:54:33] [Render thread/WARN]: Game took 59.032 seconds to start
[21:54:37] [Render thread/INFO]: [FANCYMENU] Overriding 'net.minecraft.client.gui.screens.TitleScreen' with custom GUI 'menu'..
[21:54:37] [Render thread/INFO]: Loaded config for: betterfpsdist.json
[21:54:37] [Render thread/INFO]: [FANCYMENU] ScreenCustomizationLayer registered: title_screen
[21:54:38] [Render thread/ERROR]: [FANCYMENU] Failed to read texture from file! File not found: C:\Users\redzt\curseforge\minecraft\Instances\UniPack\config\fancymenu\assets\pressed_button_120_20.png
[21:54:38] [Render thread/ERROR]: [FANCYMENU] Failed to read texture from file! File not found: C:\Users\redzt\curseforge\minecraft\Instances\UniPack\config\fancymenu\assets\button_120_20.png
[21:54:38] [Render thread/ERROR]: [FANCYMENU] Failed to read texture from file! File not found: C:\Users\redzt\curseforge\minecraft\Instances\UniPack\config\fancymenu\assets\ewfsf.png
[21:54:38] [Render thread/WARN]: Shader cabb2374eda405e66b897908637abd1da5deac52 could not find uniform named subpixel_amount in the specified shader program.
[21:54:38] [Finalizer/WARN]: One or more BufferBuilders have been leaked, ModernFix will attempt to correct this.
[21:54:38] [Render thread/INFO]: [FANCYMENU] ScreenCustomizationLayer registered: gg.essential.gui.friends.SocialMenu
[21:54:45] [Render thread/INFO]: [FANCYMENU] ScreenCustomizationLayer registered: select_world_screen
[21:54:46] [Render thread/INFO]: [FANCYMENU] ScreenCustomizationLayer registered: generic_dirt_message_screen
[21:54:46] [Render thread/INFO]: Injecting existing registry data into this CLIENT instance
[21:54:46] [Render thread/INFO]: Generated runtime SERVER_DATA for pack V Slab Compat Generated Pack in: 14 ms
[21:54:46] [Render thread/INFO]: Generated runtime SERVER_DATA for pack Spelunkery Generated Pack in: 9 ms
[21:54:46] [Render thread/INFO]: Generated runtime SERVER_DATA for pack Immersive Weathering Generated Pack in: 7 ms
[21:54:48] [Render thread/INFO]: Registering commands with com.sk89q.worldedit.forge.ForgePlatform
[21:54:48] [Render thread/INFO]: Loading command nodes...
[21:54:48] [Render thread/INFO]: Loaded 2303 command nodes
[21:54:49] [Render thread/ERROR]: Parsing error loading recipe sapling_tweaks:cherry_sapling_crossbread: com.google.gson.JsonSyntaxException: Unknown item 'minecraft:cherry_sapling'
[21:54:49] [Render thread/ERROR]: Parsing error loading recipe parcool:parcool_guide: com.google.gson.JsonSyntaxException: Unknown item 'patchouli:guide_book'
[21:54:49] [Render thread/ERROR]: Parsing error loading recipe sapling_tweaks:cherry_sapling_craft: com.google.gson.JsonSyntaxException: Unknown item 'minecraft:cherry_log'
[21:54:49] [Render thread/INFO]: Loaded 11 recipes
[21:54:49] [Render thread/ERROR]: Couldn't parse loot table thirst:chests/simple_dungeon_bc: com.google.gson.JsonSyntaxException: Expected name to be an item, was unknown string 'brewinandchewin:vodka'
[21:54:49] [Render thread/ERROR]: Couldn't parse loot table thirst:chests/simple_dungeon_fr: com.google.gson.JsonSyntaxException: Expected name to be an item, was unknown string 'farmersrespite:dandelion_tea'
[21:54:49] [Render thread/ERROR]: Couldn't parse loot table thirst:chests/bastion_other_bc: com.google.gson.JsonSyntaxException: Expected name to be an item, was unknown string 'brewinandchewin:red_rum'
[21:54:49] [Render thread/ERROR]: Couldn't parse loot table thirst:blocks/sand_filter: com.google.gson.JsonSyntaxException: Expected name to be an item, was unknown string 'thirst:sand_filter'
[21:54:49] [Render thread/ERROR]: Couldn't parse loot table thirst:chests/bastion_other_fr: com.google.gson.JsonSyntaxException: Expected name to be an item, was unknown string 'farmersrespite:rose_hip_tea'
[21:54:49] [Render thread/ERROR]: Couldn't parse loot table thirst:chests/abandoned_mineshaft_fr: com.google.gson.JsonSyntaxException: Expected name to be an item, was unknown string 'farmersrespite:yellow_tea'
[21:54:49] [Render thread/ERROR]: Couldn't parse loot table thirst:chests/abandoned_mineshaft_bc: com.google.gson.JsonSyntaxException: Expected name to be an item, was unknown string 'brewinandchewin:beer'
[21:54:49] [Render thread/ERROR]: Couldn't parse loot table thirst:chests/nether_bridge_fr: com.google.gson.JsonSyntaxException: Expected name to be an item, was unknown string 'farmersrespite:rose_hip_tea'
[21:54:49] [Render thread/ERROR]: Couldn't parse loot table thirst:chests/nether_bridge_bc: com.google.gson.JsonSyntaxException: Expected name to be an item, was unknown string 'brewinandchewin:red_rum'
[21:54:49] [Render thread/ERROR]: Couldn't parse loot table parcool:grant_parcool_guide: com.google.gson.JsonSyntaxException: Expected name to be an item, was unknown string 'patchouli:guide_book'
[21:54:49] [Render thread/ERROR]: Couldn't parse loot table thirst:chests/shipwreck_supply_bc: com.google.gson.JsonSyntaxException: Expected name to be an item, was unknown string 'brewinandchewin:mead'
[21:54:49] [Render thread/ERROR]: Couldn't parse loot table thirst:chests/shipwreck_supply_fr: com.google.gson.JsonSyntaxException: Expected name to be an item, was unknown string 'farmersrespite:black_tea'
[21:54:49] [Render thread/ERROR]: Parsing error loading custom advancement man:thetear: Non [a-z0-9/._-] character in path of location: man:tearoftheman

[21:54:49] [Render thread/INFO]: Loaded 1654 advancements
[21:54:50] [Render thread/INFO]: CraftTweaker reload starting!
[21:54:50] [Render thread/INFO]: CraftTweaker reload complete!
[21:54:50] [Render thread/INFO]: Loaded 84 block growths configurations
[21:54:50] [Render thread/INFO]: Loaded 16 liquid generators configurations
[21:54:50] [Render thread/INFO]: Disconnected from server, resetting proxy config values
[21:54:50] [Render thread/INFO]: [FANCYMENU] ScreenCustomizationLayer registered: progress_screen
[21:54:50] [Render thread/INFO]: emissive suffixes loaded: {_e}.
[21:54:50] [Server thread/INFO]: Starting integrated minecraft server version 1.19.2
[21:54:50] [Server thread/INFO]: Generating keypair
[21:54:51] [Server thread/INFO]: loaded team data: 9 known players, 10 teams total
[21:54:51] [Server thread/INFO]: Loading server configs...
[21:54:51] [Render thread/INFO]: [FANCYMENU] ScreenCustomizationLayer registered: level_loading_screen
[21:54:51] [Server thread/INFO]: Preparing start region for dimension minecraft:overworld
[21:54:51] [Server thread/WARN]: Method overwrite conflict for removeIf in canary.mixins.json:world.chunk_tickets.SortedArraySetMixin, previously written by org.embeddedt.modernfix.common.mixin.bugfix.paper_chunk_patches.SortedArraySetMixin. Skipping method.
[21:54:52] [Render thread/INFO]: Preparing spawn area: 0%
[21:54:52] [Render thread/INFO]: Preparing spawn area: 0%
[21:54:52] [Render thread/INFO]: Preparing spawn area: 0%
[21:54:53] [Server thread/INFO]: Successfully initialized permission handler forge:default_handler
[21:54:53] [Render thread/INFO]: Time elapsed: 1587 ms
[21:54:53] [Server thread/INFO]: Thanks for choosing Structory!
[21:54:53] [Server thread/INFO]: Registered synced player tracker system: ftb_teams
[21:54:53] [Server thread/INFO]: Registered synced player tracker system: ftb_teams
[21:54:53] [Server thread/INFO]: Loaded 3 ranks
[21:54:53] [Server thread/INFO]: MultiMine ServerStartedEvent
[21:54:53] [Server thread/INFO]: config loading now
[21:54:53] [Server thread/INFO]: config loaded successfully
[21:54:53] [Server thread/INFO]: Instantiating Mojang DFU
[21:54:54] [Server thread/INFO]: Building unoptimized datafixer
[21:54:57] [Server thread/INFO]: Encoded Weapon Attribute registry size (with package overhead): 10142 bytes (in 2 string chunks with the size of 10000)
[21:54:57] [VoiceChatServerThread/INFO]: [voicechat] Voice chat server started at port 63741
[21:54:57] [Server thread/INFO]: Changing view distance to 6, from 10
[21:54:57] [Server thread/INFO]: Changing simulation distance to 6, from 0
[21:54:57] [Render thread/WARN]: Unable to parse the boolean system property 'java.net.preferIPv6Addresses':system - using the default value: false
[21:54:59] [Netty Local Client IO #0/INFO]: Connected to a modded server.
[21:54:59] [Server thread/WARN]: defineId called for: class net.minecraft.world.entity.player.Player from class tschipp.carryon.common.carry.CarryOnDataManager
[21:54:59] [Netty Local Client IO #0/INFO]: Canceling Microsoft telemetry
[21:54:59] [Server thread/INFO]: Using new advancement loading for net.minecraft.server.PlayerAdvancements@1132d40c
[21:54:59] [Server thread/INFO]: UniRedz[local:E:a82c37a2] logged in with entity id 299 at (-231.5543703407874, 68.0, 28.840310265105156)
[21:54:59] [Server thread/INFO]: UniRedz joined the game
[21:54:59] [Render thread/INFO]: Fullscreen map required item set to nothing.
[21:54:59] [Render thread/INFO]: New world map session initialized!
[21:55:00] [Server thread/INFO]: Player connected to a local world, not setting up proxy config
[21:55:00] [Render thread/INFO]: Minimap required item set to nothing.
[21:55:00] [Render thread/INFO]: New Xaero hud session initialized!
[21:55:00] [Netty Local Client IO #0/INFO]: Decoded Weapon Attribute registry in 2 string chunks
[21:55:00] [Render thread/INFO]: Reloading pipeline on dimension change: NamespacedId{namespace='minecraft', name='overworld'} => NamespacedId{namespace='minecraft', name='overworld'}
[21:55:00] [Render thread/INFO]: Creating pipeline for dimension NamespacedId{namespace='minecraft', name='overworld'}
[21:55:00] [Render thread/INFO]: Starting custom uniform resolving
[21:55:00] [Render thread/WARN]: [Patcher] gl_FragColor is not supported yet, please use gl_FragData! Assuming that the shaderpack author intended to use gl_FragData[0]...
[21:55:00] [Render thread/INFO]: Started 10 worker threads
[21:55:01] [Render thread/INFO]: MultiMineClient playerLoginToServer: LocalPlayer['UniRedz'/305, l='ClientLevel', x=8.50, y=65.00, z=8.50]
[21:55:01] [Render thread/INFO]: JEI StartEventObserver received class net.minecraftforge.client.event.ClientPlayerNetworkEvent$LoggingIn
[21:55:01] [Render thread/INFO]: JEI StartEventObserver transitioning state from DISABLED to ENABLED
[21:55:01] [Render thread/INFO]: [voicechat] Sending secret request to the server
[21:55:01] [Server thread/INFO]: [voicechat] Received secret request of UniRedz (20)
[21:55:01] [Server thread/INFO]: [voicechat] Sent secret to UniRedz
[21:55:01] [Render thread/INFO]: Initializing sound physics for voice chat audio
[21:55:01] [Render thread/INFO]: Initializing Sound Physics
[21:55:01] [Render thread/INFO]: EFX Extension recognized
[21:55:01] [Render thread/INFO]: Max auxiliary sends: 2
[21:55:01] [Render thread/INFO]: Aux slot 1 created
[21:55:01] [Render thread/INFO]: Aux slot 2 created
[21:55:01] [Render thread/INFO]: Aux slot 3 created
[21:55:01] [Render thread/INFO]: Aux slot 4 created
[21:55:01] [Render thread/INFO]: EFX ready
[21:55:01] [Render thread/INFO]: Sent Client Information of [UniRedz]
[21:55:01] [Server thread/INFO]: Limitation of 16c32c69-f61c-4ec5-8b08-18fe37639789 was loaded
[21:55:01] [Server thread/INFO]: Sent Server Limitation of [UniRedz]
[21:55:01] [Server thread/INFO]: Received Client Information of [UniRedz]
[21:55:01] [Render thread/INFO]: [FANCYMENU] ScreenCustomizationLayer registered: receiving_level_screen
[21:55:01] [Render thread/INFO]: JEI StartEventObserver received class net.minecraftforge.client.event.RecipesUpdatedEvent
[21:55:01] [Render thread/INFO]: JEI StartEventObserver received class net.minecraftforge.event.TagsUpdatedEvent
[21:55:01] [Render thread/INFO]: JEI StartEventObserver transitioning state from ENABLED to JEI_STARTED
[21:55:01] [Render thread/INFO]: Starting JEI...
[21:55:01] [Render thread/INFO]: Registering item subtypes: jei:minecraft ...
[21:55:01] [Render thread/INFO]: Registering item subtypes: jei:minecraft took 3.854 ms
[21:55:01] [Render thread/INFO]: Registering item subtypes: sophisticatedcore:default ...
[21:55:01] [Render thread/INFO]: Registering item subtypes: sophisticatedcore:default took 4.300 ?s
[21:55:01] [Render thread/INFO]: Registering item subtypes: modernfix:capturer ...
[21:55:01] [Render thread/INFO]: Registering item subtypes: modernfix:capturer took 2.600 ?s
[21:55:01] [Render thread/INFO]: Registering item subtypes: sophisticatedbackpacks:default ...
[21:55:01] [Render thread/INFO]: Registering item subtypes: sophisticatedbackpacks:default took 580.8 ?s
[21:55:01] [Render thread/INFO]: Registering item subtypes: corpse:corpse ...
[21:55:01] [Render thread/INFO]: Registering item subtypes: corpse:corpse took 3.200 ?s
[21:55:01] [Render thread/INFO]: Registering item subtypes: farmersdelight:jei_plugin ...
[21:55:01] [Render thread/INFO]: Registering item subtypes: farmersdelight:jei_plugin took 2.500 ?s
[21:55:01] [Render thread/INFO]: Registering item subtypes: ftblibrary:jei ...
[21:55:01] [Render thread/INFO]: Registering item subtypes: ftblibrary:jei took 2.300 ?s
[21:55:01] [Render thread/INFO]: Registering item subtypes: jei:debug ...
[21:55:01] [Render thread/INFO]: Registering item subtypes: jei:debug took 2.300 ?s
[21:55:01] [Render thread/INFO]: Registering item subtypes: jei:gui ...
[21:55:01] [Render thread/INFO]: Registering item subtypes: jei:gui took 2.200 ?s
[21:55:01] [Render thread/INFO]: Registering item subtypes: jei:forge_gui ...
[21:55:01] [Render thread/INFO]: Registering item subtypes: jei:forge_gui took 2.400 ?s
[21:55:01] [Render thread/INFO]: Registering item subtypes: visualworkbench:crafting ...
[21:55:01] [Render thread/INFO]: Registering item subtypes: visualworkbench:crafting took 2.000 ?s
[21:55:01] [Render thread/INFO]: Registering item subtypes: tacz:jei ...
[21:55:01] [Render thread/INFO]: Registering item subtypes: tacz:jei took 3.543 ms
[21:55:01] [Render thread/INFO]: Registering item subtypes: jei:internal ...
[21:55:01] [Render thread/INFO]: Registering item subtypes: jei:internal took 2.900 ?s
[21:55:01] [Render thread/INFO]: Registering fluid subtypes: jei:minecraft ...
[21:55:01] [Render thread/INFO]: Registering fluid subtypes: jei:minecraft took 10.00 ?s
[21:55:01] [Render thread/INFO]: Registering fluid subtypes: sophisticatedcore:default ...
[21:55:01] [Render thread/INFO]: Registering fluid subtypes: sophisticatedcore:default took 2.800 ?s
[21:55:01] [Render thread/INFO]: Registering fluid subtypes: modernfix:capturer ...
[21:55:01] [Render thread/INFO]: Registering fluid subtypes: modernfix:capturer took 2.700 ?s
[21:55:01] [Render thread/INFO]: Registering fluid subtypes: sophisticatedbackpacks:default ...
[21:55:01] [Render thread/INFO]: Registering fluid subtypes: sophisticatedbackpacks:default took 2.400 ?s
[21:55:01] [Render thread/INFO]: Registering fluid subtypes: corpse:corpse ...
[21:55:01] [Render thread/INFO]: Registering fluid subtypes: corpse:corpse took 2.200 ?s
[21:55:01] [Render thread/INFO]: Registering fluid subtypes: farmersdelight:jei_plugin ...
[21:55:01] [Render thread/INFO]: Registering fluid subtypes: farmersdelight:jei_plugin took 2.400 ?s
[21:55:01] [Render thread/INFO]: Registering fluid subtypes: ftblibrary:jei ...
[21:55:01] [Render thread/INFO]: Registering fluid subtypes: ftblibrary:jei took 2.200 ?s
[21:55:01] [Render thread/INFO]: Registering fluid subtypes: jei:debug ...
[21:55:01] [Render thread/INFO]: Registering fluid subtypes: jei:debug took 2.529 ms
[21:55:01] [Render thread/INFO]: Registering fluid subtypes: jei:gui ...
[21:55:01] [Render thread/INFO]: Registering fluid subtypes: jei:gui took 2.900 ?s
[21:55:01] [Render thread/INFO]: Registering fluid subtypes: jei:forge_gui ...
[21:55:01] [Render thread/INFO]: Registering fluid subtypes: jei:forge_gui took 2.600 ?s
[21:55:01] [Render thread/INFO]: Registering fluid subtypes: visualworkbench:crafting ...
[21:55:01] [Render thread/INFO]: Registering fluid subtypes: visualworkbench:crafting took 2.300 ?s
[21:55:01] [Render thread/INFO]: Registering fluid subtypes: tacz:jei ...
[21:55:01] [Render thread/INFO]: Registering fluid subtypes: tacz:jei took 2.100 ?s
[21:55:01] [Render thread/INFO]: Registering fluid subtypes: jei:internal ...
[21:55:01] [Render thread/INFO]: Registering fluid subtypes: jei:internal took 3.000 ?s
[21:55:01] [Render thread/INFO]: Registering ingredients: jei:minecraft ...
[21:55:01] [Render thread/INFO]: Registering ingredients: jei:minecraft took 87.43 ms
[21:55:01] [Render thread/INFO]: Registering ingredients: sophisticatedcore:default ...
[21:55:01] [Render thread/INFO]: Registering ingredients: sophisticatedcore:default took 8.200 ?s
[21:55:01] [Render thread/INFO]: Registering ingredients: modernfix:capturer ...
[21:55:01] [Render thread/INFO]: Registering ingredients: modernfix:capturer took 3.200 ?s
[21:55:01] [Render thread/INFO]: Registering ingredients: sophisticatedbackpacks:default ...
[21:55:01] [Render thread/INFO]: Registering ingredients: sophisticatedbackpacks:default took 3.700 ?s
[21:55:01] [Render thread/INFO]: Registering ingredients: corpse:corpse ...
[21:55:01] [Render thread/INFO]: Registering ingredients: corpse:corpse took 3.500 ?s
[21:55:01] [Render thread/INFO]: Registering ingredients: farmersdelight:jei_plugin ...
[21:55:01] [Render thread/INFO]: Registering ingredients: farmersdelight:jei_plugin took 3.500 ?s
[21:55:01] [Render thread/INFO]: Registering ingredients: ftblibrary:jei ...
[21:55:01] [Render thread/INFO]: Registering ingredients: ftblibrary:jei took 3.200 ?s
[21:55:01] [Render thread/INFO]: Registering ingredients: jei:debug ...
[21:55:01] [Render thread/INFO]: Registering ingredients: jei:debug took 31.80 ?s
[21:55:01] [Render thread/INFO]: Registering ingredients: jei:gui ...
[21:55:01] [Render thread/INFO]: Registering ingredients: jei:gui took 3.800 ?s
[21:55:01] [Render thread/INFO]: Registering ingredients: jei:forge_gui ...
[21:55:01] [Render thread/INFO]: Registering ingredients: jei:forge_gui took 4.600 ?s
[21:55:01] [Render thread/INFO]: Registering ingredients: visualworkbench:crafting ...
[21:55:01] [Render thread/INFO]: Registering ingredients: visualworkbench:crafting took 3.100 ?s
[21:55:01] [Render thread/INFO]: Registering ingredients: tacz:jei ...
[21:55:01] [Render thread/INFO]: Registering ingredients: tacz:jei took 2.800 ?s
[21:55:01] [Render thread/INFO]: Registering ingredients: jei:internal ...
[21:55:01] [Render thread/INFO]: Registering ingredients: jei:internal took 4.200 ?s
[21:55:01] [Render thread/INFO]: Registering categories: jei:minecraft ...
[21:55:01] [Render thread/INFO]: Registering categories: jei:minecraft took 36.24 ms
[21:55:01] [Render thread/INFO]: Registering categories: sophisticatedcore:default ...
[21:55:01] [Render thread/INFO]: Registering categories: sophisticatedcore:default took 4.400 ?s
[21:55:01] [Render thread/INFO]: Registering categories: modernfix:capturer ...
[21:55:01] [Render thread/INFO]: Registering categories: modernfix:capturer took 2.700 ?s
[21:55:01] [Render thread/INFO]: Registering categories: sophisticatedbackpacks:default ...
[21:55:01] [Render thread/INFO]: Registering categories: sophisticatedbackpacks:default took 2.500 ?s
[21:55:01] [Render thread/INFO]: Registering categories: corpse:corpse ...
[21:55:01] [Render thread/INFO]: Registering categories: corpse:corpse took 2.400 ?s
[21:55:01] [Render thread/INFO]: Registering categories: farmersdelight:jei_plugin ...
[21:55:01] [Render thread/INFO]: Registering categories: farmersdelight:jei_plugin took 7.351 ms
[21:55:01] [Render thread/INFO]: Registering categories: ftblibrary:jei ...
[21:55:01] [Render thread/INFO]: Registering categories: ftblibrary:jei took 2.900 ?s
[21:55:01] [Render thread/INFO]: Registering categories: jei:debug ...
[21:55:01] [Render thread/INFO]: Registering categories: jei:debug took 7.600 ?s
[21:55:01] [Render thread/INFO]: Registering categories: jei:gui ...
[21:55:01] [Render thread/INFO]: Registering categories: jei:gui took 2.300 ?s
[21:55:01] [Render thread/INFO]: Registering categories: jei:forge_gui ...
[21:55:01] [Render thread/INFO]: Registering categories: jei:forge_gui took 2.700 ?s
[21:55:01] [Render thread/INFO]: Registering categories: visualworkbench:crafting ...
[21:55:01] [Render thread/INFO]: Registering categories: visualworkbench:crafting took 2.400 ?s
[21:55:01] [Render thread/INFO]: Registering categories: tacz:jei ...
[21:55:01] [Render thread/INFO]: Registering categories: tacz:jei took 4.306 ms
[21:55:01] [Render thread/INFO]: Registering categories: jei:internal ...
[21:55:01] [Render thread/INFO]: Registering categories: jei:internal took 1.609 ms
[21:55:01] [Render thread/INFO]: Registering vanilla category extensions: jei:minecraft ...
[21:55:01] [Render thread/INFO]: Registering vanilla category extensions: jei:minecraft took 4.209 ms
[21:55:01] [Render thread/INFO]: Registering vanilla category extensions: sophisticatedcore:default ...
[21:55:01] [Render thread/INFO]: Registering vanilla category extensions: sophisticatedcore:default took 4.000 ?s
[21:55:01] [Render thread/INFO]: Registering vanilla category extensions: modernfix:capturer ...
[21:55:01] [Render thread/INFO]: Registering vanilla category extensions: modernfix:capturer took 3.400 ?s
[21:55:01] [Render thread/INFO]: Registering vanilla category extensions: sophisticatedbackpacks:default ...
[21:55:01] [Render thread/INFO]: Registering vanilla category extensions: sophisticatedbackpacks:default took 4.600 ?s
[21:55:01] [Render thread/INFO]: Registering vanilla category extensions: corpse:corpse ...
[21:55:01] [Render thread/INFO]: Registering vanilla category extensions: corpse:corpse took 4.400 ?s
[21:55:01] [Render thread/INFO]: Registering vanilla category extensions: farmersdelight:jei_plugin ...
[21:55:01] [Render thread/INFO]: Registering vanilla category extensions: farmersdelight:jei_plugin took 2.800 ?s
[21:55:01] [Render thread/INFO]: Registering vanilla category extensions: ftblibrary:jei ...
[21:55:01] [Render thread/INFO]: Registering vanilla category extensions: ftblibrary:jei took 2.700 ?s
[21:55:01] [Render thread/INFO]: Registering vanilla category extensions: jei:debug ...
[21:55:01] [Render thread/INFO]: Registering vanilla category extensions: jei:debug took 4.500 ?s
[21:55:01] [Render thread/INFO]: Registering vanilla category extensions: jei:gui ...
[21:55:01] [Render thread/INFO]: Registering vanilla category extensions: jei:gui took 2.400 ?s
[21:55:01] [Render thread/INFO]: Registering vanilla category extensions: jei:forge_gui ...
[21:55:01] [Render thread/INFO]: Registering vanilla category extensions: jei:forge_gui took 2.200 ?s
[21:55:01] [Render thread/INFO]: Registering vanilla category extensions: visualworkbench:crafting ...
[21:55:01] [Render thread/INFO]: Registering vanilla category extensions: visualworkbench:crafting took 2.500 ?s
[21:55:01] [Render thread/INFO]: Registering vanilla category extensions: tacz:jei ...
[21:55:01] [Render thread/INFO]: Registering vanilla category extensions: tacz:jei took 2.400 ?s
[21:55:01] [Render thread/INFO]: Registering vanilla category extensions: jei:internal ...
[21:55:01] [Render thread/INFO]: Registering vanilla category extensions: jei:internal took 2.800 ?s
[21:55:01] [Render thread/INFO]: Registering recipe catalysts: jei:minecraft ...
[21:55:01] [Render thread/INFO]: Registering recipe catalysts: jei:minecraft took 2.892 ms
[21:55:01] [Render thread/INFO]: Registering recipe catalysts: sophisticatedcore:default ...
[21:55:01] [Render thread/INFO]: Registering recipe catalysts: sophisticatedcore:default took 4.600 ?s
[21:55:01] [Render thread/INFO]: Registering recipe catalysts: modernfix:capturer ...
[21:55:01] [Render thread/INFO]: Registering recipe catalysts: modernfix:capturer took 3.000 ?s
[21:55:01] [Render thread/INFO]: Registering recipe catalysts: sophisticatedbackpacks:default ...
[21:55:01] [Render thread/INFO]: Registering recipe catalysts: sophisticatedbackpacks:default took 47.10 ?s
[21:55:01] [Render thread/INFO]: Registering recipe catalysts: corpse:corpse ...
[21:55:01] [Render thread/INFO]: Registering recipe catalysts: corpse:corpse took 3.100 ?s
[21:55:01] [Render thread/INFO]: Registering recipe catalysts: farmersdelight:jei_plugin ...
[21:55:01] [Render thread/INFO]: Registering recipe catalysts: farmersdelight:jei_plugin took 74.40 ?s
[21:55:01] [Render thread/INFO]: Registering recipe catalysts: ftblibrary:jei ...
[21:55:01] [Render thread/INFO]: Registering recipe catalysts: ftblibrary:jei took 2.800 ?s
[21:55:01] [Render thread/INFO]: Registering recipe catalysts: jei:debug ...
[21:55:01] [Render thread/INFO]: Registering recipe catalysts: jei:debug took 5.700 ?s
[21:55:01] [Render thread/INFO]: Registering recipe catalysts: jei:gui ...
[21:55:01] [Render thread/INFO]: Registering recipe catalysts: jei:gui took 2.200 ?s
[21:55:01] [Render thread/INFO]: Registering recipe catalysts: jei:forge_gui ...
[21:55:01] [Render thread/INFO]: Registering recipe catalysts: jei:forge_gui took 2.100 ?s
[21:55:01] [Render thread/INFO]: Registering recipe catalysts: visualworkbench:crafting ...
[21:55:01] [Render thread/INFO]: Registering recipe catalysts: visualworkbench:crafting took 2.300 ?s
[21:55:01] [Render thread/INFO]: Registering recipe catalysts: tacz:jei ...
[21:55:01] [Render thread/INFO]: Registering recipe catalysts: tacz:jei took 787.4 ?s
[21:55:01] [Render thread/INFO]: Registering recipe catalysts: jei:internal ...
[21:55:01] [Render thread/INFO]: Registering recipe catalysts: jei:internal took 3.400 ?s
[21:55:01] [Render thread/INFO]: Registering advanced plugins: jei:minecraft ...
[21:55:01] [Render thread/INFO]: Registering advanced plugins: jei:minecraft took 9.300 ?s
[21:55:01] [Render thread/INFO]: Registering advanced plugins: sophisticatedcore:default ...
[21:55:01] [Render thread/INFO]: Registering advanced plugins: sophisticatedcore:default took 2.700 ?s
[21:55:01] [Render thread/INFO]: Registering advanced plugins: modernfix:capturer ...
[21:55:01] [Render thread/INFO]: Registering advanced plugins: modernfix:capturer took 2.600 ?s
[21:55:01] [Render thread/INFO]: Registering advanced plugins: sophisticatedbackpacks:default ...
[21:55:01] [Render thread/INFO]: Registering advanced plugins: sophisticatedbackpacks:default took 2.500 ?s
[21:55:01] [Render thread/INFO]: Registering advanced plugins: corpse:corpse ...
[21:55:01] [Render thread/INFO]: Registering advanced plugins: corpse:corpse took 2.300 ?s
[21:55:01] [Render thread/INFO]: Registering advanced plugins: farmersdelight:jei_plugin ...
[21:55:01] [Render thread/INFO]: Registering advanced plugins: farmersdelight:jei_plugin took 2.100 ?s
[21:55:01] [Render thread/INFO]: Registering advanced plugins: ftblibrary:jei ...
[21:55:01] [Render thread/INFO]: Registering advanced plugins: ftblibrary:jei took 2.100 ?s
[21:55:01] [Render thread/INFO]: Registering advanced plugins: jei:debug ...
[21:55:01] [Render thread/INFO]: Registering advanced plugins: jei:debug took 4.700 ?s
[21:55:01] [Render thread/INFO]: Registering advanced plugins: jei:gui ...
[21:55:01] [Render thread/INFO]: Registering advanced plugins: jei:gui took 4.400 ?s
[21:55:01] [Render thread/INFO]: Registering advanced plugins: jei:forge_gui ...
[21:55:01] [Render thread/INFO]: Registering advanced plugins: jei:forge_gui took 2.300 ?s
[21:55:01] [Render thread/INFO]: Registering advanced plugins: visualworkbench:crafting ...
[21:55:01] [Render thread/INFO]: Registering advanced plugins: visualworkbench:crafting took 2.100 ?s
[21:55:01] [Render thread/INFO]: Registering advanced plugins: tacz:jei ...
[21:55:01] [Render thread/INFO]: Registering advanced plugins: tacz:jei took 2.200 ?s
[21:55:01] [Render thread/INFO]: Registering advanced plugins: jei:internal ...
[21:55:01] [Render thread/INFO]: Registering advanced plugins: jei:internal took 2.200 ?s
[21:55:01] [Render thread/INFO]: Building recipe registry...
[21:55:01] [Render thread/INFO]: Building recipe registry took 26.43 ms
[21:55:01] [Render thread/INFO]: Registering recipes: jei:minecraft ...
[21:55:01] [Render thread/INFO]: Registering recipes: jei:minecraft took 165.6 ms
[21:55:01] [Render thread/INFO]: Registering recipes: sophisticatedcore:default ...
[21:55:01] [Render thread/INFO]: Registering recipes: sophisticatedcore:default took 4.358 ms
[21:55:01] [Render thread/INFO]: Registering recipes: modernfix:capturer ...
[21:55:01] [Render thread/INFO]: Registering recipes: modernfix:capturer took 4.300 ?s
[21:55:01] [Render thread/INFO]: Registering recipes: sophisticatedbackpacks:default ...
[21:55:01] [Render thread/INFO]: Registering recipes: sophisticatedbackpacks:default took 5.261 ms
[21:55:01] [Render thread/INFO]: Registering recipes: corpse:corpse ...
[21:55:01] [Render thread/INFO]: Registering recipes: corpse:corpse took 3.000 ?s
[21:55:01] [Render thread/INFO]: Registering recipes: farmersdelight:jei_plugin ...
[21:55:01] [Render thread/INFO]: Registering recipes: farmersdelight:jei_plugin took 24.61 ms
[21:55:01] [Render thread/INFO]: Registering recipes: ftblibrary:jei ...
[21:55:01] [Render thread/INFO]: Registering recipes: ftblibrary:jei took 3.000 ?s
[21:55:01] [Render thread/INFO]: Registering recipes: jei:debug ...
[21:55:01] [Render thread/INFO]: Registering recipes: jei:debug took 8.800 ?s
[21:55:01] [Render thread/INFO]: Registering recipes: jei:gui ...
[21:55:01] [Render thread/INFO]: Registering recipes: jei:gui took 2.300 ?s
[21:55:01] [Render thread/INFO]: Registering recipes: jei:forge_gui ...
[21:55:01] [Render thread/INFO]: Registering recipes: jei:forge_gui took 2.400 ?s
[21:55:01] [Render thread/INFO]: Registering recipes: visualworkbench:crafting ...
[21:55:01] [Render thread/INFO]: Registering recipes: visualworkbench:crafting took 4.700 ?s
[21:55:01] [Render thread/INFO]: Registering recipes: tacz:jei ...
[21:55:01] [Render thread/INFO]: Registering recipes: tacz:jei took 24.23 ms
[21:55:01] [Render thread/INFO]: Registering recipes: jei:internal ...
[21:55:01] [Render thread/INFO]: Registering recipes: jei:internal took 3.200 ?s
[21:55:01] [Render thread/INFO]: Registering recipes transfer handlers: jei:minecraft ...
[21:55:01] [Render thread/INFO]: Registering recipes transfer handlers: jei:minecraft took 4.883 ms
[21:55:01] [Render thread/INFO]: Registering recipes transfer handlers: sophisticatedcore:default ...
[21:55:01] [Render thread/INFO]: Registering recipes transfer handlers: sophisticatedcore:default took 4.100 ?s
[21:55:01] [Render thread/INFO]: Registering recipes transfer handlers: modernfix:capturer ...
[21:55:01] [Render thread/INFO]: Registering recipes transfer handlers: modernfix:capturer took 4.300 ?s
[21:55:01] [Render thread/INFO]: Registering recipes transfer handlers: sophisticatedbackpacks:default ...
[21:55:01] [Render thread/INFO]: Registering recipes transfer handlers: sophisticatedbackpacks:default took 3.553 ms
[21:55:01] [Render thread/INFO]: Registering recipes transfer handlers: corpse:corpse ...
[21:55:01] [Render thread/INFO]: Registering recipes transfer handlers: corpse:corpse took 3.300 ?s
[21:55:01] [Render thread/INFO]: Registering recipes transfer handlers: farmersdelight:jei_plugin ...
[21:55:01] [Render thread/INFO]: Registering recipes transfer handlers: farmersdelight:jei_plugin took 22.70 ?s
[21:55:01] [Render thread/INFO]: Registering recipes transfer handlers: ftblibrary:jei ...
[21:55:01] [Render thread/INFO]: Registering recipes transfer handlers: ftblibrary:jei took 3.100 ?s
[21:55:01] [Render thread/INFO]: Registering recipes transfer handlers: jei:debug ...
[21:55:01] [Render thread/INFO]: Registering recipes transfer handlers: jei:debug took 2.800 ?s
[21:55:01] [Render thread/INFO]: Registering recipes transfer handlers: jei:gui ...
[21:55:01] [Render thread/INFO]: Registering recipes transfer handlers: jei:gui took 2.600 ?s
[21:55:01] [Render thread/INFO]: Registering recipes transfer handlers: jei:forge_gui ...
[21:55:01] [Render thread/INFO]: Registering recipes transfer handlers: jei:forge_gui took 3.600 ?s
[21:55:01] [Render thread/INFO]: Registering recipes transfer handlers: visualworkbench:crafting ...
[21:55:01] [Render thread/INFO]: Registering recipes transfer handlers: visualworkbench:crafting took 23.00 ?s
[21:55:01] [Render thread/INFO]: Registering recipes transfer handlers: tacz:jei ...
[21:55:01] [Render thread/INFO]: Registering recipes transfer handlers: tacz:jei took 2.800 ?s
[21:55:01] [Render thread/INFO]: Registering recipes transfer handlers: jei:internal ...
[21:55:01] [Render thread/INFO]: Registering recipes transfer handlers: jei:internal took 2.600 ?s
[21:55:01] [Render thread/INFO]: Building runtime...
[21:55:01] [Render thread/INFO]: Registering gui handlers: jei:minecraft ...
[21:55:01] [Render thread/INFO]: Registering gui handlers: jei:minecraft took 4.919 ms
[21:55:01] [Render thread/INFO]: Registering gui handlers: sophisticatedcore:default ...
[21:55:01] [Render thread/INFO]: Registering gui handlers: sophisticatedcore:default took 4.100 ?s
[21:55:01] [Render thread/INFO]: Registering gui handlers: modernfix:capturer ...
[21:55:01] [Render thread/INFO]: Registering gui handlers: modernfix:capturer took 2.700 ?s
[21:55:01] [Render thread/INFO]: Registering gui handlers: sophisticatedbackpacks:default ...
[21:55:01] [Render thread/INFO]: Registering gui handlers: sophisticatedbackpacks:default took 4.899 ms
[21:55:01] [Render thread/INFO]: Registering gui handlers: corpse:corpse ...
[21:55:02] [Render thread/INFO]: Registering gui handlers: corpse:corpse took 3.164 ms
[21:55:02] [Render thread/INFO]: Registering gui handlers: farmersdelight:jei_plugin ...
[21:55:02] [Render thread/INFO]: Registering gui handlers: farmersdelight:jei_plugin took 17.90 ?s
[21:55:02] [Render thread/INFO]: Registering gui handlers: ftblibrary:jei ...
[21:55:02] [Render thread/INFO]: Registering gui handlers: ftblibrary:jei took 15.30 ?s
[21:55:02] [Render thread/INFO]: Registering gui handlers: jei:debug ...
[21:55:02] [Render thread/INFO]: Registering gui handlers: jei:debug took 6.900 ?s
[21:55:02] [Render thread/INFO]: Registering gui handlers: jei:gui ...
[21:55:02] [Render thread/INFO]: Registering gui handlers: jei:gui took 7.814 ms
[21:55:02] [Render thread/INFO]: Registering gui handlers: jei:forge_gui ...
[21:55:02] [Render thread/INFO]: Registering gui handlers: jei:forge_gui took 3.900 ?s
[21:55:02] [Render thread/INFO]: Registering gui handlers: visualworkbench:crafting ...
[21:55:02] [Render thread/INFO]: Registering gui handlers: visualworkbench:crafting took 3.700 ?s
[21:55:02] [Render thread/INFO]: Registering gui handlers: tacz:jei ...
[21:55:02] [Render thread/INFO]: Registering gui handlers: tacz:jei took 3.800 ?s
[21:55:02] [Render thread/INFO]: Registering gui handlers: jei:internal ...
[21:55:02] [Render thread/INFO]: Registering gui handlers: jei:internal took 4.500 ?s
[21:55:02] [Render thread/INFO]: Registering Runtime: jei:minecraft ...
[21:55:02] [Render thread/INFO]: Registering Runtime: jei:minecraft took 11.50 ?s
[21:55:02] [Render thread/INFO]: Registering Runtime: sophisticatedcore:default ...
[21:55:02] [Render thread/INFO]: Registering Runtime: sophisticatedcore:default took 4.100 ?s
[21:55:02] [Render thread/INFO]: Registering Runtime: modernfix:capturer ...
[21:55:02] [Render thread/INFO]: Registering Runtime: modernfix:capturer took 3.400 ?s
[21:55:02] [Render thread/INFO]: Registering Runtime: sophisticatedbackpacks:default ...
[21:55:02] [Render thread/INFO]: Registering Runtime: sophisticatedbackpacks:default took 3.700 ?s
[21:55:02] [Render thread/INFO]: Registering Runtime: corpse:corpse ...
[21:55:02] [Render thread/INFO]: Registering Runtime: corpse:corpse took 3.200 ?s
[21:55:02] [Render thread/INFO]: Registering Runtime: farmersdelight:jei_plugin ...
[21:55:02] [Render thread/INFO]: Registering Runtime: farmersdelight:jei_plugin took 4.400 ?s
[21:55:02] [Render thread/INFO]: Registering Runtime: ftblibrary:jei ...
[21:55:02] [Render thread/INFO]: Registering Runtime: ftblibrary:jei took 3.700 ?s
[21:55:02] [Render thread/INFO]: Registering Runtime: jei:debug ...
[21:55:02] [Render thread/INFO]: Registering Runtime: jei:debug took 3.100 ?s
[21:55:02] [Render thread/INFO]: Registering Runtime: jei:gui ...
[21:55:02] [Render thread/INFO]: Registering Runtime: jei:gui took 3.200 ?s
[21:55:02] [Render thread/INFO]: Registering Runtime: jei:forge_gui ...
[21:55:02] [Render thread/INFO]: Starting JEI GUI
[21:55:02] [Render thread/INFO]: Building ingredient list...
[21:55:02] [Render thread/INFO]: Building ingredient list took 31.08 ms
[21:55:02] [Render thread/INFO]: Building ingredient filter...
[21:55:02] [Render thread/INFO]: Adding 2885 ingredients
[21:55:02] [Render thread/INFO]: Added 2885 ingredients
[21:55:02] [Render thread/INFO]: Building ingredient filter took 280.0 ms
[21:55:02] [Render thread/INFO]: Registering Runtime: jei:forge_gui took 468.1 ms
[21:55:02] [Render thread/INFO]: Registering Runtime: visualworkbench:crafting ...
[21:55:02] [Render thread/INFO]: Registering Runtime: visualworkbench:crafting took 4.400 ?s
[21:55:02] [Render thread/INFO]: Registering Runtime: tacz:jei ...
[21:55:02] [Render thread/INFO]: Registering Runtime: tacz:jei took 2.800 ?s
[21:55:02] [Render thread/INFO]: Registering Runtime: jei:internal ...
[21:55:02] [Render thread/INFO]: Registering Runtime: jei:internal took 2.600 ?s
[21:55:02] [Render thread/INFO]: Building runtime took 508.6 ms
[21:55:02] [Render thread/INFO]: Sending Runtime: jei:minecraft ...
[21:55:02] [Render thread/INFO]: Sending Runtime: jei:minecraft took 12.30 ?s
[21:55:02] [Render thread/INFO]: Sending Runtime: sophisticatedcore:default ...
[21:55:02] [Render thread/INFO]: Sending Runtime: sophisticatedcore:default took 3.100 ?s
[21:55:02] [Render thread/INFO]: Sending Runtime: modernfix:capturer ...
[21:55:02] [Render thread/INFO]: Sending Runtime: modernfix:capturer took 9.400 ?s
[21:55:02] [Render thread/INFO]: Sending Runtime: sophisticatedbackpacks:default ...
[21:55:02] [Render thread/INFO]: Sending Runtime: sophisticatedbackpacks:default took 2.700 ?s
[21:55:02] [Render thread/INFO]: Sending Runtime: corpse:corpse ...
[21:55:02] [Render thread/INFO]: Sending Runtime: corpse:corpse took 2.400 ?s
[21:55:02] [Render thread/INFO]: Sending Runtime: farmersdelight:jei_plugin ...
[21:55:02] [Render thread/INFO]: Sending Runtime: farmersdelight:jei_plugin took 2.600 ?s
[21:55:02] [Render thread/INFO]: Sending Runtime: ftblibrary:jei ...
[21:55:02] [Render thread/INFO]: Sending Runtime: ftblibrary:jei took 5.100 ?s
[21:55:02] [Render thread/INFO]: Sending Runtime: jei:debug ...
[21:55:02] [Render thread/INFO]: Sending Runtime: jei:debug took 4.100 ?s
[21:55:02] [Render thread/INFO]: Sending Runtime: jei:gui ...
[21:55:02] [Render thread/INFO]: Sending Runtime: jei:gui took 2.200 ?s
[21:55:02] [Render thread/INFO]: Sending Runtime: jei:forge_gui ...
[21:55:02] [Render thread/INFO]: Sending Runtime: jei:forge_gui took 1.900 ?s
[21:55:02] [Render thread/INFO]: Sending Runtime: visualworkbench:crafting ...
[21:55:02] [Render thread/INFO]: Sending Runtime: visualworkbench:crafting took 2.800 ?s
[21:55:02] [Render thread/INFO]: Sending Runtime: tacz:jei ...
[21:55:02] [Render thread/INFO]: Sending Runtime: tacz:jei took 2.400 ?s
[21:55:02] [Render thread/INFO]: Sending Runtime: jei:internal ...
[21:55:02] [Render thread/INFO]: Sending Runtime: jei:internal took 2.200 ?s
[21:55:02] [Render thread/INFO]: Starting JEI took 1.000 s
[21:55:02] [Render thread/INFO]: Minimap updated server level id: 338279389 for world ResourceKey[minecraft:dimension / minecraft:overworld]
[21:55:02] [Render thread/INFO]: Loading FTB Chunks client data from world 4208430e-17bf-40b9-b665-d2c56a7b5c83
[21:55:02] [Render thread/INFO]: Synced immersive_weathering-common.toml configs
[21:55:02] [Render thread/INFO]: This server acknowledges the mod and has established some restrictions
[21:55:02] [Render thread/INFO]: Synced spelunkery-common.toml configs
[21:55:02] [Render thread/INFO]: Loaded 571 advancements
[21:55:02] [Render thread/WARN]: Unable to play empty soundEvent: minecraft:entity.salmon.ambient
[21:55:02] [Server thread/INFO]: [FANCYMENU] A client with FancyMenu installed joined the server: UniRedz
[21:55:02] [Render thread/INFO]: [voicechat] Received secret
[21:55:02] [Render thread/INFO]: [voicechat] Connecting to voice chat server: '127.0.0.1:63741'
[21:55:02] [VoiceChatAuthenticationThread/INFO]: [voicechat] Trying to authenticate voice chat connection
[21:55:02] [Render thread/INFO]: Received Server Limitation of [UniRedz]
[21:55:02] [VoiceChatPacketProcessingThread/INFO]: [voicechat] Successfully authenticated player 16c32c69-f61c-4ec5-8b08-18fe37639789
[21:55:02] [VoiceChatConnectionThread/INFO]: [voicechat] Server acknowledged authentication
[21:55:03] [VoiceChatAuthenticationThread/INFO]: [voicechat] Trying to validate voice chat connection
[21:55:03] [VoiceChatPacketProcessingThread/INFO]: [voicechat] Successfully validated connection of player 16c32c69-f61c-4ec5-8b08-18fe37639789
[21:55:03] [VoiceChatPacketProcessingThread/INFO]: [voicechat] Player UniRedz (16c32c69-f61c-4ec5-8b08-18fe37639789) successfully connected to voice chat
[21:55:03] [VoiceChatConnectionThread/INFO]: [voicechat] Server acknowledged connection check
[21:55:04] [Render thread/WARN]: Shader clouds could not find uniform named ModelViewMat in the specified shader program.
[21:55:04] [Render thread/WARN]: Shader clouds could not find uniform named ProjMat in the specified shader program.
[21:55:04] [Render thread/WARN]: Shader clouds could not find uniform named ColorModulator in the specified shader program.
[21:55:04] [Render thread/WARN]: Shader clouds could not find uniform named FogStart in the specified shader program.
[21:55:04] [Render thread/WARN]: Shader clouds could not find uniform named FogEnd in the specified shader program.
[21:55:04] [Render thread/INFO]: Reloading radar icon resources...
[21:55:04] [Render thread/INFO]: Reloaded radar icon resources!
[21:55:04] [Render thread/INFO]: Stopping worker threads
[21:55:04] [Render thread/INFO]: Started 10 worker threads
[21:55:04] [Render thread/INFO]: [FANCYMENU] Connected to a server with FancyMenu installed: local_lan_world
[21:55:05] [Render thread/ERROR]: Signature is missing from textures payload
[21:55:05] [Render thread/INFO]: Stopping worker threads
[21:55:05] [Render thread/INFO]: Started 10 worker threads
[21:55:06] [Render thread/WARN]: Time from main menu to in-game was 15.527529 seconds
[21:55:06] [Render thread/WARN]: Total time to load game and open world was 74.55953 seconds
[21:55:06] [Render thread/INFO]: [FANCYMENU] ScreenCustomizationLayer registered: pause_screen
[21:55:06] [Server thread/INFO]: Saving and pausing game...
[21:55:06] [Server thread/INFO]: Saving chunks for level 'ServerLevel[Dread]'/minecraft:overworld
[21:55:06] [Server thread/INFO]: Saving chunks for level 'ServerLevel[Dread]'/minecraft:the_end
[21:55:06] [Render thread/ERROR]: Signature is missing from textures payload
[21:55:06] [Server thread/INFO]: Saving chunks for level 'ServerLevel[Dread]'/man:halucination
[21:55:06] [Server thread/INFO]: Saving chunks for level 'ServerLevel[Dread]'/minecraft:the_nether
[21:55:07] [Render thread/INFO]: Using default channel type
[21:55:07] [Render thread/INFO]: Started serving on 59374
[21:55:07] [LanServerPinger #1/WARN]: LanServerPinger: Invalid argument: no further information
[21:55:07] [Server thread/INFO]: [voicechat] Changing voice chat port to 59374
[21:55:07] [Server thread/INFO]: [voicechat] Force disconnecting due to port change
[21:55:07] [Server thread/INFO]: [voicechat] Stopping microphone thread
[21:55:07] [Server thread/INFO]: [voicechat] Disconnecting voicechat
[21:55:07] [Server thread/INFO]: [System] [CHAT] Voice chat server hosted on port 59374
[21:55:07] [Server thread/INFO]: [voicechat] Received secret request of UniRedz (20)
[21:55:07] [Server thread/INFO]: [voicechat] Sent secret to UniRedz
[21:55:07] [Render thread/INFO]: [voicechat] Received secret
[21:55:07] [Render thread/INFO]: [voicechat] Connecting to voice chat server: '127.0.0.1:59374'
[21:55:07] [VoiceChatAuthenticationThread/INFO]: [voicechat] Trying to authenticate voice chat connection
[21:55:07] [VoiceChatPacketProcessingThread/INFO]: [voicechat] Successfully authenticated player 16c32c69-f61c-4ec5-8b08-18fe37639789
[21:55:07] [VoiceChatConnectionThread/INFO]: [voicechat] Server acknowledged authentication
[21:55:08] [VoiceChatAuthenticationThread/INFO]: [voicechat] Trying to validate voice chat connection
[21:55:08] [VoiceChatPacketProcessingThread/INFO]: [voicechat] Successfully validated connection of player 16c32c69-f61c-4ec5-8b08-18fe37639789
[21:55:08] [VoiceChatPacketProcessingThread/INFO]: [voicechat] Player UniRedz (16c32c69-f61c-4ec5-8b08-18fe37639789) successfully connected to voice chat
[21:55:08] [VoiceChatConnectionThread/INFO]: [voicechat] Server acknowledged connection check
[21:55:18] [Render thread/INFO]: [FANCYMENU] ScreenCustomizationLayer registered: inventory_screen
[21:55:19] [Render thread/WARN]: GUI did not draw the dark background layer behind itself, this may result in display issues: net.minecraft.client.gui.screens.inventory.InventoryScreen
[21:55:19] [Render thread/INFO]: [FANCYMENU] ScreenCustomizationLayer registered: net.p3pp3rf1y.sophisticatedbackpacks.client.gui.BackpackScreen
[21:55:19] [Render thread/WARN]: GUI did not draw the dark background layer behind itself, this may result in display issues: net.p3pp3rf1y.sophisticatedbackpacks.client.gui.BackpackScreen
[21:59:19] [Render thread/WARN]: Unable to play empty soundEvent: biomemusic:music.game
[22:02:18] [Render thread/WARN]: Render engine used for entities is not fully compatible with the minimap entity icons. Using fallback. can't detect vertices
[22:02:23] [Render thread/INFO]: [FANCYMENU] ScreenCustomizationLayer registered: container_screen
[22:02:23] [Render thread/WARN]: GUI did not draw the dark background layer behind itself, this may result in display issues: net.minecraft.client.gui.screens.inventory.ContainerScreen
[22:03:02] [Render thread/ERROR]: Signature is missing from textures payload
[22:11:03] [Render thread/INFO]: MultiMineClient initializing
[22:11:03] [Server thread/INFO]: Serverside BlockPos hacked: 2
[22:12:04] [DefaultDispatcher-worker-6/INFO]: Creating server-side ICE agent at request from 677ee55e-2301-46ca-9965-eb99b2ff925c (ufrag: essential-q-187c0fd6, pwd: 74fdcdafcab85aa2599fcc3a674a53d7)
[22:12:04] [DefaultDispatcher-worker-6/INFO]: [1] Starting connection between UniRedz (16c32c69-f61c-4ec5-8b08-18fe37639789) and Alpaca_Furioso (677ee55e-2301-46ca-9965-eb99b2ff925c), we are the server
[22:12:05] [DefaultDispatcher-worker-6/INFO]: [1] Using QUIC because both parties support it.
[22:12:05] [DefaultDispatcher-worker-16/WARN]: [2] [10.5.0.2:59439 <> 40.160.66.10:3478] Failed to contact STUN server, timed out.
[22:12:05] [DefaultDispatcher-worker-8/WARN]: [2] [10.5.0.2:59439 <> 51.195.24.116:3478] Failed to contact STUN server, timed out.
[22:12:05] [DefaultDispatcher-worker-23/WARN]: [2] [10.5.0.2:59439 <> 15.235.229.89:3478] Failed to contact STUN server, timed out.
[22:12:05] [DefaultDispatcher-worker-10/WARN]: [2] [10.5.0.2:59439 <> 51.161.174.239:3478] Failed to contact STUN server, timed out.
[22:12:05] [DefaultDispatcher-worker-22/WARN]: [2] [10.5.0.2:59439 <> 40.160.66.10:3478] Failed to contact TURN server, timed out.
[22:12:05] [DefaultDispatcher-worker-19/WARN]: [2] [10.5.0.2:59439 <> 40.160.66.10:3478] Failed to release TURN allocation, timed out.
[22:12:05] [DefaultDispatcher-worker-21/WARN]: [2] [10.5.0.2:59439 <> 51.195.24.116:3478] Failed to contact TURN server, timed out.
[22:12:05] [DefaultDispatcher-worker-16/WARN]: [2] [10.5.0.2:59439 <> 51.195.24.116:3478] Failed to release TURN allocation, timed out.
[22:12:05] [DefaultDispatcher-worker-19/WARN]: [2] [10.5.0.2:59439 <> 15.235.229.89:3478] Failed to contact TURN server, timed out.
[22:12:05] [DefaultDispatcher-worker-19/WARN]: [2] [10.5.0.2:59439 <> 15.235.229.89:3478] Failed to release TURN allocation, timed out.
[22:12:05] [DefaultDispatcher-worker-6/WARN]: [2] [10.5.0.2:59439 <> 51.161.174.239:3478] Failed to contact TURN server, timed out.
[22:12:05] [DefaultDispatcher-worker-16/WARN]: [2] [10.5.0.2:59439 <> 51.161.174.239:3478] Failed to release TURN allocation, timed out.
[22:12:06] [DefaultDispatcher-worker-21/ERROR]: [2] [fe80:0:0:0:ee24:8a09:283e:7cf9%net9:59438] Failed to send java.net.DatagramPacket@7893869d to /[fe80:0:0:0:bf31:1aca:eac5:e1e0]:56897
java.net.SocketException: Invalid argument: no further information
	at sun.nio.ch.DatagramChannelImpl.send0(Native Method) ~[?:?]
	at sun.nio.ch.DatagramChannelImpl.sendFromNativeBuffer(Unknown Source) ~[?:?]
	at sun.nio.ch.DatagramChannelImpl.send(Unknown Source) ~[?:?]
	at sun.nio.ch.DatagramChannelImpl.send(Unknown Source) ~[?:?]
	at sun.nio.ch.DatagramChannelImpl.blockingSend(Unknown Source) ~[?:?]
	at sun.nio.ch.DatagramSocketAdaptor.send(Unknown Source) ~[?:?]
	at java.net.DatagramSocket.send(Unknown Source) ~[?:?]
	at gg.essential.ice.stun.StunSocket$2.invokeSuspend(StunSocket.kt:116) ~[Essential%20(forge_1.19.2).jar%23495!/:?]
	at kotlin.coroutines.jvm.internal.BaseContinuationImpl.resumeWith(ContinuationImpl.kt:34) ~[kff-updated-kotlin-9899447243076168489-3.6.0-slim.jar%23494!/:3.6.0]
	at kotlinx.coroutines.DispatchedTask.run(DispatchedTask.kt:100) ~[kff-updated-kotlin-9899447243076168489-3.6.0-slim.jar%23494!/:3.6.0]
	at kotlinx.coroutines.internal.LimitedDispatcher$Worker.run(LimitedDispatcher.kt:124) ~[kff-updated-kotlin-9899447243076168489-3.6.0-slim.jar%23494!/:3.6.0]
	at kotlinx.coroutines.scheduling.TaskImpl.run(Tasks.kt:89) ~[kff-updated-kotlin-9899447243076168489-3.6.0-slim.jar%23494!/:3.6.0]
	at kotlinx.coroutines.scheduling.CoroutineScheduler.runSafely(CoroutineScheduler.kt:586) ~[kff-updated-kotlin-9899447243076168489-3.6.0-slim.jar%23494!/:3.6.0]
	at kotlinx.coroutines.scheduling.CoroutineScheduler$Worker.executeTask(CoroutineScheduler.kt:820) ~[kff-updated-kotlin-9899447243076168489-3.6.0-slim.jar%23494!/:3.6.0]
	at kotlinx.coroutines.scheduling.CoroutineScheduler$Worker.runWorker(CoroutineScheduler.kt:717) ~[kff-updated-kotlin-9899447243076168489-3.6.0-slim.jar%23494!/:3.6.0]
	at kotlinx.coroutines.scheduling.CoroutineScheduler$Worker.run(CoroutineScheduler.kt:704) ~[kff-updated-kotlin-9899447243076168489-3.6.0-slim.jar%23494!/:3.6.0]
[22:12:07] [DefaultDispatcher-worker-25/ERROR]: [2] [fe80:0:0:0:ee24:8a09:283e:7cf9%net9:59438] Failed to send java.net.DatagramPacket@4743f21 to /[fe80:0:0:0:bf31:1aca:eac5:e1e0]:56897
java.net.SocketException: Invalid argument: no further information
	at sun.nio.ch.DatagramChannelImpl.send0(Native Method) ~[?:?]
	at sun.nio.ch.DatagramChannelImpl.sendFromNativeBuffer(Unknown Source) ~[?:?]
	at sun.nio.ch.DatagramChannelImpl.send(Unknown Source) ~[?:?]
	at sun.nio.ch.DatagramChannelImpl.send(Unknown Source) ~[?:?]
	at sun.nio.ch.DatagramChannelImpl.blockingSend(Unknown Source) ~[?:?]
	at sun.nio.ch.DatagramSocketAdaptor.send(Unknown Source) ~[?:?]
	at java.net.DatagramSocket.send(Unknown Source) ~[?:?]
	at gg.essential.ice.stun.StunSocket$2.invokeSuspend(StunSocket.kt:116) ~[Essential%20(forge_1.19.2).jar%23495!/:?]
	at kotlin.coroutines.jvm.internal.BaseContinuationImpl.resumeWith(ContinuationImpl.kt:34) ~[kff-updated-kotlin-9899447243076168489-3.6.0-slim.jar%23494!/:3.6.0]
	at kotlinx.coroutines.DispatchedTask.run(DispatchedTask.kt:100) ~[kff-updated-kotlin-9899447243076168489-3.6.0-slim.jar%23494!/:3.6.0]
	at kotlinx.coroutines.internal.LimitedDispatcher$Worker.run(LimitedDispatcher.kt:124) ~[kff-updated-kotlin-9899447243076168489-3.6.0-slim.jar%23494!/:3.6.0]
	at kotlinx.coroutines.scheduling.TaskImpl.run(Tasks.kt:89) ~[kff-updated-kotlin-9899447243076168489-3.6.0-slim.jar%23494!/:3.6.0]
	at kotlinx.coroutines.scheduling.CoroutineScheduler.runSafely(CoroutineScheduler.kt:586) ~[kff-updated-kotlin-9899447243076168489-3.6.0-slim.jar%23494!/:3.6.0]
	at kotlinx.coroutines.scheduling.CoroutineScheduler$Worker.executeTask(CoroutineScheduler.kt:820) ~[kff-updated-kotlin-9899447243076168489-3.6.0-slim.jar%23494!/:3.6.0]
	at kotlinx.coroutines.scheduling.CoroutineScheduler$Worker.runWorker(CoroutineScheduler.kt:717) ~[kff-updated-kotlin-9899447243076168489-3.6.0-slim.jar%23494!/:3.6.0]
	at kotlinx.coroutines.scheduling.CoroutineScheduler$Worker.run(CoroutineScheduler.kt:704) ~[kff-updated-kotlin-9899447243076168489-3.6.0-slim.jar%23494!/:3.6.0]
[22:12:07] [DefaultDispatcher-worker-25/ERROR]: [2] [fe80:0:0:0:ee24:8a09:283e:7cf9%net9:59438] Failed to send java.net.DatagramPacket@e8c5451 to /[fe80:0:0:0:3886:1d12:a8f3:1852]:56900
java.net.SocketException: Invalid argument: no further information
	at sun.nio.ch.DatagramChannelImpl.send0(Native Method) ~[?:?]
	at sun.nio.ch.DatagramChannelImpl.sendFromNativeBuffer(Unknown Source) ~[?:?]
	at sun.nio.ch.DatagramChannelImpl.send(Unknown Source) ~[?:?]
	at sun.nio.ch.DatagramChannelImpl.send(Unknown Source) ~[?:?]
	at sun.nio.ch.DatagramChannelImpl.blockingSend(Unknown Source) ~[?:?]
	at sun.nio.ch.DatagramSocketAdaptor.send(Unknown Source) ~[?:?]
	at java.net.DatagramSocket.send(Unknown Source) ~[?:?]
	at gg.essential.ice.stun.StunSocket$2.invokeSuspend(StunSocket.kt:116) ~[Essential%20(forge_1.19.2).jar%23495!/:?]
	at kotlin.coroutines.jvm.internal.BaseContinuationImpl.resumeWith(ContinuationImpl.kt:34) ~[kff-updated-kotlin-9899447243076168489-3.6.0-slim.jar%23494!/:3.6.0]
	at kotlinx.coroutines.DispatchedTask.run(DispatchedTask.kt:100) ~[kff-updated-kotlin-9899447243076168489-3.6.0-slim.jar%23494!/:3.6.0]
	at kotlinx.coroutines.internal.LimitedDispatcher$Worker.run(LimitedDispatcher.kt:124) ~[kff-updated-kotlin-9899447243076168489-3.6.0-slim.jar%23494!/:3.6.0]
	at kotlinx.coroutines.scheduling.TaskImpl.run(Tasks.kt:89) ~[kff-updated-kotlin-9899447243076168489-3.6.0-slim.jar%23494!/:3.6.0]
	at kotlinx.coroutines.scheduling.CoroutineScheduler.runSafely(CoroutineScheduler.kt:586) ~[kff-updated-kotlin-9899447243076168489-3.6.0-slim.jar%23494!/:3.6.0]
	at kotlinx.coroutines.scheduling.CoroutineScheduler$Worker.executeTask(CoroutineScheduler.kt:820) ~[kff-updated-kotlin-9899447243076168489-3.6.0-slim.jar%23494!/:3.6.0]
	at kotlinx.coroutines.scheduling.CoroutineScheduler$Worker.runWorker(CoroutineScheduler.kt:717) ~[kff-updated-kotlin-9899447243076168489-3.6.0-slim.jar%23494!/:3.6.0]
	at kotlinx.coroutines.scheduling.CoroutineScheduler$Worker.run(CoroutineScheduler.kt:704) ~[kff-updated-kotlin-9899447243076168489-3.6.0-slim.jar%23494!/:3.6.0]
[22:12:07] [DefaultDispatcher-worker-26/ERROR]: [2] [fe80:0:0:0:ee24:8a09:283e:7cf9%net9:59438] Failed to send java.net.DatagramPacket@7965d586 to /[fe80:0:0:0:d6f:49e5:c0b9:3446]:56901
java.net.SocketException: Invalid argument: no further information
	at sun.nio.ch.DatagramChannelImpl.send0(Native Method) ~[?:?]
	at sun.nio.ch.DatagramChannelImpl.sendFromNativeBuffer(Unknown Source) ~[?:?]
	at sun.nio.ch.DatagramChannelImpl.send(Unknown Source) ~[?:?]
	at sun.nio.ch.DatagramChannelImpl.send(Unknown Source) ~[?:?]
	at sun.nio.ch.DatagramChannelImpl.blockingSend(Unknown Source) ~[?:?]
	at sun.nio.ch.DatagramSocketAdaptor.send(Unknown Source) ~[?:?]
	at java.net.DatagramSocket.send(Unknown Source) ~[?:?]
	at gg.essential.ice.stun.StunSocket$2.invokeSuspend(StunSocket.kt:116) ~[Essential%20(forge_1.19.2).jar%23495!/:?]
	at kotlin.coroutines.jvm.internal.BaseContinuationImpl.resumeWith(ContinuationImpl.kt:34) ~[kff-updated-kotlin-9899447243076168489-3.6.0-slim.jar%23494!/:3.6.0]
	at kotlinx.coroutines.DispatchedTask.run(DispatchedTask.kt:100) ~[kff-updated-kotlin-9899447243076168489-3.6.0-slim.jar%23494!/:3.6.0]
	at kotlinx.coroutines.internal.LimitedDispatcher$Worker.run(LimitedDispatcher.kt:124) ~[kff-updated-kotlin-9899447243076168489-3.6.0-slim.jar%23494!/:3.6.0]
	at kotlinx.coroutines.scheduling.TaskImpl.run(Tasks.kt:89) ~[kff-updated-kotlin-9899447243076168489-3.6.0-slim.jar%23494!/:3.6.0]
	at kotlinx.coroutines.scheduling.CoroutineScheduler.runSafely(CoroutineScheduler.kt:586) ~[kff-updated-kotlin-9899447243076168489-3.6.0-slim.jar%23494!/:3.6.0]
	at kotlinx.coroutines.scheduling.CoroutineScheduler$Worker.executeTask(CoroutineScheduler.kt:820) ~[kff-updated-kotlin-9899447243076168489-3.6.0-slim.jar%23494!/:3.6.0]
	at kotlinx.coroutines.scheduling.CoroutineScheduler$Worker.runWorker(CoroutineScheduler.kt:717) ~[kff-updated-kotlin-9899447243076168489-3.6.0-slim.jar%23494!/:3.6.0]
	at kotlinx.coroutines.scheduling.CoroutineScheduler$Worker.run(CoroutineScheduler.kt:704) ~[kff-updated-kotlin-9899447243076168489-3.6.0-slim.jar%23494!/:3.6.0]
[22:12:08] [DefaultDispatcher-worker-33/ERROR]: [2] [fe80:0:0:0:ee24:8a09:283e:7cf9%net9:59438] Failed to send java.net.DatagramPacket@4a7613ee to /[fe80:0:0:0:3886:1d12:a8f3:1852]:56900
java.net.SocketException: Invalid argument: no further information
	at sun.nio.ch.DatagramChannelImpl.send0(Native Method) ~[?:?]
	at sun.nio.ch.DatagramChannelImpl.sendFromNativeBuffer(Unknown Source) ~[?:?]
	at sun.nio.ch.DatagramChannelImpl.send(Unknown Source) ~[?:?]
	at sun.nio.ch.DatagramChannelImpl.send(Unknown Source) ~[?:?]
	at sun.nio.ch.DatagramChannelImpl.blockingSend(Unknown Source) ~[?:?]
	at sun.nio.ch.DatagramSocketAdaptor.send(Unknown Source) ~[?:?]
	at java.net.DatagramSocket.send(Unknown Source) ~[?:?]
	at gg.essential.ice.stun.StunSocket$2.invokeSuspend(StunSocket.kt:116) ~[Essential%20(forge_1.19.2).jar%23495!/:?]
	at kotlin.coroutines.jvm.internal.BaseContinuationImpl.resumeWith(ContinuationImpl.kt:34) ~[kff-updated-kotlin-9899447243076168489-3.6.0-slim.jar%23494!/:3.6.0]
	at kotlinx.coroutines.DispatchedTask.run(DispatchedTask.kt:100) ~[kff-updated-kotlin-9899447243076168489-3.6.0-slim.jar%23494!/:3.6.0]
	at kotlinx.coroutines.internal.LimitedDispatcher$Worker.run(LimitedDispatcher.kt:124) ~[kff-updated-kotlin-9899447243076168489-3.6.0-slim.jar%23494!/:3.6.0]
	at kotlinx.coroutines.scheduling.TaskImpl.run(Tasks.kt:89) ~[kff-updated-kotlin-9899447243076168489-3.6.0-slim.jar%23494!/:3.6.0]
	at kotlinx.coroutines.scheduling.CoroutineScheduler.runSafely(CoroutineScheduler.kt:586) ~[kff-updated-kotlin-9899447243076168489-3.6.0-slim.jar%23494!/:3.6.0]
	at kotlinx.coroutines.scheduling.CoroutineScheduler$Worker.executeTask(CoroutineScheduler.kt:820) ~[kff-updated-kotlin-9899447243076168489-3.6.0-slim.jar%23494!/:3.6.0]
	at kotlinx.coroutines.scheduling.CoroutineScheduler$Worker.runWorker(CoroutineScheduler.kt:717) ~[kff-updated-kotlin-9899447243076168489-3.6.0-slim.jar%23494!/:3.6.0]
	at kotlinx.coroutines.scheduling.CoroutineScheduler$Worker.run(CoroutineScheduler.kt:704) ~[kff-updated-kotlin-9899447243076168489-3.6.0-slim.jar%23494!/:3.6.0]
[22:12:08] [DefaultDispatcher-worker-6/ERROR]: [2] [fe80:0:0:0:ee24:8a09:283e:7cf9%net9:59438] Failed to send java.net.DatagramPacket@7e84cf00 to /[fe80:0:0:0:d6f:49e5:c0b9:3446]:56901
java.net.SocketException: Invalid argument: no further information
	at sun.nio.ch.DatagramChannelImpl.send0(Native Method) ~[?:?]
	at sun.nio.ch.DatagramChannelImpl.sendFromNativeBuffer(Unknown Source) ~[?:?]
	at sun.nio.ch.DatagramChannelImpl.send(Unknown Source) ~[?:?]
	at sun.nio.ch.DatagramChannelImpl.send(Unknown Source) ~[?:?]
	at sun.nio.ch.DatagramChannelImpl.blockingSend(Unknown Source) ~[?:?]
	at sun.nio.ch.DatagramSocketAdaptor.send(Unknown Source) ~[?:?]
	at java.net.DatagramSocket.send(Unknown Source) ~[?:?]
	at gg.essential.ice.stun.StunSocket$2.invokeSuspend(StunSocket.kt:116) ~[Essential%20(forge_1.19.2).jar%23495!/:?]
	at kotlin.coroutines.jvm.internal.BaseContinuationImpl.resumeWith(ContinuationImpl.kt:34) ~[kff-updated-kotlin-9899447243076168489-3.6.0-slim.jar%23494!/:3.6.0]
	at kotlinx.coroutines.DispatchedTask.run(DispatchedTask.kt:100) ~[kff-updated-kotlin-9899447243076168489-3.6.0-slim.jar%23494!/:3.6.0]
	at kotlinx.coroutines.internal.LimitedDispatcher$Worker.run(LimitedDispatcher.kt:124) ~[kff-updated-kotlin-9899447243076168489-3.6.0-slim.jar%23494!/:3.6.0]
	at kotlinx.coroutines.scheduling.TaskImpl.run(Tasks.kt:89) ~[kff-updated-kotlin-9899447243076168489-3.6.0-slim.jar%23494!/:3.6.0]
	at kotlinx.coroutines.scheduling.CoroutineScheduler.runSafely(CoroutineScheduler.kt:586) ~[kff-updated-kotlin-9899447243076168489-3.6.0-slim.jar%23494!/:3.6.0]
	at kotlinx.coroutines.scheduling.CoroutineScheduler$Worker.executeTask(CoroutineScheduler.kt:820) ~[kff-updated-kotlin-9899447243076168489-3.6.0-slim.jar%23494!/:3.6.0]
	at kotlinx.coroutines.scheduling.CoroutineScheduler$Worker.runWorker(CoroutineScheduler.kt:717) ~[kff-updated-kotlin-9899447243076168489-3.6.0-slim.jar%23494!/:3.6.0]
	at kotlinx.coroutines.scheduling.CoroutineScheduler$Worker.run(CoroutineScheduler.kt:704) ~[kff-updated-kotlin-9899447243076168489-3.6.0-slim.jar%23494!/:3.6.0]
[22:12:08] [User Authenticator #1/INFO]: UUID of player Alpaca_Furioso is 677ee55e-2301-46ca-9965-eb99b2ff925c
[22:12:08] [DefaultDispatcher-worker-30/ERROR]: [2] [fe80:0:0:0:ee24:8a09:283e:7cf9%net9:59438] Failed to send java.net.DatagramPacket@532ad8e3 to /[fe80:0:0:0:bf31:1aca:eac5:e1e0]:56897
java.net.SocketException: Invalid argument: no further information
	at sun.nio.ch.DatagramChannelImpl.send0(Native Method) ~[?:?]
	at sun.nio.ch.DatagramChannelImpl.sendFromNativeBuffer(Unknown Source) ~[?:?]
	at sun.nio.ch.DatagramChannelImpl.send(Unknown Source) ~[?:?]
	at sun.nio.ch.DatagramChannelImpl.send(Unknown Source) ~[?:?]
	at sun.nio.ch.DatagramChannelImpl.blockingSend(Unknown Source) ~[?:?]
	at sun.nio.ch.DatagramSocketAdaptor.send(Unknown Source) ~[?:?]
	at java.net.DatagramSocket.send(Unknown Source) ~[?:?]
	at gg.essential.ice.stun.StunSocket$2.invokeSuspend(StunSocket.kt:116) ~[Essential%20(forge_1.19.2).jar%23495!/:?]
	at kotlin.coroutines.jvm.internal.BaseContinuationImpl.resumeWith(ContinuationImpl.kt:34) ~[kff-updated-kotlin-9899447243076168489-3.6.0-slim.jar%23494!/:3.6.0]
	at kotlinx.coroutines.DispatchedTask.run(DispatchedTask.kt:100) ~[kff-updated-kotlin-9899447243076168489-3.6.0-slim.jar%23494!/:3.6.0]
	at kotlinx.coroutines.internal.LimitedDispatcher$Worker.run(LimitedDispatcher.kt:124) ~[kff-updated-kotlin-9899447243076168489-3.6.0-slim.jar%23494!/:3.6.0]
	at kotlinx.coroutines.scheduling.TaskImpl.run(Tasks.kt:89) ~[kff-updated-kotlin-9899447243076168489-3.6.0-slim.jar%23494!/:3.6.0]
	at kotlinx.coroutines.scheduling.CoroutineScheduler.runSafely(CoroutineScheduler.kt:586) ~[kff-updated-kotlin-9899447243076168489-3.6.0-slim.jar%23494!/:3.6.0]
	at kotlinx.coroutines.scheduling.CoroutineScheduler$Worker.executeTask(CoroutineScheduler.kt:820) ~[kff-updated-kotlin-9899447243076168489-3.6.0-slim.jar%23494!/:3.6.0]
	at kotlinx.coroutines.scheduling.CoroutineScheduler$Worker.runWorker(CoroutineScheduler.kt:717) ~[kff-updated-kotlin-9899447243076168489-3.6.0-slim.jar%23494!/:3.6.0]
	at kotlinx.coroutines.scheduling.CoroutineScheduler$Worker.run(CoroutineScheduler.kt:704) ~[kff-updated-kotlin-9899447243076168489-3.6.0-slim.jar%23494!/:3.6.0]
[22:12:09] [DefaultDispatcher-worker-33/ERROR]: [2] [fe80:0:0:0:ee24:8a09:283e:7cf9%net9:59438] Failed to send java.net.DatagramPacket@2fc11dec to /[fe80:0:0:0:3886:1d12:a8f3:1852]:56900
java.net.SocketException: Invalid argument: no further information
	at sun.nio.ch.DatagramChannelImpl.send0(Native Method) ~[?:?]
	at sun.nio.ch.DatagramChannelImpl.sendFromNativeBuffer(Unknown Source) ~[?:?]
	at sun.nio.ch.DatagramChannelImpl.send(Unknown Source) ~[?:?]
	at sun.nio.ch.DatagramChannelImpl.send(Unknown Source) ~[?:?]
	at sun.nio.ch.DatagramChannelImpl.blockingSend(Unknown Source) ~[?:?]
	at sun.nio.ch.DatagramSocketAdaptor.send(Unknown Source) ~[?:?]
	at java.net.DatagramSocket.send(Unknown Source) ~[?:?]
	at gg.essential.ice.stun.StunSocket$2.invokeSuspend(StunSocket.kt:116) ~[Essential%20(forge_1.19.2).jar%23495!/:?]
	at kotlin.coroutines.jvm.internal.BaseContinuationImpl.resumeWith(ContinuationImpl.kt:34) ~[kff-updated-kotlin-9899447243076168489-3.6.0-slim.jar%23494!/:3.6.0]
	at kotlinx.coroutines.DispatchedTask.run(DispatchedTask.kt:100) ~[kff-updated-kotlin-9899447243076168489-3.6.0-slim.jar%23494!/:3.6.0]
	at kotlinx.coroutines.internal.LimitedDispatcher$Worker.run(LimitedDispatcher.kt:124) ~[kff-updated-kotlin-9899447243076168489-3.6.0-slim.jar%23494!/:3.6.0]
	at kotlinx.coroutines.scheduling.TaskImpl.run(Tasks.kt:89) ~[kff-updated-kotlin-9899447243076168489-3.6.0-slim.jar%23494!/:3.6.0]
	at kotlinx.coroutines.scheduling.CoroutineScheduler.runSafely(CoroutineScheduler.kt:586) ~[kff-updated-kotlin-9899447243076168489-3.6.0-slim.jar%23494!/:3.6.0]
	at kotlinx.coroutines.scheduling.CoroutineScheduler$Worker.executeTask(CoroutineScheduler.kt:820) ~[kff-updated-kotlin-9899447243076168489-3.6.0-slim.jar%23494!/:3.6.0]
	at kotlinx.coroutines.scheduling.CoroutineScheduler$Worker.runWorker(CoroutineScheduler.kt:717) ~[kff-updated-kotlin-9899447243076168489-3.6.0-slim.jar%23494!/:3.6.0]
	at kotlinx.coroutines.scheduling.CoroutineScheduler$Worker.run(CoroutineScheduler.kt:704) ~[kff-updated-kotlin-9899447243076168489-3.6.0-slim.jar%23494!/:3.6.0]
[22:12:09] [DefaultDispatcher-worker-29/ERROR]: [2] [fe80:0:0:0:ee24:8a09:283e:7cf9%net9:59438] Failed to send java.net.DatagramPacket@48e119e0 to /[fe80:0:0:0:d6f:49e5:c0b9:3446]:56901
java.net.SocketException: Invalid argument: no further information
	at sun.nio.ch.DatagramChannelImpl.send0(Native Method) ~[?:?]
	at sun.nio.ch.DatagramChannelImpl.sendFromNativeBuffer(Unknown Source) ~[?:?]
	at sun.nio.ch.DatagramChannelImpl.send(Unknown Source) ~[?:?]
	at sun.nio.ch.DatagramChannelImpl.send(Unknown Source) ~[?:?]
	at sun.nio.ch.DatagramChannelImpl.blockingSend(Unknown Source) ~[?:?]
	at sun.nio.ch.DatagramSocketAdaptor.send(Unknown Source) ~[?:?]
	at java.net.DatagramSocket.send(Unknown Source) ~[?:?]
	at gg.essential.ice.stun.StunSocket$2.invokeSuspend(StunSocket.kt:116) ~[Essential%20(forge_1.19.2).jar%23495!/:?]
	at kotlin.coroutines.jvm.internal.BaseContinuationImpl.resumeWith(ContinuationImpl.kt:34) ~[kff-updated-kotlin-9899447243076168489-3.6.0-slim.jar%23494!/:3.6.0]
	at kotlinx.coroutines.DispatchedTask.run(DispatchedTask.kt:100) ~[kff-updated-kotlin-9899447243076168489-3.6.0-slim.jar%23494!/:3.6.0]
	at kotlinx.coroutines.internal.LimitedDispatcher$Worker.run(LimitedDispatcher.kt:124) ~[kff-updated-kotlin-9899447243076168489-3.6.0-slim.jar%23494!/:3.6.0]
	at kotlinx.coroutines.scheduling.TaskImpl.run(Tasks.kt:89) ~[kff-updated-kotlin-9899447243076168489-3.6.0-slim.jar%23494!/:3.6.0]
	at kotlinx.coroutines.scheduling.CoroutineScheduler.runSafely(CoroutineScheduler.kt:586) ~[kff-updated-kotlin-9899447243076168489-3.6.0-slim.jar%23494!/:3.6.0]
	at kotlinx.coroutines.scheduling.CoroutineScheduler$Worker.executeTask(CoroutineScheduler.kt:820) ~[kff-updated-kotlin-9899447243076168489-3.6.0-slim.jar%23494!/:3.6.0]
	at kotlinx.coroutines.scheduling.CoroutineScheduler$Worker.runWorker(CoroutineScheduler.kt:717) ~[kff-updated-kotlin-9899447243076168489-3.6.0-slim.jar%23494!/:3.6.0]
	at kotlinx.coroutines.scheduling.CoroutineScheduler$Worker.run(CoroutineScheduler.kt:704) ~[kff-updated-kotlin-9899447243076168489-3.6.0-slim.jar%23494!/:3.6.0]
[22:12:10] [Server thread/INFO]: Using new advancement loading for net.minecraft.server.PlayerAdvancements@86255a3
[22:12:10] [Server thread/INFO]: Alpaca_Furioso[local:E:ed8393a9] logged in with entity id 5576 at (-239.1037896074113, 67.0, 14.471250892492185)
[22:12:10] [Server thread/INFO]: Alpaca_Furioso joined the game
[22:12:10] [Render thread/INFO]: [System] [CHAT] Alpaca_Furioso joined the game
[22:12:10] [Server thread/INFO]: Player connected to a local world, not setting up proxy config
[22:12:10] [DefaultDispatcher-worker-29/ERROR]: [2] [fe80:0:0:0:ee24:8a09:283e:7cf9%net9:59438] Failed to send java.net.DatagramPacket@28cee6af to /[fe80:0:0:0:bf31:1aca:eac5:e1e0]:56897
java.net.SocketException: Invalid argument: no further information
	at sun.nio.ch.DatagramChannelImpl.send0(Native Method) ~[?:?]
	at sun.nio.ch.DatagramChannelImpl.sendFromNativeBuffer(Unknown Source) ~[?:?]
	at sun.nio.ch.DatagramChannelImpl.send(Unknown Source) ~[?:?]
	at sun.nio.ch.DatagramChannelImpl.send(Unknown Source) ~[?:?]
	at sun.nio.ch.DatagramChannelImpl.blockingSend(Unknown Source) ~[?:?]
	at sun.nio.ch.DatagramSocketAdaptor.send(Unknown Source) ~[?:?]
	at java.net.DatagramSocket.send(Unknown Source) ~[?:?]
	at gg.essential.ice.stun.StunSocket$2.invokeSuspend(StunSocket.kt:116) ~[Essential%20(forge_1.19.2).jar%23495!/:?]
	at kotlin.coroutines.jvm.internal.BaseContinuationImpl.resumeWith(ContinuationImpl.kt:34) ~[kff-updated-kotlin-9899447243076168489-3.6.0-slim.jar%23494!/:3.6.0]
	at kotlinx.coroutines.DispatchedTask.run(DispatchedTask.kt:100) ~[kff-updated-kotlin-9899447243076168489-3.6.0-slim.jar%23494!/:3.6.0]
	at kotlinx.coroutines.internal.LimitedDispatcher$Worker.run(LimitedDispatcher.kt:124) ~[kff-updated-kotlin-9899447243076168489-3.6.0-slim.jar%23494!/:3.6.0]
	at kotlinx.coroutines.scheduling.TaskImpl.run(Tasks.kt:89) ~[kff-updated-kotlin-9899447243076168489-3.6.0-slim.jar%23494!/:3.6.0]
	at kotlinx.coroutines.scheduling.CoroutineScheduler.runSafely(CoroutineScheduler.kt:586) ~[kff-updated-kotlin-9899447243076168489-3.6.0-slim.jar%23494!/:3.6.0]
	at kotlinx.coroutines.scheduling.CoroutineScheduler$Worker.executeTask(CoroutineScheduler.kt:820) ~[kff-updated-kotlin-9899447243076168489-3.6.0-slim.jar%23494!/:3.6.0]
	at kotlinx.coroutines.scheduling.CoroutineScheduler$Worker.runWorker(CoroutineScheduler.kt:717) ~[kff-updated-kotlin-9899447243076168489-3.6.0-slim.jar%23494!/:3.6.0]
	at kotlinx.coroutines.scheduling.CoroutineScheduler$Worker.run(CoroutineScheduler.kt:704) ~[kff-updated-kotlin-9899447243076168489-3.6.0-slim.jar%23494!/:3.6.0]
[22:12:11] [DefaultDispatcher-worker-10/ERROR]: [2] [fe80:0:0:0:ee24:8a09:283e:7cf9%net9:59438] Failed to send java.net.DatagramPacket@2dcf1ca6 to /[fe80:0:0:0:3886:1d12:a8f3:1852]:56900
java.net.SocketException: Invalid argument: no further information
	at sun.nio.ch.DatagramChannelImpl.send0(Native Method) ~[?:?]
	at sun.nio.ch.DatagramChannelImpl.sendFromNativeBuffer(Unknown Source) ~[?:?]
	at sun.nio.ch.DatagramChannelImpl.send(Unknown Source) ~[?:?]
	at sun.nio.ch.DatagramChannelImpl.send(Unknown Source) ~[?:?]
	at sun.nio.ch.DatagramChannelImpl.blockingSend(Unknown Source) ~[?:?]
	at sun.nio.ch.DatagramSocketAdaptor.send(Unknown Source) ~[?:?]
	at java.net.DatagramSocket.send(Unknown Source) ~[?:?]
	at gg.essential.ice.stun.StunSocket$2.invokeSuspend(StunSocket.kt:116) ~[Essential%20(forge_1.19.2).jar%23495!/:?]
	at kotlin.coroutines.jvm.internal.BaseContinuationImpl.resumeWith(ContinuationImpl.kt:34) ~[kff-updated-kotlin-9899447243076168489-3.6.0-slim.jar%23494!/:3.6.0]
	at kotlinx.coroutines.DispatchedTask.run(DispatchedTask.kt:100) ~[kff-updated-kotlin-9899447243076168489-3.6.0-slim.jar%23494!/:3.6.0]
	at kotlinx.coroutines.internal.LimitedDispatcher$Worker.run(LimitedDispatcher.kt:124) ~[kff-updated-kotlin-9899447243076168489-3.6.0-slim.jar%23494!/:3.6.0]
	at kotlinx.coroutines.scheduling.TaskImpl.run(Tasks.kt:89) ~[kff-updated-kotlin-9899447243076168489-3.6.0-slim.jar%23494!/:3.6.0]
	at kotlinx.coroutines.scheduling.CoroutineScheduler.runSafely(CoroutineScheduler.kt:586) ~[kff-updated-kotlin-9899447243076168489-3.6.0-slim.jar%23494!/:3.6.0]
	at kotlinx.coroutines.scheduling.CoroutineScheduler$Worker.executeTask(CoroutineScheduler.kt:820) ~[kff-updated-kotlin-9899447243076168489-3.6.0-slim.jar%23494!/:3.6.0]
	at kotlinx.coroutines.scheduling.CoroutineScheduler$Worker.runWorker(CoroutineScheduler.kt:717) ~[kff-updated-kotlin-9899447243076168489-3.6.0-slim.jar%23494!/:3.6.0]
	at kotlinx.coroutines.scheduling.CoroutineScheduler$Worker.run(CoroutineScheduler.kt:704) ~[kff-updated-kotlin-9899447243076168489-3.6.0-slim.jar%23494!/:3.6.0]
[22:12:11] [DefaultDispatcher-worker-6/ERROR]: [2] [fe80:0:0:0:ee24:8a09:283e:7cf9%net9:59438] Failed to send java.net.DatagramPacket@733b677b to /[fe80:0:0:0:d6f:49e5:c0b9:3446]:56901
java.net.SocketException: Invalid argument: no further information
	at sun.nio.ch.DatagramChannelImpl.send0(Native Method) ~[?:?]
	at sun.nio.ch.DatagramChannelImpl.sendFromNativeBuffer(Unknown Source) ~[?:?]
	at sun.nio.ch.DatagramChannelImpl.send(Unknown Source) ~[?:?]
	at sun.nio.ch.DatagramChannelImpl.send(Unknown Source) ~[?:?]
	at sun.nio.ch.DatagramChannelImpl.blockingSend(Unknown Source) ~[?:?]
	at sun.nio.ch.DatagramSocketAdaptor.send(Unknown Source) ~[?:?]
	at java.net.DatagramSocket.send(Unknown Source) ~[?:?]
	at gg.essential.ice.stun.StunSocket$2.invokeSuspend(StunSocket.kt:116) ~[Essential%20(forge_1.19.2).jar%23495!/:?]
	at kotlin.coroutines.jvm.internal.BaseContinuationImpl.resumeWith(ContinuationImpl.kt:34) ~[kff-updated-kotlin-9899447243076168489-3.6.0-slim.jar%23494!/:3.6.0]
	at kotlinx.coroutines.DispatchedTask.run(DispatchedTask.kt:100) ~[kff-updated-kotlin-9899447243076168489-3.6.0-slim.jar%23494!/:3.6.0]
	at kotlinx.coroutines.internal.LimitedDispatcher$Worker.run(LimitedDispatcher.kt:124) ~[kff-updated-kotlin-9899447243076168489-3.6.0-slim.jar%23494!/:3.6.0]
	at kotlinx.coroutines.scheduling.TaskImpl.run(Tasks.kt:89) ~[kff-updated-kotlin-9899447243076168489-3.6.0-slim.jar%23494!/:3.6.0]
	at kotlinx.coroutines.scheduling.CoroutineScheduler.runSafely(CoroutineScheduler.kt:586) ~[kff-updated-kotlin-9899447243076168489-3.6.0-slim.jar%23494!/:3.6.0]
	at kotlinx.coroutines.scheduling.CoroutineScheduler$Worker.executeTask(CoroutineScheduler.kt:820) ~[kff-updated-kotlin-9899447243076168489-3.6.0-slim.jar%23494!/:3.6.0]
	at kotlinx.coroutines.scheduling.CoroutineScheduler$Worker.runWorker(CoroutineScheduler.kt:717) ~[kff-updated-kotlin-9899447243076168489-3.6.0-slim.jar%23494!/:3.6.0]
	at kotlinx.coroutines.scheduling.CoroutineScheduler$Worker.run(CoroutineScheduler.kt:704) ~[kff-updated-kotlin-9899447243076168489-3.6.0-slim.jar%23494!/:3.6.0]
[22:12:12] [Server thread/INFO]: [voicechat] Received secret request of Alpaca_Furioso (20)
[22:12:12] [Server thread/INFO]: [voicechat] Sent secret to Alpaca_Furioso
[22:12:12] [Server thread/INFO]: Limitation of 677ee55e-2301-46ca-9965-eb99b2ff925c was loaded
[22:12:12] [Server thread/INFO]: Sent Server Limitation of [Alpaca_Furioso]
[22:12:12] [Server thread/INFO]: Received Client Information of [Alpaca_Furioso]
[22:12:12] [Render thread/INFO]: Received Client Information of [Alpaca_Furioso]
[22:12:14] [Server thread/INFO]: [FANCYMENU] A client with FancyMenu installed joined the server: Alpaca_Furioso
[22:12:14] [VoiceChatPacketProcessingThread/INFO]: [voicechat] Successfully authenticated player 677ee55e-2301-46ca-9965-eb99b2ff925c
[22:12:14] [DefaultDispatcher-worker-24/ERROR]: [2] [fe80:0:0:0:ee24:8a09:283e:7cf9%net9:59438] Failed to send java.net.DatagramPacket@4f937672 to /[fe80:0:0:0:bf31:1aca:eac5:e1e0]:56897
java.net.SocketException: Invalid argument: no further information
	at sun.nio.ch.DatagramChannelImpl.send0(Native Method) ~[?:?]
	at sun.nio.ch.DatagramChannelImpl.sendFromNativeBuffer(Unknown Source) ~[?:?]
	at sun.nio.ch.DatagramChannelImpl.send(Unknown Source) ~[?:?]
	at sun.nio.ch.DatagramChannelImpl.send(Unknown Source) ~[?:?]
	at sun.nio.ch.DatagramChannelImpl.blockingSend(Unknown Source) ~[?:?]
	at sun.nio.ch.DatagramSocketAdaptor.send(Unknown Source) ~[?:?]
	at java.net.DatagramSocket.send(Unknown Source) ~[?:?]
	at gg.essential.ice.stun.StunSocket$2.invokeSuspend(StunSocket.kt:116) ~[Essential%20(forge_1.19.2).jar%23495!/:?]
	at kotlin.coroutines.jvm.internal.BaseContinuationImpl.resumeWith(ContinuationImpl.kt:34) ~[kff-updated-kotlin-9899447243076168489-3.6.0-slim.jar%23494!/:3.6.0]
	at kotlinx.coroutines.DispatchedTask.run(DispatchedTask.kt:100) ~[kff-updated-kotlin-9899447243076168489-3.6.0-slim.jar%23494!/:3.6.0]
	at kotlinx.coroutines.internal.LimitedDispatcher$Worker.run(LimitedDispatcher.kt:124) ~[kff-updated-kotlin-9899447243076168489-3.6.0-slim.jar%23494!/:3.6.0]
	at kotlinx.coroutines.scheduling.TaskImpl.run(Tasks.kt:89) ~[kff-updated-kotlin-9899447243076168489-3.6.0-slim.jar%23494!/:3.6.0]
	at kotlinx.coroutines.scheduling.CoroutineScheduler.runSafely(CoroutineScheduler.kt:586) ~[kff-updated-kotlin-9899447243076168489-3.6.0-slim.jar%23494!/:3.6.0]
	at kotlinx.coroutines.scheduling.CoroutineScheduler$Worker.executeTask(CoroutineScheduler.kt:820) ~[kff-updated-kotlin-9899447243076168489-3.6.0-slim.jar%23494!/:3.6.0]
	at kotlinx.coroutines.scheduling.CoroutineScheduler$Worker.runWorker(CoroutineScheduler.kt:717) ~[kff-updated-kotlin-9899447243076168489-3.6.0-slim.jar%23494!/:3.6.0]
	at kotlinx.coroutines.scheduling.CoroutineScheduler$Worker.run(CoroutineScheduler.kt:704) ~[kff-updated-kotlin-9899447243076168489-3.6.0-slim.jar%23494!/:3.6.0]
[22:12:15] [DefaultDispatcher-worker-22/ERROR]: [2] [fe80:0:0:0:ee24:8a09:283e:7cf9%net9:59438] Failed to send java.net.DatagramPacket@508d4a28 to /[fe80:0:0:0:3886:1d12:a8f3:1852]:56900
java.net.SocketException: Invalid argument: no further information
	at sun.nio.ch.DatagramChannelImpl.send0(Native Method) ~[?:?]
	at sun.nio.ch.DatagramChannelImpl.sendFromNativeBuffer(Unknown Source) ~[?:?]
	at sun.nio.ch.DatagramChannelImpl.send(Unknown Source) ~[?:?]
	at sun.nio.ch.DatagramChannelImpl.send(Unknown Source) ~[?:?]
	at sun.nio.ch.DatagramChannelImpl.blockingSend(Unknown Source) ~[?:?]
	at sun.nio.ch.DatagramSocketAdaptor.send(Unknown Source) ~[?:?]
	at java.net.DatagramSocket.send(Unknown Source) ~[?:?]
	at gg.essential.ice.stun.StunSocket$2.invokeSuspend(StunSocket.kt:116) ~[Essential%20(forge_1.19.2).jar%23495!/:?]
	at kotlin.coroutines.jvm.internal.BaseContinuationImpl.resumeWith(ContinuationImpl.kt:34) ~[kff-updated-kotlin-9899447243076168489-3.6.0-slim.jar%23494!/:3.6.0]
	at kotlinx.coroutines.DispatchedTask.run(DispatchedTask.kt:100) ~[kff-updated-kotlin-9899447243076168489-3.6.0-slim.jar%23494!/:3.6.0]
	at kotlinx.coroutines.internal.LimitedDispatcher$Worker.run(LimitedDispatcher.kt:124) ~[kff-updated-kotlin-9899447243076168489-3.6.0-slim.jar%23494!/:3.6.0]
	at kotlinx.coroutines.scheduling.TaskImpl.run(Tasks.kt:89) ~[kff-updated-kotlin-9899447243076168489-3.6.0-slim.jar%23494!/:3.6.0]
	at kotlinx.coroutines.scheduling.CoroutineScheduler.runSafely(CoroutineScheduler.kt:586) ~[kff-updated-kotlin-9899447243076168489-3.6.0-slim.jar%23494!/:3.6.0]
	at kotlinx.coroutines.scheduling.CoroutineScheduler$Worker.executeTask(CoroutineScheduler.kt:820) ~[kff-updated-kotlin-9899447243076168489-3.6.0-slim.jar%23494!/:3.6.0]
	at kotlinx.coroutines.scheduling.CoroutineScheduler$Worker.runWorker(CoroutineScheduler.kt:717) ~[kff-updated-kotlin-9899447243076168489-3.6.0-slim.jar%23494!/:3.6.0]
	at kotlinx.coroutines.scheduling.CoroutineScheduler$Worker.run(CoroutineScheduler.kt:704) ~[kff-updated-kotlin-9899447243076168489-3.6.0-slim.jar%23494!/:3.6.0]
[22:12:15] [Render thread/INFO]: OpenGL debug message: id=1282, source=API, type=ERROR, severity=HIGH, message='GL_INVALID_OPERATION error generated. The source and destination internal formats are not compatible.'
[22:12:15] [DefaultDispatcher-worker-11/ERROR]: [2] [fe80:0:0:0:ee24:8a09:283e:7cf9%net9:59438] Failed to send java.net.DatagramPacket@53641b64 to /[fe80:0:0:0:d6f:49e5:c0b9:3446]:56901
java.net.SocketException: Invalid argument: no further information
	at sun.nio.ch.DatagramChannelImpl.send0(Native Method) ~[?:?]
	at sun.nio.ch.DatagramChannelImpl.sendFromNativeBuffer(Unknown Source) ~[?:?]
	at sun.nio.ch.DatagramChannelImpl.send(Unknown Source) ~[?:?]
	at sun.nio.ch.DatagramChannelImpl.send(Unknown Source) ~[?:?]
	at sun.nio.ch.DatagramChannelImpl.blockingSend(Unknown Source) ~[?:?]
	at sun.nio.ch.DatagramSocketAdaptor.send(Unknown Source) ~[?:?]
	at java.net.DatagramSocket.send(Unknown Source) ~[?:?]
	at gg.essential.ice.stun.StunSocket$2.invokeSuspend(StunSocket.kt:116) ~[Essential%20(forge_1.19.2).jar%23495!/:?]
	at kotlin.coroutines.jvm.internal.BaseContinuationImpl.resumeWith(ContinuationImpl.kt:34) ~[kff-updated-kotlin-9899447243076168489-3.6.0-slim.jar%23494!/:3.6.0]
	at kotlinx.coroutines.DispatchedTask.run(DispatchedTask.kt:100) ~[kff-updated-kotlin-9899447243076168489-3.6.0-slim.jar%23494!/:3.6.0]
	at kotlinx.coroutines.internal.LimitedDispatcher$Worker.run(LimitedDispatcher.kt:124) ~[kff-updated-kotlin-9899447243076168489-3.6.0-slim.jar%23494!/:3.6.0]
	at kotlinx.coroutines.scheduling.TaskImpl.run(Tasks.kt:89) ~[kff-updated-kotlin-9899447243076168489-3.6.0-slim.jar%23494!/:3.6.0]
	at kotlinx.coroutines.scheduling.CoroutineScheduler.runSafely(CoroutineScheduler.kt:586) ~[kff-updated-kotlin-9899447243076168489-3.6.0-slim.jar%23494!/:3.6.0]
	at kotlinx.coroutines.scheduling.CoroutineScheduler$Worker.executeTask(CoroutineScheduler.kt:820) ~[kff-updated-kotlin-9899447243076168489-3.6.0-slim.jar%23494!/:3.6.0]
	at kotlinx.coroutines.scheduling.CoroutineScheduler$Worker.runWorker(CoroutineScheduler.kt:717) ~[kff-updated-kotlin-9899447243076168489-3.6.0-slim.jar%23494!/:3.6.0]
	at kotlinx.coroutines.scheduling.CoroutineScheduler$Worker.run(CoroutineScheduler.kt:704) ~[kff-updated-kotlin-9899447243076168489-3.6.0-slim.jar%23494!/:3.6.0]
[22:12:15] [VoiceChatPacketProcessingThread/INFO]: [voicechat] Successfully validated connection of player 677ee55e-2301-46ca-9965-eb99b2ff925c
[22:12:15] [VoiceChatPacketProcessingThread/INFO]: [voicechat] Player Alpaca_Furioso (677ee55e-2301-46ca-9965-eb99b2ff925c) successfully connected to voice chat
[22:12:17] [Render thread/INFO]: [FANCYMENU] ScreenCustomizationLayer registered: crafting_screen
[22:12:17] [Render thread/WARN]: GUI did not draw the dark background layer behind itself, this may result in display issues: net.minecraft.client.gui.screens.inventory.CraftingScreen
[22:12:22] [DefaultDispatcher-worker-25/ERROR]: [2] [fe80:0:0:0:ee24:8a09:283e:7cf9%net9:59438] Failed to send java.net.DatagramPacket@4729dc5 to /[fe80:0:0:0:bf31:1aca:eac5:e1e0]:56897
java.net.SocketException: Invalid argument: no further information
	at sun.nio.ch.DatagramChannelImpl.send0(Native Method) ~[?:?]
	at sun.nio.ch.DatagramChannelImpl.sendFromNativeBuffer(Unknown Source) ~[?:?]
	at sun.nio.ch.DatagramChannelImpl.send(Unknown Source) ~[?:?]
	at sun.nio.ch.DatagramChannelImpl.send(Unknown Source) ~[?:?]
	at sun.nio.ch.DatagramChannelImpl.blockingSend(Unknown Source) ~[?:?]
	at sun.nio.ch.DatagramSocketAdaptor.send(Unknown Source) ~[?:?]
	at java.net.DatagramSocket.send(Unknown Source) ~[?:?]
	at gg.essential.ice.stun.StunSocket$2.invokeSuspend(StunSocket.kt:116) ~[Essential%20(forge_1.19.2).jar%23495!/:?]
	at kotlin.coroutines.jvm.internal.BaseContinuationImpl.resumeWith(ContinuationImpl.kt:34) ~[kff-updated-kotlin-9899447243076168489-3.6.0-slim.jar%23494!/:3.6.0]
	at kotlinx.coroutines.DispatchedTask.run(DispatchedTask.kt:100) ~[kff-updated-kotlin-9899447243076168489-3.6.0-slim.jar%23494!/:3.6.0]
	at kotlinx.coroutines.internal.LimitedDispatcher$Worker.run(LimitedDispatcher.kt:124) ~[kff-updated-kotlin-9899447243076168489-3.6.0-slim.jar%23494!/:3.6.0]
	at kotlinx.coroutines.scheduling.TaskImpl.run(Tasks.kt:89) ~[kff-updated-kotlin-9899447243076168489-3.6.0-slim.jar%23494!/:3.6.0]
	at kotlinx.coroutines.scheduling.CoroutineScheduler.runSafely(CoroutineScheduler.kt:586) ~[kff-updated-kotlin-9899447243076168489-3.6.0-slim.jar%23494!/:3.6.0]
	at kotlinx.coroutines.scheduling.CoroutineScheduler$Worker.executeTask(CoroutineScheduler.kt:820) ~[kff-updated-kotlin-9899447243076168489-3.6.0-slim.jar%23494!/:3.6.0]
	at kotlinx.coroutines.scheduling.CoroutineScheduler$Worker.runWorker(CoroutineScheduler.kt:717) ~[kff-updated-kotlin-9899447243076168489-3.6.0-slim.jar%23494!/:3.6.0]
	at kotlinx.coroutines.scheduling.CoroutineScheduler$Worker.run(CoroutineScheduler.kt:704) ~[kff-updated-kotlin-9899447243076168489-3.6.0-slim.jar%23494!/:3.6.0]
[22:12:23] [DefaultDispatcher-worker-6/ERROR]: [2] [fe80:0:0:0:ee24:8a09:283e:7cf9%net9:59438] Failed to send java.net.DatagramPacket@18350da0 to /[fe80:0:0:0:3886:1d12:a8f3:1852]:56900
java.net.SocketException: Invalid argument: no further information
	at sun.nio.ch.DatagramChannelImpl.send0(Native Method) ~[?:?]
	at sun.nio.ch.DatagramChannelImpl.sendFromNativeBuffer(Unknown Source) ~[?:?]
	at sun.nio.ch.DatagramChannelImpl.send(Unknown Source) ~[?:?]
	at sun.nio.ch.DatagramChannelImpl.send(Unknown Source) ~[?:?]
	at sun.nio.ch.DatagramChannelImpl.blockingSend(Unknown Source) ~[?:?]
	at sun.nio.ch.DatagramSocketAdaptor.send(Unknown Source) ~[?:?]
	at java.net.DatagramSocket.send(Unknown Source) ~[?:?]
	at gg.essential.ice.stun.StunSocket$2.invokeSuspend(StunSocket.kt:116) ~[Essential%20(forge_1.19.2).jar%23495!/:?]
	at kotlin.coroutines.jvm.internal.BaseContinuationImpl.resumeWith(ContinuationImpl.kt:34) ~[kff-updated-kotlin-9899447243076168489-3.6.0-slim.jar%23494!/:3.6.0]
	at kotlinx.coroutines.DispatchedTask.run(DispatchedTask.kt:100) ~[kff-updated-kotlin-9899447243076168489-3.6.0-slim.jar%23494!/:3.6.0]
	at kotlinx.coroutines.internal.LimitedDispatcher$Worker.run(LimitedDispatcher.kt:124) ~[kff-updated-kotlin-9899447243076168489-3.6.0-slim.jar%23494!/:3.6.0]
	at kotlinx.coroutines.scheduling.TaskImpl.run(Tasks.kt:89) ~[kff-updated-kotlin-9899447243076168489-3.6.0-slim.jar%23494!/:3.6.0]
	at kotlinx.coroutines.scheduling.CoroutineScheduler.runSafely(CoroutineScheduler.kt:586) ~[kff-updated-kotlin-9899447243076168489-3.6.0-slim.jar%23494!/:3.6.0]
	at kotlinx.coroutines.scheduling.CoroutineScheduler$Worker.executeTask(CoroutineScheduler.kt:820) ~[kff-updated-kotlin-9899447243076168489-3.6.0-slim.jar%23494!/:3.6.0]
	at kotlinx.coroutines.scheduling.CoroutineScheduler$Worker.runWorker(CoroutineScheduler.kt:717) ~[kff-updated-kotlin-9899447243076168489-3.6.0-slim.jar%23494!/:3.6.0]
	at kotlinx.coroutines.scheduling.CoroutineScheduler$Worker.run(CoroutineScheduler.kt:704) ~[kff-updated-kotlin-9899447243076168489-3.6.0-slim.jar%23494!/:3.6.0]
[22:12:23] [DefaultDispatcher-worker-29/ERROR]: [2] [fe80:0:0:0:ee24:8a09:283e:7cf9%net9:59438] Failed to send java.net.DatagramPacket@3a3fa7a to /[fe80:0:0:0:d6f:49e5:c0b9:3446]:56901
java.net.SocketException: Invalid argument: no further information
	at sun.nio.ch.DatagramChannelImpl.send0(Native Method) ~[?:?]
	at sun.nio.ch.DatagramChannelImpl.sendFromNativeBuffer(Unknown Source) ~[?:?]
	at sun.nio.ch.DatagramChannelImpl.send(Unknown Source) ~[?:?]
	at sun.nio.ch.DatagramChannelImpl.send(Unknown Source) ~[?:?]
	at sun.nio.ch.DatagramChannelImpl.blockingSend(Unknown Source) ~[?:?]
	at sun.nio.ch.DatagramSocketAdaptor.send(Unknown Source) ~[?:?]
	at java.net.DatagramSocket.send(Unknown Source) ~[?:?]
	at gg.essential.ice.stun.StunSocket$2.invokeSuspend(StunSocket.kt:116) ~[Essential%20(forge_1.19.2).jar%23495!/:?]
	at kotlin.coroutines.jvm.internal.BaseContinuationImpl.resumeWith(ContinuationImpl.kt:34) ~[kff-updated-kotlin-9899447243076168489-3.6.0-slim.jar%23494!/:3.6.0]
	at kotlinx.coroutines.DispatchedTask.run(DispatchedTask.kt:100) ~[kff-updated-kotlin-9899447243076168489-3.6.0-slim.jar%23494!/:3.6.0]
	at kotlinx.coroutines.internal.LimitedDispatcher$Worker.run(LimitedDispatcher.kt:124) ~[kff-updated-kotlin-9899447243076168489-3.6.0-slim.jar%23494!/:3.6.0]
	at kotlinx.coroutines.scheduling.TaskImpl.run(Tasks.kt:89) ~[kff-updated-kotlin-9899447243076168489-3.6.0-slim.jar%23494!/:3.6.0]
	at kotlinx.coroutines.scheduling.CoroutineScheduler.runSafely(CoroutineScheduler.kt:586) ~[kff-updated-kotlin-9899447243076168489-3.6.0-slim.jar%23494!/:3.6.0]
	at kotlinx.coroutines.scheduling.CoroutineScheduler$Worker.executeTask(CoroutineScheduler.kt:820) ~[kff-updated-kotlin-9899447243076168489-3.6.0-slim.jar%23494!/:3.6.0]
	at kotlinx.coroutines.scheduling.CoroutineScheduler$Worker.runWorker(CoroutineScheduler.kt:717) ~[kff-updated-kotlin-9899447243076168489-3.6.0-slim.jar%23494!/:3.6.0]
	at kotlinx.coroutines.scheduling.CoroutineScheduler$Worker.run(CoroutineScheduler.kt:704) ~[kff-updated-kotlin-9899447243076168489-3.6.0-slim.jar%23494!/:3.6.0]
[22:12:38] [DefaultDispatcher-worker-26/ERROR]: [2] [fe80:0:0:0:ee24:8a09:283e:7cf9%net9:59438] Failed to send java.net.DatagramPacket@c55263a to /[fe80:0:0:0:bf31:1aca:eac5:e1e0]:56897
java.net.SocketException: Invalid argument: no further information
	at sun.nio.ch.DatagramChannelImpl.send0(Native Method) ~[?:?]
	at sun.nio.ch.DatagramChannelImpl.sendFromNativeBuffer(Unknown Source) ~[?:?]
	at sun.nio.ch.DatagramChannelImpl.send(Unknown Source) ~[?:?]
	at sun.nio.ch.DatagramChannelImpl.send(Unknown Source) ~[?:?]
	at sun.nio.ch.DatagramChannelImpl.blockingSend(Unknown Source) ~[?:?]
	at sun.nio.ch.DatagramSocketAdaptor.send(Unknown Source) ~[?:?]
	at java.net.DatagramSocket.send(Unknown Source) ~[?:?]
	at gg.essential.ice.stun.StunSocket$2.invokeSuspend(StunSocket.kt:116) ~[Essential%20(forge_1.19.2).jar%23495!/:?]
	at kotlin.coroutines.jvm.internal.BaseContinuationImpl.resumeWith(ContinuationImpl.kt:34) ~[kff-updated-kotlin-9899447243076168489-3.6.0-slim.jar%23494!/:3.6.0]
	at kotlinx.coroutines.DispatchedTask.run(DispatchedTask.kt:100) ~[kff-updated-kotlin-9899447243076168489-3.6.0-slim.jar%23494!/:3.6.0]
	at kotlinx.coroutines.internal.LimitedDispatcher$Worker.run(LimitedDispatcher.kt:124) ~[kff-updated-kotlin-9899447243076168489-3.6.0-slim.jar%23494!/:3.6.0]
	at kotlinx.coroutines.scheduling.TaskImpl.run(Tasks.kt:89) ~[kff-updated-kotlin-9899447243076168489-3.6.0-slim.jar%23494!/:3.6.0]
	at kotlinx.coroutines.scheduling.CoroutineScheduler.runSafely(CoroutineScheduler.kt:586) ~[kff-updated-kotlin-9899447243076168489-3.6.0-slim.jar%23494!/:3.6.0]
	at kotlinx.coroutines.scheduling.CoroutineScheduler$Worker.executeTask(CoroutineScheduler.kt:820) ~[kff-updated-kotlin-9899447243076168489-3.6.0-slim.jar%23494!/:3.6.0]
	at kotlinx.coroutines.scheduling.CoroutineScheduler$Worker.runWorker(CoroutineScheduler.kt:717) ~[kff-updated-kotlin-9899447243076168489-3.6.0-slim.jar%23494!/:3.6.0]
	at kotlinx.coroutines.scheduling.CoroutineScheduler$Worker.run(CoroutineScheduler.kt:704) ~[kff-updated-kotlin-9899447243076168489-3.6.0-slim.jar%23494!/:3.6.0]
[22:12:39] [DefaultDispatcher-worker-19/ERROR]: [2] [fe80:0:0:0:ee24:8a09:283e:7cf9%net9:59438] Failed to send java.net.DatagramPacket@3f4b2a4c to /[fe80:0:0:0:3886:1d12:a8f3:1852]:56900
java.net.SocketException: Invalid argument: no further information
	at sun.nio.ch.DatagramChannelImpl.send0(Native Method) ~[?:?]
	at sun.nio.ch.DatagramChannelImpl.sendFromNativeBuffer(Unknown Source) ~[?:?]
	at sun.nio.ch.DatagramChannelImpl.send(Unknown Source) ~[?:?]
	at sun.nio.ch.DatagramChannelImpl.send(Unknown Source) ~[?:?]
	at sun.nio.ch.DatagramChannelImpl.blockingSend(Unknown Source) ~[?:?]
	at sun.nio.ch.DatagramSocketAdaptor.send(Unknown Source) ~[?:?]
	at java.net.DatagramSocket.send(Unknown Source) ~[?:?]
	at gg.essential.ice.stun.StunSocket$2.invokeSuspend(StunSocket.kt:116) ~[Essential%20(forge_1.19.2).jar%23495!/:?]
	at kotlin.coroutines.jvm.internal.BaseContinuationImpl.resumeWith(ContinuationImpl.kt:34) ~[kff-updated-kotlin-9899447243076168489-3.6.0-slim.jar%23494!/:3.6.0]
	at kotlinx.coroutines.DispatchedTask.run(DispatchedTask.kt:100) ~[kff-updated-kotlin-9899447243076168489-3.6.0-slim.jar%23494!/:3.6.0]
	at kotlinx.coroutines.internal.LimitedDispatcher$Worker.run(LimitedDispatcher.kt:124) ~[kff-updated-kotlin-9899447243076168489-3.6.0-slim.jar%23494!/:3.6.0]
	at kotlinx.coroutines.scheduling.TaskImpl.run(Tasks.kt:89) ~[kff-updated-kotlin-9899447243076168489-3.6.0-slim.jar%23494!/:3.6.0]
	at kotlinx.coroutines.scheduling.CoroutineScheduler.runSafely(CoroutineScheduler.kt:586) ~[kff-updated-kotlin-9899447243076168489-3.6.0-slim.jar%23494!/:3.6.0]
	at kotlinx.coroutines.scheduling.CoroutineScheduler$Worker.executeTask(CoroutineScheduler.kt:820) ~[kff-updated-kotlin-9899447243076168489-3.6.0-slim.jar%23494!/:3.6.0]
	at kotlinx.coroutines.scheduling.CoroutineScheduler$Worker.runWorker(CoroutineScheduler.kt:717) ~[kff-updated-kotlin-9899447243076168489-3.6.0-slim.jar%23494!/:3.6.0]
	at kotlinx.coroutines.scheduling.CoroutineScheduler$Worker.run(CoroutineScheduler.kt:704) ~[kff-updated-kotlin-9899447243076168489-3.6.0-slim.jar%23494!/:3.6.0]
[22:12:39] [DefaultDispatcher-worker-31/ERROR]: [2] [fe80:0:0:0:ee24:8a09:283e:7cf9%net9:59438] Failed to send java.net.DatagramPacket@e5f37ea to /[fe80:0:0:0:d6f:49e5:c0b9:3446]:56901
java.net.SocketException: Invalid argument: no further information
	at sun.nio.ch.DatagramChannelImpl.send0(Native Method) ~[?:?]
	at sun.nio.ch.DatagramChannelImpl.sendFromNativeBuffer(Unknown Source) ~[?:?]
	at sun.nio.ch.DatagramChannelImpl.send(Unknown Source) ~[?:?]
	at sun.nio.ch.DatagramChannelImpl.send(Unknown Source) ~[?:?]
	at sun.nio.ch.DatagramChannelImpl.blockingSend(Unknown Source) ~[?:?]
	at sun.nio.ch.DatagramSocketAdaptor.send(Unknown Source) ~[?:?]
	at java.net.DatagramSocket.send(Unknown Source) ~[?:?]
	at gg.essential.ice.stun.StunSocket$2.invokeSuspend(StunSocket.kt:116) ~[Essential%20(forge_1.19.2).jar%23495!/:?]
	at kotlin.coroutines.jvm.internal.BaseContinuationImpl.resumeWith(ContinuationImpl.kt:34) ~[kff-updated-kotlin-9899447243076168489-3.6.0-slim.jar%23494!/:3.6.0]
	at kotlinx.coroutines.DispatchedTask.run(DispatchedTask.kt:100) ~[kff-updated-kotlin-9899447243076168489-3.6.0-slim.jar%23494!/:3.6.0]
	at kotlinx.coroutines.internal.LimitedDispatcher$Worker.run(LimitedDispatcher.kt:124) ~[kff-updated-kotlin-9899447243076168489-3.6.0-slim.jar%23494!/:3.6.0]
	at kotlinx.coroutines.scheduling.TaskImpl.run(Tasks.kt:89) ~[kff-updated-kotlin-9899447243076168489-3.6.0-slim.jar%23494!/:3.6.0]
	at kotlinx.coroutines.scheduling.CoroutineScheduler.runSafely(CoroutineScheduler.kt:586) ~[kff-updated-kotlin-9899447243076168489-3.6.0-slim.jar%23494!/:3.6.0]
	at kotlinx.coroutines.scheduling.CoroutineScheduler$Worker.executeTask(CoroutineScheduler.kt:820) ~[kff-updated-kotlin-9899447243076168489-3.6.0-slim.jar%23494!/:3.6.0]
	at kotlinx.coroutines.scheduling.CoroutineScheduler$Worker.runWorker(CoroutineScheduler.kt:717) ~[kff-updated-kotlin-9899447243076168489-3.6.0-slim.jar%23494!/:3.6.0]
	at kotlinx.coroutines.scheduling.CoroutineScheduler$Worker.run(CoroutineScheduler.kt:704) ~[kff-updated-kotlin-9899447243076168489-3.6.0-slim.jar%23494!/:3.6.0]
[22:13:09] [DefaultDispatcher-worker-33/WARN]: [2] [26.32.4.227:59435 <> 40.160.66.10:3478] Failed to contact STUN server, timed out.
[22:13:09] [DefaultDispatcher-worker-33/WARN]: [2] [26.32.4.227:59435 <> 51.195.24.116:3478] Failed to contact STUN server, timed out.
[22:13:09] [DefaultDispatcher-worker-33/WARN]: [2] [26.32.4.227:59435 <> 15.235.229.89:3478] Failed to contact STUN server, timed out.
[22:13:09] [DefaultDispatcher-worker-33/WARN]: [2] [26.32.4.227:59435 <> 51.161.174.239:3478] Failed to contact STUN server, timed out.
[22:13:09] [DefaultDispatcher-worker-33/WARN]: [2] [26.32.4.227:59435 <> 40.160.66.10:3478] Failed to contact TURN server, timed out.
[22:13:09] [DefaultDispatcher-worker-33/WARN]: [2] [26.32.4.227:59435 <> 51.195.24.116:3478] Failed to contact TURN server, timed out.
[22:13:09] [DefaultDispatcher-worker-33/WARN]: [2] [26.32.4.227:59435 <> 15.235.229.89:3478] Failed to contact TURN server, timed out.
[22:13:09] [DefaultDispatcher-worker-33/WARN]: [2] [26.32.4.227:59435 <> 51.161.174.239:3478] Failed to contact TURN server, timed out.
[22:13:12] [DefaultDispatcher-worker-31/INFO]: [1] [192.168.1.117:59432 <> 87.12.231.173:56902] [0MEo2gYg+Ly8P2yF] Nomination successful: /93.45.90.235:37426 (server-reflexive for /192.168.1.117:59432) -> /87.12.231.173:56902 (srflx)
[22:13:12] [DefaultDispatcher-worker-31/INFO]: [1]  * /93.45.90.235:37426 (server-reflexive for /192.168.1.117:59432) -> /87.12.231.173:56902 (srflx) (16ms RTT)
[22:13:12] [DefaultDispatcher-worker-31/INFO]: [1]    /51.195.24.116:59430 (relayed for /192.168.1.117:59432) -> /87.12.231.173:56902 (srflx) (47ms RTT)
[22:13:12] [DefaultDispatcher-worker-31/INFO]: [1]    /93.45.90.235:37426 (server-reflexive for /192.168.1.117:59432) -> /51.195.24.116:64962 (relay) (43ms RTT)
[22:13:12] [DefaultDispatcher-worker-31/INFO]: [1]    /51.195.24.116:59430 (relayed for /192.168.1.117:59432) -> /51.195.24.116:64962 (relay) (46ms RTT)
[22:13:12] [DefaultDispatcher-worker-31/INFO]: [1]    /40.160.66.10:49301 (relayed for /192.168.1.117:59432) -> /87.12.231.173:56902 (srflx) (205ms RTT)
[22:13:12] [DefaultDispatcher-worker-31/INFO]: [1]    /93.45.90.235:37426 (server-reflexive for /192.168.1.117:59432) -> /40.160.66.10:56841 (relay) (207ms RTT)
[22:13:12] [DefaultDispatcher-worker-31/INFO]: [1]    /40.160.66.10:49301 (relayed for /192.168.1.117:59432) -> /51.195.24.116:64962 (relay) (217ms RTT)
[22:13:12] [DefaultDispatcher-worker-31/INFO]: [1]    /51.195.24.116:59430 (relayed for /192.168.1.117:59432) -> /40.160.66.10:56841 (relay) (215ms RTT)
[22:13:12] [DefaultDispatcher-worker-31/INFO]: [1]    /40.160.66.10:49301 (relayed for /192.168.1.117:59432) -> /40.160.66.10:56841 (relay) (207ms RTT)
[22:13:12] [DefaultDispatcher-worker-31/INFO]: [1]    /15.235.229.89:63382 (relayed for /192.168.1.117:59432) -> /87.12.231.173:56902 (srflx) (427ms RTT)
[22:13:12] [DefaultDispatcher-worker-31/INFO]: [1]    /93.45.90.235:37426 (server-reflexive for /192.168.1.117:59432) -> /15.235.229.89:52824 (relay) (512ms RTT)
[22:13:12] [DefaultDispatcher-worker-31/INFO]: [1]    /15.235.229.89:63382 (relayed for /192.168.1.117:59432) -> /51.195.24.116:64962 (relay) (422ms RTT)
[22:13:12] [DefaultDispatcher-worker-31/INFO]: [1]    /51.195.24.116:59430 (relayed for /192.168.1.117:59432) -> /15.235.229.89:52824 (relay) (444ms RTT)
[22:13:12] [DefaultDispatcher-worker-31/INFO]: [1]    /93.45.90.235:37426 (server-reflexive for /192.168.1.117:59432) -> /51.161.174.239:57110 (relay) (608ms RTT)
[22:13:12] [DefaultDispatcher-worker-31/INFO]: [1]    /15.235.229.89:63382 (relayed for /192.168.1.117:59432) -> /40.160.66.10:56841 (relay) (585ms RTT)
[22:13:12] [DefaultDispatcher-worker-31/INFO]: [1]    /15.235.229.89:63382 (relayed for /192.168.1.117:59432) -> /15.235.229.89:52824 (relay) (508ms RTT)
[22:13:12] [DefaultDispatcher-worker-31/INFO]: [1]    /40.160.66.10:49301 (relayed for /192.168.1.117:59432) -> /15.235.229.89:52824 (relay) (605ms RTT)
[22:13:12] [DefaultDispatcher-worker-31/INFO]: [1]    /51.161.174.239:53703 (relayed for /192.168.1.117:59432) -> /87.12.231.173:56902 (srflx) (594ms RTT)
[22:13:12] [DefaultDispatcher-worker-31/INFO]: [1]    /51.195.24.116:59430 (relayed for /192.168.1.117:59432) -> /51.161.174.239:57110 (relay) (540ms RTT)
[22:13:12] [DefaultDispatcher-worker-31/INFO]: [1]    /51.161.174.239:53703 (relayed for /192.168.1.117:59432) -> /51.195.24.116:64962 (relay) (591ms RTT)
[22:13:12] [DefaultDispatcher-worker-31/INFO]: [1]    /40.160.66.10:49301 (relayed for /192.168.1.117:59432) -> /51.161.174.239:57110 (relay) (582ms RTT)
[22:13:12] [DefaultDispatcher-worker-31/INFO]: [1]    /51.161.174.239:53703 (relayed for /192.168.1.117:59432) -> /40.160.66.10:56841 (relay) (627ms RTT)
[22:13:12] [DefaultDispatcher-worker-31/INFO]: [1]    /51.161.174.239:53703 (relayed for /192.168.1.117:59432) -> /15.235.229.89:52824 (relay) (678ms RTT)
[22:13:12] [DefaultDispatcher-worker-31/INFO]: [1]    /15.235.229.89:63382 (relayed for /192.168.1.117:59432) -> /51.161.174.239:57110 (relay) (605ms RTT)
[22:13:12] [DefaultDispatcher-worker-31/INFO]: [1]    /51.161.174.239:53703 (relayed for /192.168.1.117:59432) -> /51.161.174.239:57110 (relay) (598ms RTT)
[22:13:45] [Server thread/INFO]: <Alpaca_Furioso> come stai?
[22:13:45] [Render thread/INFO]: [CHAT] <Alpaca_Furioso> come stai?
[22:13:51] [Render thread/INFO]: [FANCYMENU] ScreenCustomizationLayer registered: chat_screen
[22:13:53] [Server thread/INFO]: <UniRedz> sni sno sniùù
[22:13:53] [Render thread/INFO]: [CHAT] <UniRedz> sni sno sniùù
[22:13:55] [Server thread/INFO]: <UniRedz> sto su ds
[22:13:55] [Render thread/INFO]: [CHAT] <UniRedz> sto su ds
[22:14:13] [DefaultDispatcher-worker-12/WARN]: [2] [26.32.4.227:59435 <> 40.160.66.10:3478] Failed to release TURN allocation, timed out.
[22:14:13] [DefaultDispatcher-worker-12/WARN]: [2] [26.32.4.227:59435 <> 51.195.24.116:3478] Failed to release TURN allocation, timed out.
[22:14:13] [DefaultDispatcher-worker-12/WARN]: [2] [26.32.4.227:59435 <> 15.235.229.89:3478] Failed to release TURN allocation, timed out.
[22:14:13] [DefaultDispatcher-worker-12/WARN]: [2] [26.32.4.227:59435 <> 51.161.174.239:3478] Failed to release TURN allocation, timed out.
[22:14:30] [Server thread/INFO]: <Alpaca_Furioso> si sto aspettando che torni martina che deve farmi vedere una cosa
[22:14:30] [Render thread/INFO]: [CHAT] <Alpaca_Furioso> si sto aspettando che torni martina che deve farmi vedere una cosa
[22:14:34] [Server thread/INFO]: <Alpaca_Furioso> poi arriviamo
[22:14:34] [Render thread/INFO]: [CHAT] <Alpaca_Furioso> poi arriviamo
[22:15:58] [DefaultDispatcher-worker-24/INFO]: Creating server-side ICE agent at request from 27570462-b750-4c7c-aa6c-e19bfd2b46bc (ufrag: essential-q-51c4d9e2, pwd: f241327ccc3e29360a8111382ac321e7)
[22:15:58] [DefaultDispatcher-worker-24/INFO]: [3] Starting connection between UniRedz (16c32c69-f61c-4ec5-8b08-18fe37639789) and Yumine02 (27570462-b750-4c7c-aa6c-e19bfd2b46bc), we are the server
[22:15:58] [DefaultDispatcher-worker-24/INFO]: [3] Using QUIC because both parties support it.
[22:15:59] [DefaultDispatcher-worker-22/WARN]: [4] [10.5.0.2:51723 <> 40.160.66.10:3478] Failed to contact STUN server, timed out.
[22:15:59] [DefaultDispatcher-worker-22/WARN]: [4] [10.5.0.2:51723 <> 51.195.24.116:3478] Failed to contact STUN server, timed out.
[22:15:59] [DefaultDispatcher-worker-13/WARN]: [4] [10.5.0.2:51723 <> 15.235.229.89:3478] Failed to contact STUN server, timed out.
[22:15:59] [DefaultDispatcher-worker-15/WARN]: [4] [10.5.0.2:51723 <> 51.161.174.239:3478] Failed to contact STUN server, timed out.
[22:15:59] [DefaultDispatcher-worker-15/WARN]: [4] [10.5.0.2:51723 <> 40.160.66.10:3478] Failed to contact TURN server, timed out.
[22:15:59] [DefaultDispatcher-worker-25/WARN]: [4] [10.5.0.2:51723 <> 40.160.66.10:3478] Failed to release TURN allocation, timed out.
[22:15:59] [DefaultDispatcher-worker-13/WARN]: [4] [10.5.0.2:51723 <> 51.195.24.116:3478] Failed to contact TURN server, timed out.
[22:15:59] [DefaultDispatcher-worker-30/WARN]: [4] [10.5.0.2:51723 <> 51.195.24.116:3478] Failed to release TURN allocation, timed out.
[22:15:59] [DefaultDispatcher-worker-22/WARN]: [4] [10.5.0.2:51723 <> 15.235.229.89:3478] Failed to contact TURN server, timed out.
[22:15:59] [DefaultDispatcher-worker-7/WARN]: [4] [10.5.0.2:51723 <> 15.235.229.89:3478] Failed to release TURN allocation, timed out.
[22:15:59] [DefaultDispatcher-worker-16/WARN]: [4] [10.5.0.2:51723 <> 51.161.174.239:3478] Failed to contact TURN server, timed out.
[22:15:59] [DefaultDispatcher-worker-30/WARN]: [4] [10.5.0.2:51723 <> 51.161.174.239:3478] Failed to release TURN allocation, timed out.
[22:15:59] [DefaultDispatcher-worker-7/ERROR]: [4] [fe80:0:0:0:ee24:8a09:283e:7cf9%net9:51722] Failed to send java.net.DatagramPacket@5fc4e547 to /[fe80:0:0:0:65a:a8bb:49b7:be7c]:51133
java.net.SocketException: Invalid argument: no further information
	at sun.nio.ch.DatagramChannelImpl.send0(Native Method) ~[?:?]
	at sun.nio.ch.DatagramChannelImpl.sendFromNativeBuffer(Unknown Source) ~[?:?]
	at sun.nio.ch.DatagramChannelImpl.send(Unknown Source) ~[?:?]
	at sun.nio.ch.DatagramChannelImpl.send(Unknown Source) ~[?:?]
	at sun.nio.ch.DatagramChannelImpl.blockingSend(Unknown Source) ~[?:?]
	at sun.nio.ch.DatagramSocketAdaptor.send(Unknown Source) ~[?:?]
	at java.net.DatagramSocket.send(Unknown Source) ~[?:?]
	at gg.essential.ice.stun.StunSocket$2.invokeSuspend(StunSocket.kt:116) ~[Essential%20(forge_1.19.2).jar%23495!/:?]
	at kotlin.coroutines.jvm.internal.BaseContinuationImpl.resumeWith(ContinuationImpl.kt:34) ~[kff-updated-kotlin-9899447243076168489-3.6.0-slim.jar%23494!/:3.6.0]
	at kotlinx.coroutines.DispatchedTask.run(DispatchedTask.kt:100) ~[kff-updated-kotlin-9899447243076168489-3.6.0-slim.jar%23494!/:3.6.0]
	at kotlinx.coroutines.internal.LimitedDispatcher$Worker.run(LimitedDispatcher.kt:124) ~[kff-updated-kotlin-9899447243076168489-3.6.0-slim.jar%23494!/:3.6.0]
	at kotlinx.coroutines.scheduling.TaskImpl.run(Tasks.kt:89) ~[kff-updated-kotlin-9899447243076168489-3.6.0-slim.jar%23494!/:3.6.0]
	at kotlinx.coroutines.scheduling.CoroutineScheduler.runSafely(CoroutineScheduler.kt:586) ~[kff-updated-kotlin-9899447243076168489-3.6.0-slim.jar%23494!/:3.6.0]
	at kotlinx.coroutines.scheduling.CoroutineScheduler$Worker.executeTask(CoroutineScheduler.kt:820) ~[kff-updated-kotlin-9899447243076168489-3.6.0-slim.jar%23494!/:3.6.0]
	at kotlinx.coroutines.scheduling.CoroutineScheduler$Worker.runWorker(CoroutineScheduler.kt:717) ~[kff-updated-kotlin-9899447243076168489-3.6.0-slim.jar%23494!/:3.6.0]
	at kotlinx.coroutines.scheduling.CoroutineScheduler$Worker.run(CoroutineScheduler.kt:704) ~[kff-updated-kotlin-9899447243076168489-3.6.0-slim.jar%23494!/:3.6.0]
[22:15:59] [DefaultDispatcher-worker-25/ERROR]: [4] [fe80:0:0:0:ee24:8a09:283e:7cf9%net9:51722] Failed to send java.net.DatagramPacket@3e06d71d to /[fe80:0:0:0:4d45:a85f:643f:e4df]:51136
java.net.SocketException: Invalid argument: no further information
	at sun.nio.ch.DatagramChannelImpl.send0(Native Method) ~[?:?]
	at sun.nio.ch.DatagramChannelImpl.sendFromNativeBuffer(Unknown Source) ~[?:?]
	at sun.nio.ch.DatagramChannelImpl.send(Unknown Source) ~[?:?]
	at sun.nio.ch.DatagramChannelImpl.send(Unknown Source) ~[?:?]
	at sun.nio.ch.DatagramChannelImpl.blockingSend(Unknown Source) ~[?:?]
	at sun.nio.ch.DatagramSocketAdaptor.send(Unknown Source) ~[?:?]
	at java.net.DatagramSocket.send(Unknown Source) ~[?:?]
	at gg.essential.ice.stun.StunSocket$2.invokeSuspend(StunSocket.kt:116) ~[Essential%20(forge_1.19.2).jar%23495!/:?]
	at kotlin.coroutines.jvm.internal.BaseContinuationImpl.resumeWith(ContinuationImpl.kt:34) ~[kff-updated-kotlin-9899447243076168489-3.6.0-slim.jar%23494!/:3.6.0]
	at kotlinx.coroutines.DispatchedTask.run(DispatchedTask.kt:100) ~[kff-updated-kotlin-9899447243076168489-3.6.0-slim.jar%23494!/:3.6.0]
	at kotlinx.coroutines.internal.LimitedDispatcher$Worker.run(LimitedDispatcher.kt:124) ~[kff-updated-kotlin-9899447243076168489-3.6.0-slim.jar%23494!/:3.6.0]
	at kotlinx.coroutines.scheduling.TaskImpl.run(Tasks.kt:89) ~[kff-updated-kotlin-9899447243076168489-3.6.0-slim.jar%23494!/:3.6.0]
	at kotlinx.coroutines.scheduling.CoroutineScheduler.runSafely(CoroutineScheduler.kt:586) ~[kff-updated-kotlin-9899447243076168489-3.6.0-slim.jar%23494!/:3.6.0]
	at kotlinx.coroutines.scheduling.CoroutineScheduler$Worker.executeTask(CoroutineScheduler.kt:820) ~[kff-updated-kotlin-9899447243076168489-3.6.0-slim.jar%23494!/:3.6.0]
	at kotlinx.coroutines.scheduling.CoroutineScheduler$Worker.runWorker(CoroutineScheduler.kt:717) ~[kff-updated-kotlin-9899447243076168489-3.6.0-slim.jar%23494!/:3.6.0]
	at kotlinx.coroutines.scheduling.CoroutineScheduler$Worker.run(CoroutineScheduler.kt:704) ~[kff-updated-kotlin-9899447243076168489-3.6.0-slim.jar%23494!/:3.6.0]
[22:16:00] [DefaultDispatcher-worker-13/ERROR]: [4] [fe80:0:0:0:ee24:8a09:283e:7cf9%net9:51722] Failed to send java.net.DatagramPacket@51a65844 to /[fe80:0:0:0:c29:6e5c:a2d2:a514]:51139
java.net.SocketException: Invalid argument: no further information
	at sun.nio.ch.DatagramChannelImpl.send0(Native Method) ~[?:?]
	at sun.nio.ch.DatagramChannelImpl.sendFromNativeBuffer(Unknown Source) ~[?:?]
	at sun.nio.ch.DatagramChannelImpl.send(Unknown Source) ~[?:?]
	at sun.nio.ch.DatagramChannelImpl.send(Unknown Source) ~[?:?]
	at sun.nio.ch.DatagramChannelImpl.blockingSend(Unknown Source) ~[?:?]
	at sun.nio.ch.DatagramSocketAdaptor.send(Unknown Source) ~[?:?]
	at java.net.DatagramSocket.send(Unknown Source) ~[?:?]
	at gg.essential.ice.stun.StunSocket$2.invokeSuspend(StunSocket.kt:116) ~[Essential%20(forge_1.19.2).jar%23495!/:?]
	at kotlin.coroutines.jvm.internal.BaseContinuationImpl.resumeWith(ContinuationImpl.kt:34) ~[kff-updated-kotlin-9899447243076168489-3.6.0-slim.jar%23494!/:3.6.0]
	at kotlinx.coroutines.DispatchedTask.run(DispatchedTask.kt:100) ~[kff-updated-kotlin-9899447243076168489-3.6.0-slim.jar%23494!/:3.6.0]
	at kotlinx.coroutines.internal.LimitedDispatcher$Worker.run(LimitedDispatcher.kt:124) ~[kff-updated-kotlin-9899447243076168489-3.6.0-slim.jar%23494!/:3.6.0]
	at kotlinx.coroutines.scheduling.TaskImpl.run(Tasks.kt:89) ~[kff-updated-kotlin-9899447243076168489-3.6.0-slim.jar%23494!/:3.6.0]
	at kotlinx.coroutines.scheduling.CoroutineScheduler.runSafely(CoroutineScheduler.kt:586) ~[kff-updated-kotlin-9899447243076168489-3.6.0-slim.jar%23494!/:3.6.0]
	at kotlinx.coroutines.scheduling.CoroutineScheduler$Worker.executeTask(CoroutineScheduler.kt:820) ~[kff-updated-kotlin-9899447243076168489-3.6.0-slim.jar%23494!/:3.6.0]
	at kotlinx.coroutines.scheduling.CoroutineScheduler$Worker.runWorker(CoroutineScheduler.kt:717) ~[kff-updated-kotlin-9899447243076168489-3.6.0-slim.jar%23494!/:3.6.0]
	at kotlinx.coroutines.scheduling.CoroutineScheduler$Worker.run(CoroutineScheduler.kt:704) ~[kff-updated-kotlin-9899447243076168489-3.6.0-slim.jar%23494!/:3.6.0]
[22:16:00] [DefaultDispatcher-worker-7/ERROR]: [4] [fe80:0:0:0:ee24:8a09:283e:7cf9%net9:51722] Failed to send java.net.DatagramPacket@315262ac to /[fe80:0:0:0:65a:a8bb:49b7:be7c]:51133
java.net.SocketException: Invalid argument: no further information
	at sun.nio.ch.DatagramChannelImpl.send0(Native Method) ~[?:?]
	at sun.nio.ch.DatagramChannelImpl.sendFromNativeBuffer(Unknown Source) ~[?:?]
	at sun.nio.ch.DatagramChannelImpl.send(Unknown Source) ~[?:?]
	at sun.nio.ch.DatagramChannelImpl.send(Unknown Source) ~[?:?]
	at sun.nio.ch.DatagramChannelImpl.blockingSend(Unknown Source) ~[?:?]
	at sun.nio.ch.DatagramSocketAdaptor.send(Unknown Source) ~[?:?]
	at java.net.DatagramSocket.send(Unknown Source) ~[?:?]
	at gg.essential.ice.stun.StunSocket$2.invokeSuspend(StunSocket.kt:116) ~[Essential%20(forge_1.19.2).jar%23495!/:?]
	at kotlin.coroutines.jvm.internal.BaseContinuationImpl.resumeWith(ContinuationImpl.kt:34) ~[kff-updated-kotlin-9899447243076168489-3.6.0-slim.jar%23494!/:3.6.0]
	at kotlinx.coroutines.DispatchedTask.run(DispatchedTask.kt:100) ~[kff-updated-kotlin-9899447243076168489-3.6.0-slim.jar%23494!/:3.6.0]
	at kotlinx.coroutines.internal.LimitedDispatcher$Worker.run(LimitedDispatcher.kt:124) ~[kff-updated-kotlin-9899447243076168489-3.6.0-slim.jar%23494!/:3.6.0]
	at kotlinx.coroutines.scheduling.TaskImpl.run(Tasks.kt:89) ~[kff-updated-kotlin-9899447243076168489-3.6.0-slim.jar%23494!/:3.6.0]
	at kotlinx.coroutines.scheduling.CoroutineScheduler.runSafely(CoroutineScheduler.kt:586) ~[kff-updated-kotlin-9899447243076168489-3.6.0-slim.jar%23494!/:3.6.0]
	at kotlinx.coroutines.scheduling.CoroutineScheduler$Worker.executeTask(CoroutineScheduler.kt:820) ~[kff-updated-kotlin-9899447243076168489-3.6.0-slim.jar%23494!/:3.6.0]
	at kotlinx.coroutines.scheduling.CoroutineScheduler$Worker.runWorker(CoroutineScheduler.kt:717) ~[kff-updated-kotlin-9899447243076168489-3.6.0-slim.jar%23494!/:3.6.0]
	at kotlinx.coroutines.scheduling.CoroutineScheduler$Worker.run(CoroutineScheduler.kt:704) ~[kff-updated-kotlin-9899447243076168489-3.6.0-slim.jar%23494!/:3.6.0]
[22:16:00] [DefaultDispatcher-worker-7/ERROR]: [4] [fe80:0:0:0:ee24:8a09:283e:7cf9%net9:51722] Failed to send java.net.DatagramPacket@41e19bc7 to /[fe80:0:0:0:4d45:a85f:643f:e4df]:51136
java.net.SocketException: Invalid argument: no further information
	at sun.nio.ch.DatagramChannelImpl.send0(Native Method) ~[?:?]
	at sun.nio.ch.DatagramChannelImpl.sendFromNativeBuffer(Unknown Source) ~[?:?]
	at sun.nio.ch.DatagramChannelImpl.send(Unknown Source) ~[?:?]
	at sun.nio.ch.DatagramChannelImpl.send(Unknown Source) ~[?:?]
	at sun.nio.ch.DatagramChannelImpl.blockingSend(Unknown Source) ~[?:?]
	at sun.nio.ch.DatagramSocketAdaptor.send(Unknown Source) ~[?:?]
	at java.net.DatagramSocket.send(Unknown Source) ~[?:?]
	at gg.essential.ice.stun.StunSocket$2.invokeSuspend(StunSocket.kt:116) ~[Essential%20(forge_1.19.2).jar%23495!/:?]
	at kotlin.coroutines.jvm.internal.BaseContinuationImpl.resumeWith(ContinuationImpl.kt:34) ~[kff-updated-kotlin-9899447243076168489-3.6.0-slim.jar%23494!/:3.6.0]
	at kotlinx.coroutines.DispatchedTask.run(DispatchedTask.kt:100) ~[kff-updated-kotlin-9899447243076168489-3.6.0-slim.jar%23494!/:3.6.0]
	at kotlinx.coroutines.internal.LimitedDispatcher$Worker.run(LimitedDispatcher.kt:124) ~[kff-updated-kotlin-9899447243076168489-3.6.0-slim.jar%23494!/:3.6.0]
	at kotlinx.coroutines.scheduling.TaskImpl.run(Tasks.kt:89) ~[kff-updated-kotlin-9899447243076168489-3.6.0-slim.jar%23494!/:3.6.0]
	at kotlinx.coroutines.scheduling.CoroutineScheduler.runSafely(CoroutineScheduler.kt:586) ~[kff-updated-kotlin-9899447243076168489-3.6.0-slim.jar%23494!/:3.6.0]
	at kotlinx.coroutines.scheduling.CoroutineScheduler$Worker.executeTask(CoroutineScheduler.kt:820) ~[kff-updated-kotlin-9899447243076168489-3.6.0-slim.jar%23494!/:3.6.0]
	at kotlinx.coroutines.scheduling.CoroutineScheduler$Worker.runWorker(CoroutineScheduler.kt:717) ~[kff-updated-kotlin-9899447243076168489-3.6.0-slim.jar%23494!/:3.6.0]
	at kotlinx.coroutines.scheduling.CoroutineScheduler$Worker.run(CoroutineScheduler.kt:704) ~[kff-updated-kotlin-9899447243076168489-3.6.0-slim.jar%23494!/:3.6.0]
[22:16:00] [DefaultDispatcher-worker-27/ERROR]: [4] [fe80:0:0:0:ee24:8a09:283e:7cf9%net9:51722] Failed to send java.net.DatagramPacket@18c34c43 to /[fe80:0:0:0:c29:6e5c:a2d2:a514]:51139
java.net.SocketException: Invalid argument: no further information
	at sun.nio.ch.DatagramChannelImpl.send0(Native Method) ~[?:?]
	at sun.nio.ch.DatagramChannelImpl.sendFromNativeBuffer(Unknown Source) ~[?:?]
	at sun.nio.ch.DatagramChannelImpl.send(Unknown Source) ~[?:?]
	at sun.nio.ch.DatagramChannelImpl.send(Unknown Source) ~[?:?]
	at sun.nio.ch.DatagramChannelImpl.blockingSend(Unknown Source) ~[?:?]
	at sun.nio.ch.DatagramSocketAdaptor.send(Unknown Source) ~[?:?]
	at java.net.DatagramSocket.send(Unknown Source) ~[?:?]
	at gg.essential.ice.stun.StunSocket$2.invokeSuspend(StunSocket.kt:116) ~[Essential%20(forge_1.19.2).jar%23495!/:?]
	at kotlin.coroutines.jvm.internal.BaseContinuationImpl.resumeWith(ContinuationImpl.kt:34) ~[kff-updated-kotlin-9899447243076168489-3.6.0-slim.jar%23494!/:3.6.0]
	at kotlinx.coroutines.DispatchedTask.run(DispatchedTask.kt:100) ~[kff-updated-kotlin-9899447243076168489-3.6.0-slim.jar%23494!/:3.6.0]
	at kotlinx.coroutines.internal.LimitedDispatcher$Worker.run(LimitedDispatcher.kt:124) ~[kff-updated-kotlin-9899447243076168489-3.6.0-slim.jar%23494!/:3.6.0]
	at kotlinx.coroutines.scheduling.TaskImpl.run(Tasks.kt:89) ~[kff-updated-kotlin-9899447243076168489-3.6.0-slim.jar%23494!/:3.6.0]
	at kotlinx.coroutines.scheduling.CoroutineScheduler.runSafely(CoroutineScheduler.kt:586) ~[kff-updated-kotlin-9899447243076168489-3.6.0-slim.jar%23494!/:3.6.0]
	at kotlinx.coroutines.scheduling.CoroutineScheduler$Worker.executeTask(CoroutineScheduler.kt:820) ~[kff-updated-kotlin-9899447243076168489-3.6.0-slim.jar%23494!/:3.6.0]
	at kotlinx.coroutines.scheduling.CoroutineScheduler$Worker.runWorker(CoroutineScheduler.kt:717) ~[kff-updated-kotlin-9899447243076168489-3.6.0-slim.jar%23494!/:3.6.0]
	at kotlinx.coroutines.scheduling.CoroutineScheduler$Worker.run(CoroutineScheduler.kt:704) ~[kff-updated-kotlin-9899447243076168489-3.6.0-slim.jar%23494!/:3.6.0]
[22:16:00] [User Authenticator #2/INFO]: UUID of player Yumine02 is 27570462-b750-4c7c-aa6c-e19bfd2b46bc
[22:16:01] [DefaultDispatcher-worker-15/ERROR]: [4] [fe80:0:0:0:ee24:8a09:283e:7cf9%net9:51722] Failed to send java.net.DatagramPacket@62b12bb5 to /[fe80:0:0:0:65a:a8bb:49b7:be7c]:51133
java.net.SocketException: Invalid argument: no further information
	at sun.nio.ch.DatagramChannelImpl.send0(Native Method) ~[?:?]
	at sun.nio.ch.DatagramChannelImpl.sendFromNativeBuffer(Unknown Source) ~[?:?]
	at sun.nio.ch.DatagramChannelImpl.send(Unknown Source) ~[?:?]
	at sun.nio.ch.DatagramChannelImpl.send(Unknown Source) ~[?:?]
	at sun.nio.ch.DatagramChannelImpl.blockingSend(Unknown Source) ~[?:?]
	at sun.nio.ch.DatagramSocketAdaptor.send(Unknown Source) ~[?:?]
	at java.net.DatagramSocket.send(Unknown Source) ~[?:?]
	at gg.essential.ice.stun.StunSocket$2.invokeSuspend(StunSocket.kt:116) ~[Essential%20(forge_1.19.2).jar%23495!/:?]
	at kotlin.coroutines.jvm.internal.BaseContinuationImpl.resumeWith(ContinuationImpl.kt:34) ~[kff-updated-kotlin-9899447243076168489-3.6.0-slim.jar%23494!/:3.6.0]
	at kotlinx.coroutines.DispatchedTask.run(DispatchedTask.kt:100) ~[kff-updated-kotlin-9899447243076168489-3.6.0-slim.jar%23494!/:3.6.0]
	at kotlinx.coroutines.internal.LimitedDispatcher$Worker.run(LimitedDispatcher.kt:124) ~[kff-updated-kotlin-9899447243076168489-3.6.0-slim.jar%23494!/:3.6.0]
	at kotlinx.coroutines.scheduling.TaskImpl.run(Tasks.kt:89) ~[kff-updated-kotlin-9899447243076168489-3.6.0-slim.jar%23494!/:3.6.0]
	at kotlinx.coroutines.scheduling.CoroutineScheduler.runSafely(CoroutineScheduler.kt:586) ~[kff-updated-kotlin-9899447243076168489-3.6.0-slim.jar%23494!/:3.6.0]
	at kotlinx.coroutines.scheduling.CoroutineScheduler$Worker.executeTask(CoroutineScheduler.kt:820) ~[kff-updated-kotlin-9899447243076168489-3.6.0-slim.jar%23494!/:3.6.0]
	at kotlinx.coroutines.scheduling.CoroutineScheduler$Worker.runWorker(CoroutineScheduler.kt:717) ~[kff-updated-kotlin-9899447243076168489-3.6.0-slim.jar%23494!/:3.6.0]
	at kotlinx.coroutines.scheduling.CoroutineScheduler$Worker.run(CoroutineScheduler.kt:704) ~[kff-updated-kotlin-9899447243076168489-3.6.0-slim.jar%23494!/:3.6.0]
[22:16:01] [DefaultDispatcher-worker-26/ERROR]: [4] [fe80:0:0:0:ee24:8a09:283e:7cf9%net9:51722] Failed to send java.net.DatagramPacket@5127f908 to /[fe80:0:0:0:4d45:a85f:643f:e4df]:51136
java.net.SocketException: Invalid argument: no further information
	at sun.nio.ch.DatagramChannelImpl.send0(Native Method) ~[?:?]
	at sun.nio.ch.DatagramChannelImpl.sendFromNativeBuffer(Unknown Source) ~[?:?]
	at sun.nio.ch.DatagramChannelImpl.send(Unknown Source) ~[?:?]
	at sun.nio.ch.DatagramChannelImpl.send(Unknown Source) ~[?:?]
	at sun.nio.ch.DatagramChannelImpl.blockingSend(Unknown Source) ~[?:?]
	at sun.nio.ch.DatagramSocketAdaptor.send(Unknown Source) ~[?:?]
	at java.net.DatagramSocket.send(Unknown Source) ~[?:?]
	at gg.essential.ice.stun.StunSocket$2.invokeSuspend(StunSocket.kt:116) ~[Essential%20(forge_1.19.2).jar%23495!/:?]
	at kotlin.coroutines.jvm.internal.BaseContinuationImpl.resumeWith(ContinuationImpl.kt:34) ~[kff-updated-kotlin-9899447243076168489-3.6.0-slim.jar%23494!/:3.6.0]
	at kotlinx.coroutines.DispatchedTask.run(DispatchedTask.kt:100) ~[kff-updated-kotlin-9899447243076168489-3.6.0-slim.jar%23494!/:3.6.0]
	at kotlinx.coroutines.internal.LimitedDispatcher$Worker.run(LimitedDispatcher.kt:124) ~[kff-updated-kotlin-9899447243076168489-3.6.0-slim.jar%23494!/:3.6.0]
	at kotlinx.coroutines.scheduling.TaskImpl.run(Tasks.kt:89) ~[kff-updated-kotlin-9899447243076168489-3.6.0-slim.jar%23494!/:3.6.0]
	at kotlinx.coroutines.scheduling.CoroutineScheduler.runSafely(CoroutineScheduler.kt:586) ~[kff-updated-kotlin-9899447243076168489-3.6.0-slim.jar%23494!/:3.6.0]
	at kotlinx.coroutines.scheduling.CoroutineScheduler$Worker.executeTask(CoroutineScheduler.kt:820) ~[kff-updated-kotlin-9899447243076168489-3.6.0-slim.jar%23494!/:3.6.0]
	at kotlinx.coroutines.scheduling.CoroutineScheduler$Worker.runWorker(CoroutineScheduler.kt:717) ~[kff-updated-kotlin-9899447243076168489-3.6.0-slim.jar%23494!/:3.6.0]
	at kotlinx.coroutines.scheduling.CoroutineScheduler$Worker.run(CoroutineScheduler.kt:704) ~[kff-updated-kotlin-9899447243076168489-3.6.0-slim.jar%23494!/:3.6.0]
[22:16:01] [DefaultDispatcher-worker-11/ERROR]: [4] [fe80:0:0:0:ee24:8a09:283e:7cf9%net9:51722] Failed to send java.net.DatagramPacket@4fba919c to /[fe80:0:0:0:c29:6e5c:a2d2:a514]:51139
java.net.SocketException: Invalid argument: no further information
	at sun.nio.ch.DatagramChannelImpl.send0(Native Method) ~[?:?]
	at sun.nio.ch.DatagramChannelImpl.sendFromNativeBuffer(Unknown Source) ~[?:?]
	at sun.nio.ch.DatagramChannelImpl.send(Unknown Source) ~[?:?]
	at sun.nio.ch.DatagramChannelImpl.send(Unknown Source) ~[?:?]
	at sun.nio.ch.DatagramChannelImpl.blockingSend(Unknown Source) ~[?:?]
	at sun.nio.ch.DatagramSocketAdaptor.send(Unknown Source) ~[?:?]
	at java.net.DatagramSocket.send(Unknown Source) ~[?:?]
	at gg.essential.ice.stun.StunSocket$2.invokeSuspend(StunSocket.kt:116) ~[Essential%20(forge_1.19.2).jar%23495!/:?]
	at kotlin.coroutines.jvm.internal.BaseContinuationImpl.resumeWith(ContinuationImpl.kt:34) ~[kff-updated-kotlin-9899447243076168489-3.6.0-slim.jar%23494!/:3.6.0]
	at kotlinx.coroutines.DispatchedTask.run(DispatchedTask.kt:100) ~[kff-updated-kotlin-9899447243076168489-3.6.0-slim.jar%23494!/:3.6.0]
	at kotlinx.coroutines.internal.LimitedDispatcher$Worker.run(LimitedDispatcher.kt:124) ~[kff-updated-kotlin-9899447243076168489-3.6.0-slim.jar%23494!/:3.6.0]
	at kotlinx.coroutines.scheduling.TaskImpl.run(Tasks.kt:89) ~[kff-updated-kotlin-9899447243076168489-3.6.0-slim.jar%23494!/:3.6.0]
	at kotlinx.coroutines.scheduling.CoroutineScheduler.runSafely(CoroutineScheduler.kt:586) ~[kff-updated-kotlin-9899447243076168489-3.6.0-slim.jar%23494!/:3.6.0]
	at kotlinx.coroutines.scheduling.CoroutineScheduler$Worker.executeTask(CoroutineScheduler.kt:820) ~[kff-updated-kotlin-9899447243076168489-3.6.0-slim.jar%23494!/:3.6.0]
	at kotlinx.coroutines.scheduling.CoroutineScheduler$Worker.runWorker(CoroutineScheduler.kt:717) ~[kff-updated-kotlin-9899447243076168489-3.6.0-slim.jar%23494!/:3.6.0]
	at kotlinx.coroutines.scheduling.CoroutineScheduler$Worker.run(CoroutineScheduler.kt:704) ~[kff-updated-kotlin-9899447243076168489-3.6.0-slim.jar%23494!/:3.6.0]
[22:16:02] [Server thread/INFO]: Using new advancement loading for net.minecraft.server.PlayerAdvancements@36c28b9d
[22:16:02] [Server thread/INFO]: Yumine02[local:E:da80443f] logged in with entity id 7415 at (-233.00672350708228, 63.5625, 24.665373146641755)
[22:16:02] [Server thread/INFO]: Yumine02 joined the game
[22:16:02] [Render thread/INFO]: [System] [CHAT] Yumine02 joined the game
[22:16:02] [Server thread/INFO]: Player connected to a local world, not setting up proxy config
[22:16:03] [DefaultDispatcher-worker-32/ERROR]: [4] [fe80:0:0:0:ee24:8a09:283e:7cf9%net9:51722] Failed to send java.net.DatagramPacket@3839baaf to /[fe80:0:0:0:65a:a8bb:49b7:be7c]:51133
java.net.SocketException: Invalid argument: no further information
	at sun.nio.ch.DatagramChannelImpl.send0(Native Method) ~[?:?]
	at sun.nio.ch.DatagramChannelImpl.sendFromNativeBuffer(Unknown Source) ~[?:?]
	at sun.nio.ch.DatagramChannelImpl.send(Unknown Source) ~[?:?]
	at sun.nio.ch.DatagramChannelImpl.send(Unknown Source) ~[?:?]
	at sun.nio.ch.DatagramChannelImpl.blockingSend(Unknown Source) ~[?:?]
	at sun.nio.ch.DatagramSocketAdaptor.send(Unknown Source) ~[?:?]
	at java.net.DatagramSocket.send(Unknown Source) ~[?:?]
	at gg.essential.ice.stun.StunSocket$2.invokeSuspend(StunSocket.kt:116) ~[Essential%20(forge_1.19.2).jar%23495!/:?]
	at kotlin.coroutines.jvm.internal.BaseContinuationImpl.resumeWith(ContinuationImpl.kt:34) ~[kff-updated-kotlin-9899447243076168489-3.6.0-slim.jar%23494!/:3.6.0]
	at kotlinx.coroutines.DispatchedTask.run(DispatchedTask.kt:100) ~[kff-updated-kotlin-9899447243076168489-3.6.0-slim.jar%23494!/:3.6.0]
	at kotlinx.coroutines.internal.LimitedDispatcher$Worker.run(LimitedDispatcher.kt:124) ~[kff-updated-kotlin-9899447243076168489-3.6.0-slim.jar%23494!/:3.6.0]
	at kotlinx.coroutines.scheduling.TaskImpl.run(Tasks.kt:89) ~[kff-updated-kotlin-9899447243076168489-3.6.0-slim.jar%23494!/:3.6.0]
	at kotlinx.coroutines.scheduling.CoroutineScheduler.runSafely(CoroutineScheduler.kt:586) ~[kff-updated-kotlin-9899447243076168489-3.6.0-slim.jar%23494!/:3.6.0]
	at kotlinx.coroutines.scheduling.CoroutineScheduler$Worker.executeTask(CoroutineScheduler.kt:820) ~[kff-updated-kotlin-9899447243076168489-3.6.0-slim.jar%23494!/:3.6.0]
	at kotlinx.coroutines.scheduling.CoroutineScheduler$Worker.runWorker(CoroutineScheduler.kt:717) ~[kff-updated-kotlin-9899447243076168489-3.6.0-slim.jar%23494!/:3.6.0]
	at kotlinx.coroutines.scheduling.CoroutineScheduler$Worker.run(CoroutineScheduler.kt:704) ~[kff-updated-kotlin-9899447243076168489-3.6.0-slim.jar%23494!/:3.6.0]
[22:16:03] [DefaultDispatcher-worker-32/ERROR]: [4] [fe80:0:0:0:ee24:8a09:283e:7cf9%net9:51722] Failed to send java.net.DatagramPacket@41c85a9d to /[fe80:0:0:0:4d45:a85f:643f:e4df]:51136
java.net.SocketException: Invalid argument: no further information
	at sun.nio.ch.DatagramChannelImpl.send0(Native Method) ~[?:?]
	at sun.nio.ch.DatagramChannelImpl.sendFromNativeBuffer(Unknown Source) ~[?:?]
	at sun.nio.ch.DatagramChannelImpl.send(Unknown Source) ~[?:?]
	at sun.nio.ch.DatagramChannelImpl.send(Unknown Source) ~[?:?]
	at sun.nio.ch.DatagramChannelImpl.blockingSend(Unknown Source) ~[?:?]
	at sun.nio.ch.DatagramSocketAdaptor.send(Unknown Source) ~[?:?]
	at java.net.DatagramSocket.send(Unknown Source) ~[?:?]
	at gg.essential.ice.stun.StunSocket$2.invokeSuspend(StunSocket.kt:116) ~[Essential%20(forge_1.19.2).jar%23495!/:?]
	at kotlin.coroutines.jvm.internal.BaseContinuationImpl.resumeWith(ContinuationImpl.kt:34) ~[kff-updated-kotlin-9899447243076168489-3.6.0-slim.jar%23494!/:3.6.0]
	at kotlinx.coroutines.DispatchedTask.run(DispatchedTask.kt:100) ~[kff-updated-kotlin-9899447243076168489-3.6.0-slim.jar%23494!/:3.6.0]
	at kotlinx.coroutines.internal.LimitedDispatcher$Worker.run(LimitedDispatcher.kt:124) ~[kff-updated-kotlin-9899447243076168489-3.6.0-slim.jar%23494!/:3.6.0]
	at kotlinx.coroutines.scheduling.TaskImpl.run(Tasks.kt:89) ~[kff-updated-kotlin-9899447243076168489-3.6.0-slim.jar%23494!/:3.6.0]
	at kotlinx.coroutines.scheduling.CoroutineScheduler.runSafely(CoroutineScheduler.kt:586) ~[kff-updated-kotlin-9899447243076168489-3.6.0-slim.jar%23494!/:3.6.0]
	at kotlinx.coroutines.scheduling.CoroutineScheduler$Worker.executeTask(CoroutineScheduler.kt:820) ~[kff-updated-kotlin-9899447243076168489-3.6.0-slim.jar%23494!/:3.6.0]
	at kotlinx.coroutines.scheduling.CoroutineScheduler$Worker.runWorker(CoroutineScheduler.kt:717) ~[kff-updated-kotlin-9899447243076168489-3.6.0-slim.jar%23494!/:3.6.0]
	at kotlinx.coroutines.scheduling.CoroutineScheduler$Worker.run(CoroutineScheduler.kt:704) ~[kff-updated-kotlin-9899447243076168489-3.6.0-slim.jar%23494!/:3.6.0]
[22:16:03] [DefaultDispatcher-worker-25/ERROR]: [4] [fe80:0:0:0:ee24:8a09:283e:7cf9%net9:51722] Failed to send java.net.DatagramPacket@53184eb0 to /[fe80:0:0:0:c29:6e5c:a2d2:a514]:51139
java.net.SocketException: Invalid argument: no further information
	at sun.nio.ch.DatagramChannelImpl.send0(Native Method) ~[?:?]
	at sun.nio.ch.DatagramChannelImpl.sendFromNativeBuffer(Unknown Source) ~[?:?]
	at sun.nio.ch.DatagramChannelImpl.send(Unknown Source) ~[?:?]
	at sun.nio.ch.DatagramChannelImpl.send(Unknown Source) ~[?:?]
	at sun.nio.ch.DatagramChannelImpl.blockingSend(Unknown Source) ~[?:?]
	at sun.nio.ch.DatagramSocketAdaptor.send(Unknown Source) ~[?:?]
	at java.net.DatagramSocket.send(Unknown Source) ~[?:?]
	at gg.essential.ice.stun.StunSocket$2.invokeSuspend(StunSocket.kt:116) ~[Essential%20(forge_1.19.2).jar%23495!/:?]
	at kotlin.coroutines.jvm.internal.BaseContinuationImpl.resumeWith(ContinuationImpl.kt:34) ~[kff-updated-kotlin-9899447243076168489-3.6.0-slim.jar%23494!/:3.6.0]
	at kotlinx.coroutines.DispatchedTask.run(DispatchedTask.kt:100) ~[kff-updated-kotlin-9899447243076168489-3.6.0-slim.jar%23494!/:3.6.0]
	at kotlinx.coroutines.internal.LimitedDispatcher$Worker.run(LimitedDispatcher.kt:124) ~[kff-updated-kotlin-9899447243076168489-3.6.0-slim.jar%23494!/:3.6.0]
	at kotlinx.coroutines.scheduling.TaskImpl.run(Tasks.kt:89) ~[kff-updated-kotlin-9899447243076168489-3.6.0-slim.jar%23494!/:3.6.0]
	at kotlinx.coroutines.scheduling.CoroutineScheduler.runSafely(CoroutineScheduler.kt:586) ~[kff-updated-kotlin-9899447243076168489-3.6.0-slim.jar%23494!/:3.6.0]
	at kotlinx.coroutines.scheduling.CoroutineScheduler$Worker.executeTask(CoroutineScheduler.kt:820) ~[kff-updated-kotlin-9899447243076168489-3.6.0-slim.jar%23494!/:3.6.0]
	at kotlinx.coroutines.scheduling.CoroutineScheduler$Worker.runWorker(CoroutineScheduler.kt:717) ~[kff-updated-kotlin-9899447243076168489-3.6.0-slim.jar%23494!/:3.6.0]
	at kotlinx.coroutines.scheduling.CoroutineScheduler$Worker.run(CoroutineScheduler.kt:704) ~[kff-updated-kotlin-9899447243076168489-3.6.0-slim.jar%23494!/:3.6.0]
[22:16:04] [Server thread/INFO]: [voicechat] Received secret request of Yumine02 (20)
[22:16:04] [Server thread/INFO]: [voicechat] Sent secret to Yumine02
[22:16:04] [Server thread/INFO]: Limitation of 27570462-b750-4c7c-aa6c-e19bfd2b46bc was loaded
[22:16:04] [Server thread/INFO]: Sent Server Limitation of [Yumine02]
[22:16:04] [Server thread/INFO]: Received Client Information of [Yumine02]
[22:16:04] [Render thread/INFO]: Received Client Information of [Yumine02]
[22:16:06] [Server thread/INFO]: [FANCYMENU] A client with FancyMenu installed joined the server: Yumine02
[22:16:06] [VoiceChatPacketProcessingThread/INFO]: [voicechat] Successfully authenticated player 27570462-b750-4c7c-aa6c-e19bfd2b46bc
[22:16:07] [VoiceChatPacketProcessingThread/INFO]: [voicechat] Successfully validated connection of player 27570462-b750-4c7c-aa6c-e19bfd2b46bc
[22:16:07] [VoiceChatPacketProcessingThread/INFO]: [voicechat] Player Yumine02 (27570462-b750-4c7c-aa6c-e19bfd2b46bc) successfully connected to voice chat
[22:16:07] [DefaultDispatcher-worker-6/ERROR]: [4] [fe80:0:0:0:ee24:8a09:283e:7cf9%net9:51722] Failed to send java.net.DatagramPacket@39583983 to /[fe80:0:0:0:65a:a8bb:49b7:be7c]:51133
java.net.SocketException: Invalid argument: no further information
	at sun.nio.ch.DatagramChannelImpl.send0(Native Method) ~[?:?]
	at sun.nio.ch.DatagramChannelImpl.sendFromNativeBuffer(Unknown Source) ~[?:?]
	at sun.nio.ch.DatagramChannelImpl.send(Unknown Source) ~[?:?]
	at sun.nio.ch.DatagramChannelImpl.send(Unknown Source) ~[?:?]
	at sun.nio.ch.DatagramChannelImpl.blockingSend(Unknown Source) ~[?:?]
	at sun.nio.ch.DatagramSocketAdaptor.send(Unknown Source) ~[?:?]
	at java.net.DatagramSocket.send(Unknown Source) ~[?:?]
	at gg.essential.ice.stun.StunSocket$2.invokeSuspend(StunSocket.kt:116) ~[Essential%20(forge_1.19.2).jar%23495!/:?]
	at kotlin.coroutines.jvm.internal.BaseContinuationImpl.resumeWith(ContinuationImpl.kt:34) ~[kff-updated-kotlin-9899447243076168489-3.6.0-slim.jar%23494!/:3.6.0]
	at kotlinx.coroutines.DispatchedTask.run(DispatchedTask.kt:100) ~[kff-updated-kotlin-9899447243076168489-3.6.0-slim.jar%23494!/:3.6.0]
	at kotlinx.coroutines.internal.LimitedDispatcher$Worker.run(LimitedDispatcher.kt:124) ~[kff-updated-kotlin-9899447243076168489-3.6.0-slim.jar%23494!/:3.6.0]
	at kotlinx.coroutines.scheduling.TaskImpl.run(Tasks.kt:89) ~[kff-updated-kotlin-9899447243076168489-3.6.0-slim.jar%23494!/:3.6.0]
	at kotlinx.coroutines.scheduling.CoroutineScheduler.runSafely(CoroutineScheduler.kt:586) ~[kff-updated-kotlin-9899447243076168489-3.6.0-slim.jar%23494!/:3.6.0]
	at kotlinx.coroutines.scheduling.CoroutineScheduler$Worker.executeTask(CoroutineScheduler.kt:820) ~[kff-updated-kotlin-9899447243076168489-3.6.0-slim.jar%23494!/:3.6.0]
	at kotlinx.coroutines.scheduling.CoroutineScheduler$Worker.runWorker(CoroutineScheduler.kt:717) ~[kff-updated-kotlin-9899447243076168489-3.6.0-slim.jar%23494!/:3.6.0]
	at kotlinx.coroutines.scheduling.CoroutineScheduler$Worker.run(CoroutineScheduler.kt:704) ~[kff-updated-kotlin-9899447243076168489-3.6.0-slim.jar%23494!/:3.6.0]
[22:16:07] [DefaultDispatcher-worker-12/ERROR]: [4] [fe80:0:0:0:ee24:8a09:283e:7cf9%net9:51722] Failed to send java.net.DatagramPacket@2f1907f8 to /[fe80:0:0:0:4d45:a85f:643f:e4df]:51136
java.net.SocketException: Invalid argument: no further information
	at sun.nio.ch.DatagramChannelImpl.send0(Native Method) ~[?:?]
	at sun.nio.ch.DatagramChannelImpl.sendFromNativeBuffer(Unknown Source) ~[?:?]
	at sun.nio.ch.DatagramChannelImpl.send(Unknown Source) ~[?:?]
	at sun.nio.ch.DatagramChannelImpl.send(Unknown Source) ~[?:?]
	at sun.nio.ch.DatagramChannelImpl.blockingSend(Unknown Source) ~[?:?]
	at sun.nio.ch.DatagramSocketAdaptor.send(Unknown Source) ~[?:?]
	at java.net.DatagramSocket.send(Unknown Source) ~[?:?]
	at gg.essential.ice.stun.StunSocket$2.invokeSuspend(StunSocket.kt:116) ~[Essential%20(forge_1.19.2).jar%23495!/:?]
	at kotlin.coroutines.jvm.internal.BaseContinuationImpl.resumeWith(ContinuationImpl.kt:34) ~[kff-updated-kotlin-9899447243076168489-3.6.0-slim.jar%23494!/:3.6.0]
	at kotlinx.coroutines.DispatchedTask.run(DispatchedTask.kt:100) ~[kff-updated-kotlin-9899447243076168489-3.6.0-slim.jar%23494!/:3.6.0]
	at kotlinx.coroutines.internal.LimitedDispatcher$Worker.run(LimitedDispatcher.kt:124) ~[kff-updated-kotlin-9899447243076168489-3.6.0-slim.jar%23494!/:3.6.0]
	at kotlinx.coroutines.scheduling.TaskImpl.run(Tasks.kt:89) ~[kff-updated-kotlin-9899447243076168489-3.6.0-slim.jar%23494!/:3.6.0]
	at kotlinx.coroutines.scheduling.CoroutineScheduler.runSafely(CoroutineScheduler.kt:586) ~[kff-updated-kotlin-9899447243076168489-3.6.0-slim.jar%23494!/:3.6.0]
	at kotlinx.coroutines.scheduling.CoroutineScheduler$Worker.executeTask(CoroutineScheduler.kt:820) ~[kff-updated-kotlin-9899447243076168489-3.6.0-slim.jar%23494!/:3.6.0]
	at kotlinx.coroutines.scheduling.CoroutineScheduler$Worker.runWorker(CoroutineScheduler.kt:717) ~[kff-updated-kotlin-9899447243076168489-3.6.0-slim.jar%23494!/:3.6.0]
	at kotlinx.coroutines.scheduling.CoroutineScheduler$Worker.run(CoroutineScheduler.kt:704) ~[kff-updated-kotlin-9899447243076168489-3.6.0-slim.jar%23494!/:3.6.0]
[22:16:07] [DefaultDispatcher-worker-24/ERROR]: [4] [fe80:0:0:0:ee24:8a09:283e:7cf9%net9:51722] Failed to send java.net.DatagramPacket@41368a9f to /[fe80:0:0:0:c29:6e5c:a2d2:a514]:51139
java.net.SocketException: Invalid argument: no further information
	at sun.nio.ch.DatagramChannelImpl.send0(Native Method) ~[?:?]
	at sun.nio.ch.DatagramChannelImpl.sendFromNativeBuffer(Unknown Source) ~[?:?]
	at sun.nio.ch.DatagramChannelImpl.send(Unknown Source) ~[?:?]
	at sun.nio.ch.DatagramChannelImpl.send(Unknown Source) ~[?:?]
	at sun.nio.ch.DatagramChannelImpl.blockingSend(Unknown Source) ~[?:?]
	at sun.nio.ch.DatagramSocketAdaptor.send(Unknown Source) ~[?:?]
	at java.net.DatagramSocket.send(Unknown Source) ~[?:?]
	at gg.essential.ice.stun.StunSocket$2.invokeSuspend(StunSocket.kt:116) ~[Essential%20(forge_1.19.2).jar%23495!/:?]
	at kotlin.coroutines.jvm.internal.BaseContinuationImpl.resumeWith(ContinuationImpl.kt:34) ~[kff-updated-kotlin-9899447243076168489-3.6.0-slim.jar%23494!/:3.6.0]
	at kotlinx.coroutines.DispatchedTask.run(DispatchedTask.kt:100) ~[kff-updated-kotlin-9899447243076168489-3.6.0-slim.jar%23494!/:3.6.0]
	at kotlinx.coroutines.internal.LimitedDispatcher$Worker.run(LimitedDispatcher.kt:124) ~[kff-updated-kotlin-9899447243076168489-3.6.0-slim.jar%23494!/:3.6.0]
	at kotlinx.coroutines.scheduling.TaskImpl.run(Tasks.kt:89) ~[kff-updated-kotlin-9899447243076168489-3.6.0-slim.jar%23494!/:3.6.0]
	at kotlinx.coroutines.scheduling.CoroutineScheduler.runSafely(CoroutineScheduler.kt:586) ~[kff-updated-kotlin-9899447243076168489-3.6.0-slim.jar%23494!/:3.6.0]
	at kotlinx.coroutines.scheduling.CoroutineScheduler$Worker.executeTask(CoroutineScheduler.kt:820) ~[kff-updated-kotlin-9899447243076168489-3.6.0-slim.jar%23494!/:3.6.0]
	at kotlinx.coroutines.scheduling.CoroutineScheduler$Worker.runWorker(CoroutineScheduler.kt:717) ~[kff-updated-kotlin-9899447243076168489-3.6.0-slim.jar%23494!/:3.6.0]
	at kotlinx.coroutines.scheduling.CoroutineScheduler$Worker.run(CoroutineScheduler.kt:704) ~[kff-updated-kotlin-9899447243076168489-3.6.0-slim.jar%23494!/:3.6.0]
[22:16:15] [DefaultDispatcher-worker-30/ERROR]: [4] [fe80:0:0:0:ee24:8a09:283e:7cf9%net9:51722] Failed to send java.net.DatagramPacket@1c818df4 to /[fe80:0:0:0:65a:a8bb:49b7:be7c]:51133
java.net.SocketException: Invalid argument: no further information
	at sun.nio.ch.DatagramChannelImpl.send0(Native Method) ~[?:?]
	at sun.nio.ch.DatagramChannelImpl.sendFromNativeBuffer(Unknown Source) ~[?:?]
	at sun.nio.ch.DatagramChannelImpl.send(Unknown Source) ~[?:?]
	at sun.nio.ch.DatagramChannelImpl.send(Unknown Source) ~[?:?]
	at sun.nio.ch.DatagramChannelImpl.blockingSend(Unknown Source) ~[?:?]
	at sun.nio.ch.DatagramSocketAdaptor.send(Unknown Source) ~[?:?]
	at java.net.DatagramSocket.send(Unknown Source) ~[?:?]
	at gg.essential.ice.stun.StunSocket$2.invokeSuspend(StunSocket.kt:116) ~[Essential%20(forge_1.19.2).jar%23495!/:?]
	at kotlin.coroutines.jvm.internal.BaseContinuationImpl.resumeWith(ContinuationImpl.kt:34) ~[kff-updated-kotlin-9899447243076168489-3.6.0-slim.jar%23494!/:3.6.0]
	at kotlinx.coroutines.DispatchedTask.run(DispatchedTask.kt:100) ~[kff-updated-kotlin-9899447243076168489-3.6.0-slim.jar%23494!/:3.6.0]
	at kotlinx.coroutines.internal.LimitedDispatcher$Worker.run(LimitedDispatcher.kt:124) ~[kff-updated-kotlin-9899447243076168489-3.6.0-slim.jar%23494!/:3.6.0]
	at kotlinx.coroutines.scheduling.TaskImpl.run(Tasks.kt:89) ~[kff-updated-kotlin-9899447243076168489-3.6.0-slim.jar%23494!/:3.6.0]
	at kotlinx.coroutines.scheduling.CoroutineScheduler.runSafely(CoroutineScheduler.kt:586) ~[kff-updated-kotlin-9899447243076168489-3.6.0-slim.jar%23494!/:3.6.0]
	at kotlinx.coroutines.scheduling.CoroutineScheduler$Worker.executeTask(CoroutineScheduler.kt:820) ~[kff-updated-kotlin-9899447243076168489-3.6.0-slim.jar%23494!/:3.6.0]
	at kotlinx.coroutines.scheduling.CoroutineScheduler$Worker.runWorker(CoroutineScheduler.kt:717) ~[kff-updated-kotlin-9899447243076168489-3.6.0-slim.jar%23494!/:3.6.0]
	at kotlinx.coroutines.scheduling.CoroutineScheduler$Worker.run(CoroutineScheduler.kt:704) ~[kff-updated-kotlin-9899447243076168489-3.6.0-slim.jar%23494!/:3.6.0]
[22:16:15] [DefaultDispatcher-worker-23/ERROR]: [4] [fe80:0:0:0:ee24:8a09:283e:7cf9%net9:51722] Failed to send java.net.DatagramPacket@270e5423 to /[fe80:0:0:0:4d45:a85f:643f:e4df]:51136
java.net.SocketException: Invalid argument: no further information
	at sun.nio.ch.DatagramChannelImpl.send0(Native Method) ~[?:?]
	at sun.nio.ch.DatagramChannelImpl.sendFromNativeBuffer(Unknown Source) ~[?:?]
	at sun.nio.ch.DatagramChannelImpl.send(Unknown Source) ~[?:?]
	at sun.nio.ch.DatagramChannelImpl.send(Unknown Source) ~[?:?]
	at sun.nio.ch.DatagramChannelImpl.blockingSend(Unknown Source) ~[?:?]
	at sun.nio.ch.DatagramSocketAdaptor.send(Unknown Source) ~[?:?]
	at java.net.DatagramSocket.send(Unknown Source) ~[?:?]
	at gg.essential.ice.stun.StunSocket$2.invokeSuspend(StunSocket.kt:116) ~[Essential%20(forge_1.19.2).jar%23495!/:?]
	at kotlin.coroutines.jvm.internal.BaseContinuationImpl.resumeWith(ContinuationImpl.kt:34) ~[kff-updated-kotlin-9899447243076168489-3.6.0-slim.jar%23494!/:3.6.0]
	at kotlinx.coroutines.DispatchedTask.run(DispatchedTask.kt:100) ~[kff-updated-kotlin-9899447243076168489-3.6.0-slim.jar%23494!/:3.6.0]
	at kotlinx.coroutines.internal.LimitedDispatcher$Worker.run(LimitedDispatcher.kt:124) ~[kff-updated-kotlin-9899447243076168489-3.6.0-slim.jar%23494!/:3.6.0]
	at kotlinx.coroutines.scheduling.TaskImpl.run(Tasks.kt:89) ~[kff-updated-kotlin-9899447243076168489-3.6.0-slim.jar%23494!/:3.6.0]
	at kotlinx.coroutines.scheduling.CoroutineScheduler.runSafely(CoroutineScheduler.kt:586) ~[kff-updated-kotlin-9899447243076168489-3.6.0-slim.jar%23494!/:3.6.0]
	at kotlinx.coroutines.scheduling.CoroutineScheduler$Worker.executeTask(CoroutineScheduler.kt:820) ~[kff-updated-kotlin-9899447243076168489-3.6.0-slim.jar%23494!/:3.6.0]
	at kotlinx.coroutines.scheduling.CoroutineScheduler$Worker.runWorker(CoroutineScheduler.kt:717) ~[kff-updated-kotlin-9899447243076168489-3.6.0-slim.jar%23494!/:3.6.0]
	at kotlinx.coroutines.scheduling.CoroutineScheduler$Worker.run(CoroutineScheduler.kt:704) ~[kff-updated-kotlin-9899447243076168489-3.6.0-slim.jar%23494!/:3.6.0]
[22:16:15] [DefaultDispatcher-worker-8/ERROR]: [4] [fe80:0:0:0:ee24:8a09:283e:7cf9%net9:51722] Failed to send java.net.DatagramPacket@52d0e5ec to /[fe80:0:0:0:c29:6e5c:a2d2:a514]:51139
java.net.SocketException: Invalid argument: no further information
	at sun.nio.ch.DatagramChannelImpl.send0(Native Method) ~[?:?]
	at sun.nio.ch.DatagramChannelImpl.sendFromNativeBuffer(Unknown Source) ~[?:?]
	at sun.nio.ch.DatagramChannelImpl.send(Unknown Source) ~[?:?]
	at sun.nio.ch.DatagramChannelImpl.send(Unknown Source) ~[?:?]
	at sun.nio.ch.DatagramChannelImpl.blockingSend(Unknown Source) ~[?:?]
	at sun.nio.ch.DatagramSocketAdaptor.send(Unknown Source) ~[?:?]
	at java.net.DatagramSocket.send(Unknown Source) ~[?:?]
	at gg.essential.ice.stun.StunSocket$2.invokeSuspend(StunSocket.kt:116) ~[Essential%20(forge_1.19.2).jar%23495!/:?]
	at kotlin.coroutines.jvm.internal.BaseContinuationImpl.resumeWith(ContinuationImpl.kt:34) ~[kff-updated-kotlin-9899447243076168489-3.6.0-slim.jar%23494!/:3.6.0]
	at kotlinx.coroutines.DispatchedTask.run(DispatchedTask.kt:100) ~[kff-updated-kotlin-9899447243076168489-3.6.0-slim.jar%23494!/:3.6.0]
	at kotlinx.coroutines.internal.LimitedDispatcher$Worker.run(LimitedDispatcher.kt:124) ~[kff-updated-kotlin-9899447243076168489-3.6.0-slim.jar%23494!/:3.6.0]
	at kotlinx.coroutines.scheduling.TaskImpl.run(Tasks.kt:89) ~[kff-updated-kotlin-9899447243076168489-3.6.0-slim.jar%23494!/:3.6.0]
	at kotlinx.coroutines.scheduling.CoroutineScheduler.runSafely(CoroutineScheduler.kt:586) ~[kff-updated-kotlin-9899447243076168489-3.6.0-slim.jar%23494!/:3.6.0]
	at kotlinx.coroutines.scheduling.CoroutineScheduler$Worker.executeTask(CoroutineScheduler.kt:820) ~[kff-updated-kotlin-9899447243076168489-3.6.0-slim.jar%23494!/:3.6.0]
	at kotlinx.coroutines.scheduling.CoroutineScheduler$Worker.runWorker(CoroutineScheduler.kt:717) ~[kff-updated-kotlin-9899447243076168489-3.6.0-slim.jar%23494!/:3.6.0]
	at kotlinx.coroutines.scheduling.CoroutineScheduler$Worker.run(CoroutineScheduler.kt:704) ~[kff-updated-kotlin-9899447243076168489-3.6.0-slim.jar%23494!/:3.6.0]
[22:16:21] [Server thread/INFO]: <Yumine02> ciaoooooooooooo
[22:16:21] [Render thread/INFO]: [CHAT] <Yumine02> ciaoooooooooooo
[22:16:31] [DefaultDispatcher-worker-6/ERROR]: [4] [fe80:0:0:0:ee24:8a09:283e:7cf9%net9:51722] Failed to send java.net.DatagramPacket@51433669 to /[fe80:0:0:0:65a:a8bb:49b7:be7c]:51133
java.net.SocketException: Invalid argument: no further information
	at sun.nio.ch.DatagramChannelImpl.send0(Native Method) ~[?:?]
	at sun.nio.ch.DatagramChannelImpl.sendFromNativeBuffer(Unknown Source) ~[?:?]
	at sun.nio.ch.DatagramChannelImpl.send(Unknown Source) ~[?:?]
	at sun.nio.ch.DatagramChannelImpl.send(Unknown Source) ~[?:?]
	at sun.nio.ch.DatagramChannelImpl.blockingSend(Unknown Source) ~[?:?]
	at sun.nio.ch.DatagramSocketAdaptor.send(Unknown Source) ~[?:?]
	at java.net.DatagramSocket.send(Unknown Source) ~[?:?]
	at gg.essential.ice.stun.StunSocket$2.invokeSuspend(StunSocket.kt:116) ~[Essential%20(forge_1.19.2).jar%23495!/:?]
	at kotlin.coroutines.jvm.internal.BaseContinuationImpl.resumeWith(ContinuationImpl.kt:34) ~[kff-updated-kotlin-9899447243076168489-3.6.0-slim.jar%23494!/:3.6.0]
	at kotlinx.coroutines.DispatchedTask.run(DispatchedTask.kt:100) ~[kff-updated-kotlin-9899447243076168489-3.6.0-slim.jar%23494!/:3.6.0]
	at kotlinx.coroutines.internal.LimitedDispatcher$Worker.run(LimitedDispatcher.kt:124) ~[kff-updated-kotlin-9899447243076168489-3.6.0-slim.jar%23494!/:3.6.0]
	at kotlinx.coroutines.scheduling.TaskImpl.run(Tasks.kt:89) ~[kff-updated-kotlin-9899447243076168489-3.6.0-slim.jar%23494!/:3.6.0]
	at kotlinx.coroutines.scheduling.CoroutineScheduler.runSafely(CoroutineScheduler.kt:586) ~[kff-updated-kotlin-9899447243076168489-3.6.0-slim.jar%23494!/:3.6.0]
	at kotlinx.coroutines.scheduling.CoroutineScheduler$Worker.executeTask(CoroutineScheduler.kt:820) ~[kff-updated-kotlin-9899447243076168489-3.6.0-slim.jar%23494!/:3.6.0]
	at kotlinx.coroutines.scheduling.CoroutineScheduler$Worker.runWorker(CoroutineScheduler.kt:717) ~[kff-updated-kotlin-9899447243076168489-3.6.0-slim.jar%23494!/:3.6.0]
	at kotlinx.coroutines.scheduling.CoroutineScheduler$Worker.run(CoroutineScheduler.kt:704) ~[kff-updated-kotlin-9899447243076168489-3.6.0-slim.jar%23494!/:3.6.0]
[22:16:31] [DefaultDispatcher-worker-19/ERROR]: [4] [fe80:0:0:0:ee24:8a09:283e:7cf9%net9:51722] Failed to send java.net.DatagramPacket@91292ba to /[fe80:0:0:0:4d45:a85f:643f:e4df]:51136
java.net.SocketException: Invalid argument: no further information
	at sun.nio.ch.DatagramChannelImpl.send0(Native Method) ~[?:?]
	at sun.nio.ch.DatagramChannelImpl.sendFromNativeBuffer(Unknown Source) ~[?:?]
	at sun.nio.ch.DatagramChannelImpl.send(Unknown Source) ~[?:?]
	at sun.nio.ch.DatagramChannelImpl.send(Unknown Source) ~[?:?]
	at sun.nio.ch.DatagramChannelImpl.blockingSend(Unknown Source) ~[?:?]
	at sun.nio.ch.DatagramSocketAdaptor.send(Unknown Source) ~[?:?]
	at java.net.DatagramSocket.send(Unknown Source) ~[?:?]
	at gg.essential.ice.stun.StunSocket$2.invokeSuspend(StunSocket.kt:116) ~[Essential%20(forge_1.19.2).jar%23495!/:?]
	at kotlin.coroutines.jvm.internal.BaseContinuationImpl.resumeWith(ContinuationImpl.kt:34) ~[kff-updated-kotlin-9899447243076168489-3.6.0-slim.jar%23494!/:3.6.0]
	at kotlinx.coroutines.DispatchedTask.run(DispatchedTask.kt:100) ~[kff-updated-kotlin-9899447243076168489-3.6.0-slim.jar%23494!/:3.6.0]
	at kotlinx.coroutines.internal.LimitedDispatcher$Worker.run(LimitedDispatcher.kt:124) ~[kff-updated-kotlin-9899447243076168489-3.6.0-slim.jar%23494!/:3.6.0]
	at kotlinx.coroutines.scheduling.TaskImpl.run(Tasks.kt:89) ~[kff-updated-kotlin-9899447243076168489-3.6.0-slim.jar%23494!/:3.6.0]
	at kotlinx.coroutines.scheduling.CoroutineScheduler.runSafely(CoroutineScheduler.kt:586) ~[kff-updated-kotlin-9899447243076168489-3.6.0-slim.jar%23494!/:3.6.0]
	at kotlinx.coroutines.scheduling.CoroutineScheduler$Worker.executeTask(CoroutineScheduler.kt:820) ~[kff-updated-kotlin-9899447243076168489-3.6.0-slim.jar%23494!/:3.6.0]
	at kotlinx.coroutines.scheduling.CoroutineScheduler$Worker.runWorker(CoroutineScheduler.kt:717) ~[kff-updated-kotlin-9899447243076168489-3.6.0-slim.jar%23494!/:3.6.0]
	at kotlinx.coroutines.scheduling.CoroutineScheduler$Worker.run(CoroutineScheduler.kt:704) ~[kff-updated-kotlin-9899447243076168489-3.6.0-slim.jar%23494!/:3.6.0]
[22:16:31] [DefaultDispatcher-worker-16/ERROR]: [4] [fe80:0:0:0:ee24:8a09:283e:7cf9%net9:51722] Failed to send java.net.DatagramPacket@42de9ad0 to /[fe80:0:0:0:c29:6e5c:a2d2:a514]:51139
java.net.SocketException: Invalid argument: no further information
	at sun.nio.ch.DatagramChannelImpl.send0(Native Method) ~[?:?]
	at sun.nio.ch.DatagramChannelImpl.sendFromNativeBuffer(Unknown Source) ~[?:?]
	at sun.nio.ch.DatagramChannelImpl.send(Unknown Source) ~[?:?]
	at sun.nio.ch.DatagramChannelImpl.send(Unknown Source) ~[?:?]
	at sun.nio.ch.DatagramChannelImpl.blockingSend(Unknown Source) ~[?:?]
	at sun.nio.ch.DatagramSocketAdaptor.send(Unknown Source) ~[?:?]
	at java.net.DatagramSocket.send(Unknown Source) ~[?:?]
	at gg.essential.ice.stun.StunSocket$2.invokeSuspend(StunSocket.kt:116) ~[Essential%20(forge_1.19.2).jar%23495!/:?]
	at kotlin.coroutines.jvm.internal.BaseContinuationImpl.resumeWith(ContinuationImpl.kt:34) ~[kff-updated-kotlin-9899447243076168489-3.6.0-slim.jar%23494!/:3.6.0]
	at kotlinx.coroutines.DispatchedTask.run(DispatchedTask.kt:100) ~[kff-updated-kotlin-9899447243076168489-3.6.0-slim.jar%23494!/:3.6.0]
	at kotlinx.coroutines.internal.LimitedDispatcher$Worker.run(LimitedDispatcher.kt:124) ~[kff-updated-kotlin-9899447243076168489-3.6.0-slim.jar%23494!/:3.6.0]
	at kotlinx.coroutines.scheduling.TaskImpl.run(Tasks.kt:89) ~[kff-updated-kotlin-9899447243076168489-3.6.0-slim.jar%23494!/:3.6.0]
	at kotlinx.coroutines.scheduling.CoroutineScheduler.runSafely(CoroutineScheduler.kt:586) ~[kff-updated-kotlin-9899447243076168489-3.6.0-slim.jar%23494!/:3.6.0]
	at kotlinx.coroutines.scheduling.CoroutineScheduler$Worker.executeTask(CoroutineScheduler.kt:820) ~[kff-updated-kotlin-9899447243076168489-3.6.0-slim.jar%23494!/:3.6.0]
	at kotlinx.coroutines.scheduling.CoroutineScheduler$Worker.runWorker(CoroutineScheduler.kt:717) ~[kff-updated-kotlin-9899447243076168489-3.6.0-slim.jar%23494!/:3.6.0]
	at kotlinx.coroutines.scheduling.CoroutineScheduler$Worker.run(CoroutineScheduler.kt:704) ~[kff-updated-kotlin-9899447243076168489-3.6.0-slim.jar%23494!/:3.6.0]
[22:16:33] [Server thread/INFO]: <Alpaca_Furioso> CIAOOOOOOOOOOO
[22:16:33] [Render thread/INFO]: [CHAT] <Alpaca_Furioso> CIAOOOOOOOOOOO
[22:17:02] [DefaultDispatcher-worker-26/WARN]: [4] [26.32.4.227:51719 <> 40.160.66.10:3478] Failed to contact STUN server, timed out.
[22:17:02] [DefaultDispatcher-worker-32/WARN]: [4] [26.32.4.227:51719 <> 51.195.24.116:3478] Failed to contact STUN server, timed out.
[22:17:02] [DefaultDispatcher-worker-15/WARN]: [4] [26.32.4.227:51719 <> 15.235.229.89:3478] Failed to contact STUN server, timed out.
[22:17:02] [DefaultDispatcher-worker-15/WARN]: [4] [26.32.4.227:51719 <> 51.161.174.239:3478] Failed to contact STUN server, timed out.
[22:17:02] [DefaultDispatcher-worker-12/WARN]: [4] [26.32.4.227:51719 <> 40.160.66.10:3478] Failed to contact TURN server, timed out.
[22:17:02] [DefaultDispatcher-worker-16/WARN]: [4] [26.32.4.227:51719 <> 51.195.24.116:3478] Failed to contact TURN server, timed out.
[22:17:02] [DefaultDispatcher-worker-19/WARN]: [4] [26.32.4.227:51719 <> 15.235.229.89:3478] Failed to contact TURN server, timed out.
[22:17:02] [DefaultDispatcher-worker-6/WARN]: [4] [26.32.4.227:51719 <> 51.161.174.239:3478] Failed to contact TURN server, timed out.
[22:17:06] [DefaultDispatcher-worker-8/INFO]: [3] [192.168.1.117:51716 <> 192.168.1.118:51134] [yF8j2wtMznsRjX5h] Nomination successful: /192.168.1.117:51716 -> /192.168.1.118:51134 (host)
[22:17:06] [DefaultDispatcher-worker-8/INFO]: [3]  * /192.168.1.117:51716 -> /192.168.1.118:51134 (host) (0ms RTT)
[22:17:06] [DefaultDispatcher-worker-8/INFO]: [3]    /93.45.90.235:37519 (server-reflexive for /192.168.1.117:51716) -> /93.45.90.235:37518 (srflx) (2ms RTT)
[22:17:06] [DefaultDispatcher-worker-8/INFO]: [3]    /[2001:0:4625:9800:88d:6dc7:a2d2:a514]:51720 -> /[2001:0:4625:9800:c29:6e5c:a2d2:a514]:51138 (host) (0ms RTT)
[22:17:06] [DefaultDispatcher-worker-8/INFO]: [3]    /51.195.24.116:55940 (relayed for /192.168.1.117:51716) -> /93.45.90.235:37518 (srflx) (46ms RTT)
[22:17:06] [DefaultDispatcher-worker-8/INFO]: [3]    /51.195.24.116:55940 (relayed for /192.168.1.117:51716) -> /51.195.24.116:64166 (relay) (46ms RTT)
[22:17:06] [DefaultDispatcher-worker-8/INFO]: [3]    /40.160.66.10:55960 (relayed for /192.168.1.117:51716) -> /93.45.90.235:37518 (srflx) (216ms RTT)
[22:17:06] [DefaultDispatcher-worker-8/INFO]: [3]    /40.160.66.10:55960 (relayed for /192.168.1.117:51716) -> /51.195.24.116:64166 (relay) (220ms RTT)
[22:17:06] [DefaultDispatcher-worker-8/INFO]: [3]    /51.195.24.116:55940 (relayed for /192.168.1.117:51716) -> /40.160.66.10:64457 (relay) (221ms RTT)
[22:17:06] [DefaultDispatcher-worker-8/INFO]: [3]    /93.45.90.235:37519 (server-reflexive for /192.168.1.117:51716) -> /51.195.24.116:64166 (relay) (47ms RTT)
[22:17:06] [DefaultDispatcher-worker-8/INFO]: [3]    /15.235.229.89:50801 (relayed for /192.168.1.117:51716) -> /93.45.90.235:37518 (srflx) (488ms RTT)
[22:17:06] [DefaultDispatcher-worker-8/INFO]: [3]    /93.45.90.235:37519 (server-reflexive for /192.168.1.117:51716) -> /40.160.66.10:64457 (relay) (219ms RTT)
[22:17:06] [DefaultDispatcher-worker-8/INFO]: [3]    /40.160.66.10:55960 (relayed for /192.168.1.117:51716) -> /40.160.66.10:64457 (relay) (215ms RTT)
[22:17:06] [DefaultDispatcher-worker-8/INFO]: [3]    /51.195.24.116:55940 (relayed for /192.168.1.117:51716) -> /15.235.229.89:51605 (relay) (415ms RTT)
[22:17:06] [DefaultDispatcher-worker-8/INFO]: [3]    /15.235.229.89:50801 (relayed for /192.168.1.117:51716) -> /51.195.24.116:64166 (relay) (418ms RTT)
[22:17:06] [DefaultDispatcher-worker-8/INFO]: [3]    /51.161.174.239:54808 (relayed for /192.168.1.117:51716) -> /51.195.24.116:64166 (relay) (603ms RTT)
[22:17:06] [DefaultDispatcher-worker-8/INFO]: [3]    /51.161.174.239:54808 (relayed for /192.168.1.117:51716) -> /40.160.66.10:64457 (relay) (645ms RTT)
[22:17:06] [DefaultDispatcher-worker-8/INFO]: [3]    /15.235.229.89:50801 (relayed for /192.168.1.117:51716) -> /15.235.229.89:51605 (relay) (478ms RTT)
[22:17:06] [DefaultDispatcher-worker-8/INFO]: [3]    /40.160.66.10:55960 (relayed for /192.168.1.117:51716) -> /15.235.229.89:51605 (relay) (578ms RTT)
[22:17:06] [DefaultDispatcher-worker-8/INFO]: [3]    /93.45.90.235:37519 (server-reflexive for /192.168.1.117:51716) -> /51.161.174.239:52856 (relay) (663ms RTT)
[22:17:06] [DefaultDispatcher-worker-8/INFO]: [3]    /15.235.229.89:50801 (relayed for /192.168.1.117:51716) -> /40.160.66.10:64457 (relay) (590ms RTT)
[22:17:06] [DefaultDispatcher-worker-8/INFO]: [3]    /93.45.90.235:37519 (server-reflexive for /192.168.1.117:51716) -> /15.235.229.89:51605 (relay) (478ms RTT)
[22:17:06] [DefaultDispatcher-worker-8/INFO]: [3]    /51.161.174.239:54808 (relayed for /192.168.1.117:51716) -> /93.45.90.235:37518 (srflx) (665ms RTT)
[22:17:06] [DefaultDispatcher-worker-8/INFO]: [3]    /51.195.24.116:55940 (relayed for /192.168.1.117:51716) -> /51.161.174.239:52856 (relay) (597ms RTT)
[22:17:06] [DefaultDispatcher-worker-8/INFO]: [3]    /40.160.66.10:55960 (relayed for /192.168.1.117:51716) -> /51.161.174.239:52856 (relay) (643ms RTT)
[22:17:06] [DefaultDispatcher-worker-8/INFO]: [3]    /51.161.174.239:54808 (relayed for /192.168.1.117:51716) -> /15.235.229.89:51605 (relay) (668ms RTT)
[22:17:06] [DefaultDispatcher-worker-8/INFO]: [3]    /15.235.229.89:50801 (relayed for /192.168.1.117:51716) -> /51.161.174.239:52856 (relay) (668ms RTT)
[22:17:06] [DefaultDispatcher-worker-8/INFO]: [3]    /51.161.174.239:54808 (relayed for /192.168.1.117:51716) -> /51.161.174.239:52856 (relay) (669ms RTT)
[22:18:06] [DefaultDispatcher-worker-7/WARN]: [4] [26.32.4.227:51719 <> 40.160.66.10:3478] Failed to release TURN allocation, timed out.
[22:18:06] [DefaultDispatcher-worker-23/WARN]: [4] [26.32.4.227:51719 <> 51.195.24.116:3478] Failed to release TURN allocation, timed out.
[22:18:06] [DefaultDispatcher-worker-7/WARN]: [4] [26.32.4.227:51719 <> 15.235.229.89:3478] Failed to release TURN allocation, timed out.
[22:18:06] [DefaultDispatcher-worker-24/WARN]: [4] [26.32.4.227:51719 <> 51.161.174.239:3478] Failed to release TURN allocation, timed out.
[22:22:15] [Render thread/WARN]: Unable to play empty soundEvent: biomemusic:music.night
[22:27:11] [Render thread/INFO]: Loaded 572 advancements
[22:29:06] [Server thread/INFO]: <Yumine02> porcodi
[22:29:06] [Render thread/INFO]: [CHAT] <Yumine02> porcodi
[22:29:17] [Server thread/INFO]: Alpaca_Furioso died because of Vapor
[22:29:17] [Render thread/INFO]: [System] [CHAT] Alpaca_Furioso died because of Vapor
[22:29:23] [Server thread/INFO]: Sent Server Limitation of [Alpaca_Furioso]
[22:29:23] [Server thread/INFO]: Received Client Information of [Alpaca_Furioso]
[22:29:29] [Server thread/INFO]: <Alpaca_Furioso> eh
[22:29:29] [Render thread/INFO]: [CHAT] <Alpaca_Furioso> eh
[22:29:33] [Server thread/INFO]: <Alpaca_Furioso> lo dico anche io...
[22:29:33] [Render thread/INFO]: [CHAT] <Alpaca_Furioso> lo dico anche io...
[22:29:41] [Server thread/INFO]: <Alpaca_Furioso> a quanto pare fa come Cristo...
[22:29:41] [Render thread/INFO]: [CHAT] <Alpaca_Furioso> a quanto pare fa come Cristo...
[22:36:34] [Server thread/INFO]: Alpaca_Furioso was slain by Zombie
[22:36:34] [Render thread/INFO]: [System] [CHAT] Alpaca_Furioso was slain by Zombie
[22:36:41] [Server thread/INFO]: Sent Server Limitation of [Alpaca_Furioso]
[22:36:41] [Server thread/INFO]: Received Client Information of [Alpaca_Furioso]
[22:37:56] [Render thread/INFO]: Stopping worker threads
[22:37:56] [Render thread/INFO]: Started 10 worker threads
[22:38:03] [Server thread/INFO]: Alpaca_Furioso died because of Vapor
[22:38:03] [Render thread/INFO]: [System] [CHAT] Alpaca_Furioso died because of Vapor
[22:38:09] [Server thread/INFO]: Sent Server Limitation of [Alpaca_Furioso]
[22:38:09] [Server thread/INFO]: Received Client Information of [Alpaca_Furioso]
[22:38:09] [Server thread/WARN]: Alpaca_Furioso moved too quickly! -17.136436792206496,-2.0,4.791738804940337
[22:38:11] [Server thread/INFO]: <Alpaca_Furioso> e bastaaaa
[22:38:11] [Render thread/INFO]: [CHAT] <Alpaca_Furioso> e bastaaaa
[22:38:15] [Server thread/INFO]: <Alpaca_Furioso> che cojoni 'sto coso
[22:38:15] [Render thread/INFO]: [CHAT] <Alpaca_Furioso> che cojoni 'sto coso
[22:38:28] [Server thread/INFO]: <UniRedz> =C
[22:38:28] [Render thread/INFO]: [CHAT] <UniRedz> =C
[22:40:18] [Server thread/INFO]: Alpaca_Furioso was slain by Zombie
[22:40:18] [Render thread/INFO]: [System] [CHAT] Alpaca_Furioso was slain by Zombie
[22:40:25] [Server thread/INFO]: Sent Server Limitation of [Alpaca_Furioso]
[22:40:25] [Server thread/INFO]: Received Client Information of [Alpaca_Furioso]
[22:41:01] [Server thread/INFO]: Alpaca_Furioso was slain by Zombie
[22:41:01] [Render thread/INFO]: [System] [CHAT] Alpaca_Furioso was slain by Zombie
[22:41:07] [Server thread/INFO]: Sent Server Limitation of [Alpaca_Furioso]
[22:41:07] [Server thread/INFO]: Received Client Information of [Alpaca_Furioso]
[22:41:30] [Render thread/INFO]: [System] [CHAT] Just come closer . . .
[22:45:01] [Server thread/WARN]: Server seems overloading, jumping 3045ms or 60 ticks
[22:54:32] [Render thread/WARN]: Received passengers for unknown entity
[22:55:40] [Render thread/WARN]: GUI did not draw the dark background layer behind itself, this may result in display issues: net.minecraft.client.gui.screens.inventory.InventoryScreen
[22:56:52] [Render thread/INFO]: [FANCYMENU] ScreenCustomizationLayer registered: furnace_screen
[22:56:52] [Render thread/WARN]: GUI did not draw the dark background layer behind itself, this may result in display issues: net.minecraft.client.gui.screens.inventory.FurnaceScreen
[23:03:31] [Render thread/WARN]: Received passengers for unknown entity
[23:04:15] [Server thread/INFO]: <Alpaca_Furioso> iron backpack assicurato :D
[23:04:15] [Render thread/INFO]: [CHAT] <Alpaca_Furioso> iron backpack assicurato :D
[23:04:32] [Server thread/INFO]: <UniRedz> ne abbiamo un pò di backpack ora
[23:04:32] [Render thread/INFO]: [CHAT] <UniRedz> ne abbiamo un pò di backpack ora
[23:05:00] [Server thread/INFO]: Yumine02 fell out of the world
[23:05:00] [Render thread/INFO]: [System] [CHAT] Yumine02 fell out of the world
[23:05:09] [Render thread/INFO]: [FANCYMENU] ScreenCustomizationLayer registered: de.maxhenkel.corpse.gui.CorpseInventoryScreen
[23:05:09] [Render thread/WARN]: GUI did not draw the dark background layer behind itself, this may result in display issues: de.maxhenkel.corpse.gui.CorpseInventoryScreen
[23:05:15] [Server thread/INFO]: Sent Server Limitation of [Yumine02]
[23:05:15] [Server thread/INFO]: Received Client Information of [Yumine02]
[23:05:15] [Render thread/INFO]: Received Client Information of [Yumine02]
[23:05:32] [Render thread/WARN]: Unknown custom packet identifier: corpse:default
[23:06:47] [Server thread/INFO]: <Alpaca_Furioso> i backpack non vengono droppati sempre
[23:06:47] [Render thread/INFO]: [CHAT] <Alpaca_Furioso> i backpack non vengono droppati sempre
[23:06:51] [Server thread/INFO]: <Alpaca_Furioso> hanno % anche quelli
[23:06:51] [Render thread/INFO]: [CHAT] <Alpaca_Furioso> hanno % anche quelli
[23:07:17] [Render thread/WARN]: Shader phosphor could not find uniform named InSize in the specified shader program.
[23:07:17] [Render thread/WARN]: Shader phosphor could not find uniform named InSize in the specified shader program.
[23:07:17] [Render thread/WARN]: Shader phosphor could not find uniform named InSize in the specified shader program.
[23:07:17] [Render thread/WARN]: Shader phosphor could not find uniform named InSize in the specified shader program.
[23:07:18] [Render thread/WARN]: Shader phosphor could not find uniform named InSize in the specified shader program.
[23:07:18] [Render thread/WARN]: Shader phosphor could not find uniform named InSize in the specified shader program.
[23:07:18] [Render thread/WARN]: Shader phosphor could not find uniform named InSize in the specified shader program.
[23:07:18] [Render thread/WARN]: Shader phosphor could not find uniform named InSize in the specified shader program.
[23:07:18] [Render thread/WARN]: Shader phosphor could not find uniform named InSize in the specified shader program.
[23:07:18] [Render thread/WARN]: Shader phosphor could not find uniform named InSize in the specified shader program.
[23:07:18] [Render thread/WARN]: Shader phosphor could not find uniform named InSize in the specified shader program.
[23:07:18] [Render thread/WARN]: Shader phosphor could not find uniform named InSize in the specified shader program.
[23:07:18] [Render thread/WARN]: Shader phosphor could not find uniform named InSize in the specified shader program.
[23:07:18] [Render thread/WARN]: Shader phosphor could not find uniform named InSize in the specified shader program.
[23:07:18] [Render thread/WARN]: Shader phosphor could not find uniform named InSize in the specified shader program.
[23:07:18] [Render thread/WARN]: Shader phosphor could not find uniform named InSize in the specified shader program.
[23:07:18] [Render thread/WARN]: Shader phosphor could not find uniform named InSize in the specified shader program.
[23:07:18] [Render thread/WARN]: Shader phosphor could not find uniform named InSize in the specified shader program.
[23:07:18] [Render thread/WARN]: Shader phosphor could not find uniform named InSize in the specified shader program.
[23:07:18] [Render thread/WARN]: Shader phosphor could not find uniform named InSize in the specified shader program.
[23:07:18] [Render thread/WARN]: Shader phosphor could not find uniform named InSize in the specified shader program.
[23:07:18] [Render thread/WARN]: Shader phosphor could not find uniform named InSize in the specified shader program.
[23:07:18] [Render thread/WARN]: Shader phosphor could not find uniform named InSize in the specified shader program.
[23:07:18] [Render thread/WARN]: Shader phosphor could not find uniform named InSize in the specified shader program.
[23:07:19] [Render thread/WARN]: Shader phosphor could not find uniform named InSize in the specified shader program.
[23:07:19] [Render thread/WARN]: Shader phosphor could not find uniform named InSize in the specified shader program.
[23:07:19] [Render thread/WARN]: Shader phosphor could not find uniform named InSize in the specified shader program.
[23:07:19] [Render thread/WARN]: Shader phosphor could not find uniform named InSize in the specified shader program.
[23:07:19] [Render thread/WARN]: Shader phosphor could not find uniform named InSize in the specified shader program.
[23:07:19] [Render thread/WARN]: Shader phosphor could not find uniform named InSize in the specified shader program.
[23:07:19] [Render thread/WARN]: Shader phosphor could not find uniform named InSize in the specified shader program.
[23:07:19] [Render thread/WARN]: Shader phosphor could not find uniform named InSize in the specified shader program.
[23:07:19] [Render thread/WARN]: Shader phosphor could not find uniform named InSize in the specified shader program.
[23:07:19] [Render thread/WARN]: Shader phosphor could not find uniform named InSize in the specified shader program.
[23:07:19] [Render thread/WARN]: Shader phosphor could not find uniform named InSize in the specified shader program.
[23:07:19] [Render thread/WARN]: Shader phosphor could not find uniform named InSize in the specified shader program.
[23:07:19] [Render thread/WARN]: Shader phosphor could not find uniform named InSize in the specified shader program.
[23:07:19] [Render thread/WARN]: Shader phosphor could not find uniform named InSize in the specified shader program.
[23:07:19] [Render thread/WARN]: Shader phosphor could not find uniform named InSize in the specified shader program.
[23:07:19] [Render thread/WARN]: Shader phosphor could not find uniform named InSize in the specified shader program.
[23:07:19] [Render thread/WARN]: Shader phosphor could not find uniform named InSize in the specified shader program.
[23:07:19] [Render thread/WARN]: Shader phosphor could not find uniform named InSize in the specified shader program.
[23:07:20] [Render thread/WARN]: Shader phosphor could not find uniform named InSize in the specified shader program.
[23:07:20] [Render thread/WARN]: Shader phosphor could not find uniform named InSize in the specified shader program.
[23:07:20] [Render thread/WARN]: Shader phosphor could not find uniform named InSize in the specified shader program.
[23:07:20] [Render thread/WARN]: Shader phosphor could not find uniform named InSize in the specified shader program.
[23:07:20] [Render thread/WARN]: Shader phosphor could not find uniform named InSize in the specified shader program.
[23:07:20] [Render thread/WARN]: Shader phosphor could not find uniform named InSize in the specified shader program.
[23:07:20] [Render thread/WARN]: Shader phosphor could not find uniform named InSize in the specified shader program.
[23:07:20] [Render thread/WARN]: Shader phosphor could not find uniform named InSize in the specified shader program.
[23:07:20] [Render thread/WARN]: Shader phosphor could not find uniform named InSize in the specified shader program.
[23:10:07] [Server thread/INFO]: <Alpaca_Furioso> AAAAAAAAAAA
[23:10:07] [Render thread/INFO]: [CHAT] <Alpaca_Furioso> AAAAAAAAAAA
[23:10:22] [Server thread/INFO]: <Alpaca_Furioso> PER APRIRE LO ZAINO BASTA AVERLO IN INVENTARIO E PREMERE B
[23:10:22] [Render thread/INFO]: [CHAT] <Alpaca_Furioso> PER APRIRE LO ZAINO BASTA AVERLO IN INVENTARIO E PREMERE B
[23:10:24] [Render thread/WARN]: GUI did not draw the dark background layer behind itself, this may result in display issues: net.p3pp3rf1y.sophisticatedbackpacks.client.gui.BackpackScreen
[23:10:42] [Server thread/INFO]: <UniRedz> minchia bravo
[23:10:42] [Render thread/INFO]: [CHAT] <UniRedz> minchia bravo
[23:11:23] [Server thread/INFO]: <Yumine02> andre' io vado che domani ho la sveglia presto
[23:11:23] [Render thread/INFO]: [CHAT] <Yumine02> andre' io vado che domani ho la sveglia presto
[23:11:29] [Server thread/INFO]: <Yumine02> salutami bubina
[23:11:29] [Render thread/INFO]: [CHAT] <Yumine02> salutami bubina
[23:11:46] [Server thread/INFO]: <Alpaca_Furioso> va bene, quando arriva te la saluto :D
[23:11:46] [Render thread/INFO]: [CHAT] <Alpaca_Furioso> va bene, quando arriva te la saluto :D
[23:11:49] [Server thread/INFO]: <Alpaca_Furioso> buonanotte eleee
[23:11:49] [Render thread/INFO]: [CHAT] <Alpaca_Furioso> buonanotte eleee
[23:11:53] [Server thread/INFO]: <Yumine02> buonanotteeeee:D
[23:11:53] [Render thread/INFO]: [CHAT] <Yumine02> buonanotteeeee:D
[23:11:58] [Server thread/INFO]: Yumine02 lost connection: Disconnected
[23:11:58] [Server thread/INFO]: Yumine02 left the game
[23:11:58] [Render thread/INFO]: [System] [CHAT] Yumine02 left the game
[23:11:58] [Server thread/INFO]: Limitation of 27570462-b750-4c7c-aa6c-e19bfd2b46bc was unloaded
[23:11:58] [Server thread/INFO]: [voicechat] Disconnecting client Yumine02
[23:17:58] [Server thread/INFO]: UniRedz died because of Vapor
[23:17:58] [Render thread/INFO]: [FANCYMENU] ScreenCustomizationLayer registered: se.gory_moon.you_died.client.DeathSplashScreen
[23:17:58] [Render thread/INFO]: [System] [CHAT] UniRedz died because of Vapor
[23:20:44] [DefaultDispatcher-worker-20/INFO]: Creating server-side ICE agent at request from 6efa41f7-1c6f-47a5-95f2-f0fcdac77641 (ufrag: essential-q-3c454466, pwd: e20cd000aed707a07ffef2639b0c5866)
[23:20:44] [DefaultDispatcher-worker-20/INFO]: [5] Starting connection between UniRedz (16c32c69-f61c-4ec5-8b08-18fe37639789) and _Mononoke (6efa41f7-1c6f-47a5-95f2-f0fcdac77641), we are the server
[23:20:45] [DefaultDispatcher-worker-20/INFO]: [5] Using QUIC because both parties support it.
[23:20:45] [DefaultDispatcher-worker-7/WARN]: [6] [10.5.0.2:60757 <> 40.160.66.10:3478] Failed to contact STUN server, timed out.
[23:20:45] [DefaultDispatcher-worker-15/WARN]: [6] [10.5.0.2:60757 <> 51.195.24.116:3478] Failed to contact STUN server, timed out.
[23:20:45] [DefaultDispatcher-worker-4/WARN]: [6] [10.5.0.2:60757 <> 15.235.229.89:3478] Failed to contact STUN server, timed out.
[23:20:45] [DefaultDispatcher-worker-22/WARN]: [6] [10.5.0.2:60757 <> 51.161.174.239:3478] Failed to contact STUN server, timed out.
[23:20:45] [DefaultDispatcher-worker-3/WARN]: [6] [10.5.0.2:60757 <> 40.160.66.10:3478] Failed to contact TURN server, timed out.
[23:20:45] [DefaultDispatcher-worker-4/WARN]: [6] [10.5.0.2:60757 <> 40.160.66.10:3478] Failed to release TURN allocation, timed out.
[23:20:45] [DefaultDispatcher-worker-7/WARN]: [6] [10.5.0.2:60757 <> 51.195.24.116:3478] Failed to contact TURN server, timed out.
[23:20:45] [DefaultDispatcher-worker-7/WARN]: [6] [10.5.0.2:60757 <> 51.195.24.116:3478] Failed to release TURN allocation, timed out.
[23:20:45] [DefaultDispatcher-worker-7/WARN]: [6] [10.5.0.2:60757 <> 15.235.229.89:3478] Failed to contact TURN server, timed out.
[23:20:45] [DefaultDispatcher-worker-7/WARN]: [6] [10.5.0.2:60757 <> 15.235.229.89:3478] Failed to release TURN allocation, timed out.
[23:20:45] [DefaultDispatcher-worker-19/WARN]: [6] [10.5.0.2:60757 <> 51.161.174.239:3478] Failed to contact TURN server, timed out.
[23:20:45] [DefaultDispatcher-worker-22/WARN]: [6] [10.5.0.2:60757 <> 51.161.174.239:3478] Failed to release TURN allocation, timed out.
[23:20:46] [DefaultDispatcher-worker-10/ERROR]: [6] [fe80:0:0:0:ee24:8a09:283e:7cf9%net9:60756] Failed to send java.net.DatagramPacket@10a2873 to /[fe80:0:0:0:9730:ea5:aa20:7b5f]:58048
java.net.SocketException: Invalid argument: no further information
	at sun.nio.ch.DatagramChannelImpl.send0(Native Method) ~[?:?]
	at sun.nio.ch.DatagramChannelImpl.sendFromNativeBuffer(Unknown Source) ~[?:?]
	at sun.nio.ch.DatagramChannelImpl.send(Unknown Source) ~[?:?]
	at sun.nio.ch.DatagramChannelImpl.send(Unknown Source) ~[?:?]
	at sun.nio.ch.DatagramChannelImpl.blockingSend(Unknown Source) ~[?:?]
	at sun.nio.ch.DatagramSocketAdaptor.send(Unknown Source) ~[?:?]
	at java.net.DatagramSocket.send(Unknown Source) ~[?:?]
	at gg.essential.ice.stun.StunSocket$2.invokeSuspend(StunSocket.kt:116) ~[Essential%20(forge_1.19.2).jar%23495!/:?]
	at kotlin.coroutines.jvm.internal.BaseContinuationImpl.resumeWith(ContinuationImpl.kt:34) ~[kff-updated-kotlin-9899447243076168489-3.6.0-slim.jar%23494!/:3.6.0]
	at kotlinx.coroutines.DispatchedTask.run(DispatchedTask.kt:100) ~[kff-updated-kotlin-9899447243076168489-3.6.0-slim.jar%23494!/:3.6.0]
	at kotlinx.coroutines.internal.LimitedDispatcher$Worker.run(LimitedDispatcher.kt:124) ~[kff-updated-kotlin-9899447243076168489-3.6.0-slim.jar%23494!/:3.6.0]
	at kotlinx.coroutines.scheduling.TaskImpl.run(Tasks.kt:89) ~[kff-updated-kotlin-9899447243076168489-3.6.0-slim.jar%23494!/:3.6.0]
	at kotlinx.coroutines.scheduling.CoroutineScheduler.runSafely(CoroutineScheduler.kt:586) ~[kff-updated-kotlin-9899447243076168489-3.6.0-slim.jar%23494!/:3.6.0]
	at kotlinx.coroutines.scheduling.CoroutineScheduler$Worker.executeTask(CoroutineScheduler.kt:820) ~[kff-updated-kotlin-9899447243076168489-3.6.0-slim.jar%23494!/:3.6.0]
	at kotlinx.coroutines.scheduling.CoroutineScheduler$Worker.runWorker(CoroutineScheduler.kt:717) ~[kff-updated-kotlin-9899447243076168489-3.6.0-slim.jar%23494!/:3.6.0]
	at kotlinx.coroutines.scheduling.CoroutineScheduler$Worker.run(CoroutineScheduler.kt:704) ~[kff-updated-kotlin-9899447243076168489-3.6.0-slim.jar%23494!/:3.6.0]
[23:20:46] [DefaultDispatcher-worker-9/ERROR]: [6] [fe80:0:0:0:ee24:8a09:283e:7cf9%net9:60756] Failed to send java.net.DatagramPacket@55bc39ae to /[fe80:0:0:0:b32c:1eed:5c4f:41a9]:58051
java.net.SocketException: Invalid argument: no further information
	at sun.nio.ch.DatagramChannelImpl.send0(Native Method) ~[?:?]
	at sun.nio.ch.DatagramChannelImpl.sendFromNativeBuffer(Unknown Source) ~[?:?]
	at sun.nio.ch.DatagramChannelImpl.send(Unknown Source) ~[?:?]
	at sun.nio.ch.DatagramChannelImpl.send(Unknown Source) ~[?:?]
	at sun.nio.ch.DatagramChannelImpl.blockingSend(Unknown Source) ~[?:?]
	at sun.nio.ch.DatagramSocketAdaptor.send(Unknown Source) ~[?:?]
	at java.net.DatagramSocket.send(Unknown Source) ~[?:?]
	at gg.essential.ice.stun.StunSocket$2.invokeSuspend(StunSocket.kt:116) ~[Essential%20(forge_1.19.2).jar%23495!/:?]
	at kotlin.coroutines.jvm.internal.BaseContinuationImpl.resumeWith(ContinuationImpl.kt:34) ~[kff-updated-kotlin-9899447243076168489-3.6.0-slim.jar%23494!/:3.6.0]
	at kotlinx.coroutines.DispatchedTask.run(DispatchedTask.kt:100) ~[kff-updated-kotlin-9899447243076168489-3.6.0-slim.jar%23494!/:3.6.0]
	at kotlinx.coroutines.internal.LimitedDispatcher$Worker.run(LimitedDispatcher.kt:124) ~[kff-updated-kotlin-9899447243076168489-3.6.0-slim.jar%23494!/:3.6.0]
	at kotlinx.coroutines.scheduling.TaskImpl.run(Tasks.kt:89) ~[kff-updated-kotlin-9899447243076168489-3.6.0-slim.jar%23494!/:3.6.0]
	at kotlinx.coroutines.scheduling.CoroutineScheduler.runSafely(CoroutineScheduler.kt:586) ~[kff-updated-kotlin-9899447243076168489-3.6.0-slim.jar%23494!/:3.6.0]
	at kotlinx.coroutines.scheduling.CoroutineScheduler$Worker.executeTask(CoroutineScheduler.kt:820) ~[kff-updated-kotlin-9899447243076168489-3.6.0-slim.jar%23494!/:3.6.0]
	at kotlinx.coroutines.scheduling.CoroutineScheduler$Worker.runWorker(CoroutineScheduler.kt:717) ~[kff-updated-kotlin-9899447243076168489-3.6.0-slim.jar%23494!/:3.6.0]
	at kotlinx.coroutines.scheduling.CoroutineScheduler$Worker.run(CoroutineScheduler.kt:704) ~[kff-updated-kotlin-9899447243076168489-3.6.0-slim.jar%23494!/:3.6.0]
[23:20:46] [DefaultDispatcher-worker-8/ERROR]: [6] [fe80:0:0:0:ee24:8a09:283e:7cf9%net9:60756] Failed to send java.net.DatagramPacket@65cb5720 to /[fe80:0:0:0:24cb:1bcd:a8f2:36ac]:58054
java.net.SocketException: Invalid argument: no further information
	at sun.nio.ch.DatagramChannelImpl.send0(Native Method) ~[?:?]
	at sun.nio.ch.DatagramChannelImpl.sendFromNativeBuffer(Unknown Source) ~[?:?]
	at sun.nio.ch.DatagramChannelImpl.send(Unknown Source) ~[?:?]
	at sun.nio.ch.DatagramChannelImpl.send(Unknown Source) ~[?:?]
	at sun.nio.ch.DatagramChannelImpl.blockingSend(Unknown Source) ~[?:?]
	at sun.nio.ch.DatagramSocketAdaptor.send(Unknown Source) ~[?:?]
	at java.net.DatagramSocket.send(Unknown Source) ~[?:?]
	at gg.essential.ice.stun.StunSocket$2.invokeSuspend(StunSocket.kt:116) ~[Essential%20(forge_1.19.2).jar%23495!/:?]
	at kotlin.coroutines.jvm.internal.BaseContinuationImpl.resumeWith(ContinuationImpl.kt:34) ~[kff-updated-kotlin-9899447243076168489-3.6.0-slim.jar%23494!/:3.6.0]
	at kotlinx.coroutines.DispatchedTask.run(DispatchedTask.kt:100) ~[kff-updated-kotlin-9899447243076168489-3.6.0-slim.jar%23494!/:3.6.0]
	at kotlinx.coroutines.internal.LimitedDispatcher$Worker.run(LimitedDispatcher.kt:124) ~[kff-updated-kotlin-9899447243076168489-3.6.0-slim.jar%23494!/:3.6.0]
	at kotlinx.coroutines.scheduling.TaskImpl.run(Tasks.kt:89) ~[kff-updated-kotlin-9899447243076168489-3.6.0-slim.jar%23494!/:3.6.0]
	at kotlinx.coroutines.scheduling.CoroutineScheduler.runSafely(CoroutineScheduler.kt:586) ~[kff-updated-kotlin-9899447243076168489-3.6.0-slim.jar%23494!/:3.6.0]
	at kotlinx.coroutines.scheduling.CoroutineScheduler$Worker.executeTask(CoroutineScheduler.kt:820) ~[kff-updated-kotlin-9899447243076168489-3.6.0-slim.jar%23494!/:3.6.0]
	at kotlinx.coroutines.scheduling.CoroutineScheduler$Worker.runWorker(CoroutineScheduler.kt:717) ~[kff-updated-kotlin-9899447243076168489-3.6.0-slim.jar%23494!/:3.6.0]
	at kotlinx.coroutines.scheduling.CoroutineScheduler$Worker.run(CoroutineScheduler.kt:704) ~[kff-updated-kotlin-9899447243076168489-3.6.0-slim.jar%23494!/:3.6.0]
[23:20:47] [DefaultDispatcher-worker-4/ERROR]: [6] [fe80:0:0:0:ee24:8a09:283e:7cf9%net9:60756] Failed to send java.net.DatagramPacket@6bb4204b to /[fe80:0:0:0:9730:ea5:aa20:7b5f]:58048
java.net.SocketException: Invalid argument: no further information
	at sun.nio.ch.DatagramChannelImpl.send0(Native Method) ~[?:?]
	at sun.nio.ch.DatagramChannelImpl.sendFromNativeBuffer(Unknown Source) ~[?:?]
	at sun.nio.ch.DatagramChannelImpl.send(Unknown Source) ~[?:?]
	at sun.nio.ch.DatagramChannelImpl.send(Unknown Source) ~[?:?]
	at sun.nio.ch.DatagramChannelImpl.blockingSend(Unknown Source) ~[?:?]
	at sun.nio.ch.DatagramSocketAdaptor.send(Unknown Source) ~[?:?]
	at java.net.DatagramSocket.send(Unknown Source) ~[?:?]
	at gg.essential.ice.stun.StunSocket$2.invokeSuspend(StunSocket.kt:116) ~[Essential%20(forge_1.19.2).jar%23495!/:?]
	at kotlin.coroutines.jvm.internal.BaseContinuationImpl.resumeWith(ContinuationImpl.kt:34) ~[kff-updated-kotlin-9899447243076168489-3.6.0-slim.jar%23494!/:3.6.0]
	at kotlinx.coroutines.DispatchedTask.run(DispatchedTask.kt:100) ~[kff-updated-kotlin-9899447243076168489-3.6.0-slim.jar%23494!/:3.6.0]
	at kotlinx.coroutines.internal.LimitedDispatcher$Worker.run(LimitedDispatcher.kt:124) ~[kff-updated-kotlin-9899447243076168489-3.6.0-slim.jar%23494!/:3.6.0]
	at kotlinx.coroutines.scheduling.TaskImpl.run(Tasks.kt:89) ~[kff-updated-kotlin-9899447243076168489-3.6.0-slim.jar%23494!/:3.6.0]
	at kotlinx.coroutines.scheduling.CoroutineScheduler.runSafely(CoroutineScheduler.kt:586) ~[kff-updated-kotlin-9899447243076168489-3.6.0-slim.jar%23494!/:3.6.0]
	at kotlinx.coroutines.scheduling.CoroutineScheduler$Worker.executeTask(CoroutineScheduler.kt:820) ~[kff-updated-kotlin-9899447243076168489-3.6.0-slim.jar%23494!/:3.6.0]
	at kotlinx.coroutines.scheduling.CoroutineScheduler$Worker.runWorker(CoroutineScheduler.kt:717) ~[kff-updated-kotlin-9899447243076168489-3.6.0-slim.jar%23494!/:3.6.0]
	at kotlinx.coroutines.scheduling.CoroutineScheduler$Worker.run(CoroutineScheduler.kt:704) ~[kff-updated-kotlin-9899447243076168489-3.6.0-slim.jar%23494!/:3.6.0]
[23:20:47] [DefaultDispatcher-worker-24/ERROR]: [6] [fe80:0:0:0:ee24:8a09:283e:7cf9%net9:60756] Failed to send java.net.DatagramPacket@2938be14 to /[fe80:0:0:0:b32c:1eed:5c4f:41a9]:58051
java.net.SocketException: Invalid argument: no further information
	at sun.nio.ch.DatagramChannelImpl.send0(Native Method) ~[?:?]
	at sun.nio.ch.DatagramChannelImpl.sendFromNativeBuffer(Unknown Source) ~[?:?]
	at sun.nio.ch.DatagramChannelImpl.send(Unknown Source) ~[?:?]
	at sun.nio.ch.DatagramChannelImpl.send(Unknown Source) ~[?:?]
	at sun.nio.ch.DatagramChannelImpl.blockingSend(Unknown Source) ~[?:?]
	at sun.nio.ch.DatagramSocketAdaptor.send(Unknown Source) ~[?:?]
	at java.net.DatagramSocket.send(Unknown Source) ~[?:?]
	at gg.essential.ice.stun.StunSocket$2.invokeSuspend(StunSocket.kt:116) ~[Essential%20(forge_1.19.2).jar%23495!/:?]
	at kotlin.coroutines.jvm.internal.BaseContinuationImpl.resumeWith(ContinuationImpl.kt:34) ~[kff-updated-kotlin-9899447243076168489-3.6.0-slim.jar%23494!/:3.6.0]
	at kotlinx.coroutines.DispatchedTask.run(DispatchedTask.kt:100) ~[kff-updated-kotlin-9899447243076168489-3.6.0-slim.jar%23494!/:3.6.0]
	at kotlinx.coroutines.internal.LimitedDispatcher$Worker.run(LimitedDispatcher.kt:124) ~[kff-updated-kotlin-9899447243076168489-3.6.0-slim.jar%23494!/:3.6.0]
	at kotlinx.coroutines.scheduling.TaskImpl.run(Tasks.kt:89) ~[kff-updated-kotlin-9899447243076168489-3.6.0-slim.jar%23494!/:3.6.0]
	at kotlinx.coroutines.scheduling.CoroutineScheduler.runSafely(CoroutineScheduler.kt:586) ~[kff-updated-kotlin-9899447243076168489-3.6.0-slim.jar%23494!/:3.6.0]
	at kotlinx.coroutines.scheduling.CoroutineScheduler$Worker.executeTask(CoroutineScheduler.kt:820) ~[kff-updated-kotlin-9899447243076168489-3.6.0-slim.jar%23494!/:3.6.0]
	at kotlinx.coroutines.scheduling.CoroutineScheduler$Worker.runWorker(CoroutineScheduler.kt:717) ~[kff-updated-kotlin-9899447243076168489-3.6.0-slim.jar%23494!/:3.6.0]
	at kotlinx.coroutines.scheduling.CoroutineScheduler$Worker.run(CoroutineScheduler.kt:704) ~[kff-updated-kotlin-9899447243076168489-3.6.0-slim.jar%23494!/:3.6.0]
[23:20:47] [DefaultDispatcher-worker-24/ERROR]: [6] [fe80:0:0:0:ee24:8a09:283e:7cf9%net9:60756] Failed to send java.net.DatagramPacket@4974a641 to /[fe80:0:0:0:24cb:1bcd:a8f2:36ac]:58054
java.net.SocketException: Invalid argument: no further information
	at sun.nio.ch.DatagramChannelImpl.send0(Native Method) ~[?:?]
	at sun.nio.ch.DatagramChannelImpl.sendFromNativeBuffer(Unknown Source) ~[?:?]
	at sun.nio.ch.DatagramChannelImpl.send(Unknown Source) ~[?:?]
	at sun.nio.ch.DatagramChannelImpl.send(Unknown Source) ~[?:?]
	at sun.nio.ch.DatagramChannelImpl.blockingSend(Unknown Source) ~[?:?]
	at sun.nio.ch.DatagramSocketAdaptor.send(Unknown Source) ~[?:?]
	at java.net.DatagramSocket.send(Unknown Source) ~[?:?]
	at gg.essential.ice.stun.StunSocket$2.invokeSuspend(StunSocket.kt:116) ~[Essential%20(forge_1.19.2).jar%23495!/:?]
	at kotlin.coroutines.jvm.internal.BaseContinuationImpl.resumeWith(ContinuationImpl.kt:34) ~[kff-updated-kotlin-9899447243076168489-3.6.0-slim.jar%23494!/:3.6.0]
	at kotlinx.coroutines.DispatchedTask.run(DispatchedTask.kt:100) ~[kff-updated-kotlin-9899447243076168489-3.6.0-slim.jar%23494!/:3.6.0]
	at kotlinx.coroutines.internal.LimitedDispatcher$Worker.run(LimitedDispatcher.kt:124) ~[kff-updated-kotlin-9899447243076168489-3.6.0-slim.jar%23494!/:3.6.0]
	at kotlinx.coroutines.scheduling.TaskImpl.run(Tasks.kt:89) ~[kff-updated-kotlin-9899447243076168489-3.6.0-slim.jar%23494!/:3.6.0]
	at kotlinx.coroutines.scheduling.CoroutineScheduler.runSafely(CoroutineScheduler.kt:586) ~[kff-updated-kotlin-9899447243076168489-3.6.0-slim.jar%23494!/:3.6.0]
	at kotlinx.coroutines.scheduling.CoroutineScheduler$Worker.executeTask(CoroutineScheduler.kt:820) ~[kff-updated-kotlin-9899447243076168489-3.6.0-slim.jar%23494!/:3.6.0]
	at kotlinx.coroutines.scheduling.CoroutineScheduler$Worker.runWorker(CoroutineScheduler.kt:717) ~[kff-updated-kotlin-9899447243076168489-3.6.0-slim.jar%23494!/:3.6.0]
	at kotlinx.coroutines.scheduling.CoroutineScheduler$Worker.run(CoroutineScheduler.kt:704) ~[kff-updated-kotlin-9899447243076168489-3.6.0-slim.jar%23494!/:3.6.0]
[23:20:48] [DefaultDispatcher-worker-10/ERROR]: [6] [fe80:0:0:0:ee24:8a09:283e:7cf9%net9:60756] Failed to send java.net.DatagramPacket@24275979 to /[fe80:0:0:0:9730:ea5:aa20:7b5f]:58048
java.net.SocketException: Invalid argument: no further information
	at sun.nio.ch.DatagramChannelImpl.send0(Native Method) ~[?:?]
	at sun.nio.ch.DatagramChannelImpl.sendFromNativeBuffer(Unknown Source) ~[?:?]
	at sun.nio.ch.DatagramChannelImpl.send(Unknown Source) ~[?:?]
	at sun.nio.ch.DatagramChannelImpl.send(Unknown Source) ~[?:?]
	at sun.nio.ch.DatagramChannelImpl.blockingSend(Unknown Source) ~[?:?]
	at sun.nio.ch.DatagramSocketAdaptor.send(Unknown Source) ~[?:?]
	at java.net.DatagramSocket.send(Unknown Source) ~[?:?]
	at gg.essential.ice.stun.StunSocket$2.invokeSuspend(StunSocket.kt:116) ~[Essential%20(forge_1.19.2).jar%23495!/:?]
	at kotlin.coroutines.jvm.internal.BaseContinuationImpl.resumeWith(ContinuationImpl.kt:34) ~[kff-updated-kotlin-9899447243076168489-3.6.0-slim.jar%23494!/:3.6.0]
	at kotlinx.coroutines.DispatchedTask.run(DispatchedTask.kt:100) ~[kff-updated-kotlin-9899447243076168489-3.6.0-slim.jar%23494!/:3.6.0]
	at kotlinx.coroutines.internal.LimitedDispatcher$Worker.run(LimitedDispatcher.kt:124) ~[kff-updated-kotlin-9899447243076168489-3.6.0-slim.jar%23494!/:3.6.0]
	at kotlinx.coroutines.scheduling.TaskImpl.run(Tasks.kt:89) ~[kff-updated-kotlin-9899447243076168489-3.6.0-slim.jar%23494!/:3.6.0]
	at kotlinx.coroutines.scheduling.CoroutineScheduler.runSafely(CoroutineScheduler.kt:586) ~[kff-updated-kotlin-9899447243076168489-3.6.0-slim.jar%23494!/:3.6.0]
	at kotlinx.coroutines.scheduling.CoroutineScheduler$Worker.executeTask(CoroutineScheduler.kt:820) ~[kff-updated-kotlin-9899447243076168489-3.6.0-slim.jar%23494!/:3.6.0]
	at kotlinx.coroutines.scheduling.CoroutineScheduler$Worker.runWorker(CoroutineScheduler.kt:717) ~[kff-updated-kotlin-9899447243076168489-3.6.0-slim.jar%23494!/:3.6.0]
	at kotlinx.coroutines.scheduling.CoroutineScheduler$Worker.run(CoroutineScheduler.kt:704) ~[kff-updated-kotlin-9899447243076168489-3.6.0-slim.jar%23494!/:3.6.0]
[23:20:48] [DefaultDispatcher-worker-12/ERROR]: [6] [fe80:0:0:0:ee24:8a09:283e:7cf9%net9:60756] Failed to send java.net.DatagramPacket@373baf45 to /[fe80:0:0:0:b32c:1eed:5c4f:41a9]:58051
java.net.SocketException: Invalid argument: no further information
	at sun.nio.ch.DatagramChannelImpl.send0(Native Method) ~[?:?]
	at sun.nio.ch.DatagramChannelImpl.sendFromNativeBuffer(Unknown Source) ~[?:?]
	at sun.nio.ch.DatagramChannelImpl.send(Unknown Source) ~[?:?]
	at sun.nio.ch.DatagramChannelImpl.send(Unknown Source) ~[?:?]
	at sun.nio.ch.DatagramChannelImpl.blockingSend(Unknown Source) ~[?:?]
	at sun.nio.ch.DatagramSocketAdaptor.send(Unknown Source) ~[?:?]
	at java.net.DatagramSocket.send(Unknown Source) ~[?:?]
	at gg.essential.ice.stun.StunSocket$2.invokeSuspend(StunSocket.kt:116) ~[Essential%20(forge_1.19.2).jar%23495!/:?]
	at kotlin.coroutines.jvm.internal.BaseContinuationImpl.resumeWith(ContinuationImpl.kt:34) ~[kff-updated-kotlin-9899447243076168489-3.6.0-slim.jar%23494!/:3.6.0]
	at kotlinx.coroutines.DispatchedTask.run(DispatchedTask.kt:100) ~[kff-updated-kotlin-9899447243076168489-3.6.0-slim.jar%23494!/:3.6.0]
	at kotlinx.coroutines.internal.LimitedDispatcher$Worker.run(LimitedDispatcher.kt:124) ~[kff-updated-kotlin-9899447243076168489-3.6.0-slim.jar%23494!/:3.6.0]
	at kotlinx.coroutines.scheduling.TaskImpl.run(Tasks.kt:89) ~[kff-updated-kotlin-9899447243076168489-3.6.0-slim.jar%23494!/:3.6.0]
	at kotlinx.coroutines.scheduling.CoroutineScheduler.runSafely(CoroutineScheduler.kt:586) ~[kff-updated-kotlin-9899447243076168489-3.6.0-slim.jar%23494!/:3.6.0]
	at kotlinx.coroutines.scheduling.CoroutineScheduler$Worker.executeTask(CoroutineScheduler.kt:820) ~[kff-updated-kotlin-9899447243076168489-3.6.0-slim.jar%23494!/:3.6.0]
	at kotlinx.coroutines.scheduling.CoroutineScheduler$Worker.runWorker(CoroutineScheduler.kt:717) ~[kff-updated-kotlin-9899447243076168489-3.6.0-slim.jar%23494!/:3.6.0]
	at kotlinx.coroutines.scheduling.CoroutineScheduler$Worker.run(CoroutineScheduler.kt:704) ~[kff-updated-kotlin-9899447243076168489-3.6.0-slim.jar%23494!/:3.6.0]
[23:20:48] [DefaultDispatcher-worker-22/ERROR]: [6] [fe80:0:0:0:ee24:8a09:283e:7cf9%net9:60756] Failed to send java.net.DatagramPacket@2f9815f1 to /[fe80:0:0:0:24cb:1bcd:a8f2:36ac]:58054
java.net.SocketException: Invalid argument: no further information
	at sun.nio.ch.DatagramChannelImpl.send0(Native Method) ~[?:?]
	at sun.nio.ch.DatagramChannelImpl.sendFromNativeBuffer(Unknown Source) ~[?:?]
	at sun.nio.ch.DatagramChannelImpl.send(Unknown Source) ~[?:?]
	at sun.nio.ch.DatagramChannelImpl.send(Unknown Source) ~[?:?]
	at sun.nio.ch.DatagramChannelImpl.blockingSend(Unknown Source) ~[?:?]
	at sun.nio.ch.DatagramSocketAdaptor.send(Unknown Source) ~[?:?]
	at java.net.DatagramSocket.send(Unknown Source) ~[?:?]
	at gg.essential.ice.stun.StunSocket$2.invokeSuspend(StunSocket.kt:116) ~[Essential%20(forge_1.19.2).jar%23495!/:?]
	at kotlin.coroutines.jvm.internal.BaseContinuationImpl.resumeWith(ContinuationImpl.kt:34) ~[kff-updated-kotlin-9899447243076168489-3.6.0-slim.jar%23494!/:3.6.0]
	at kotlinx.coroutines.DispatchedTask.run(DispatchedTask.kt:100) ~[kff-updated-kotlin-9899447243076168489-3.6.0-slim.jar%23494!/:3.6.0]
	at kotlinx.coroutines.internal.LimitedDispatcher$Worker.run(LimitedDispatcher.kt:124) ~[kff-updated-kotlin-9899447243076168489-3.6.0-slim.jar%23494!/:3.6.0]
	at kotlinx.coroutines.scheduling.TaskImpl.run(Tasks.kt:89) ~[kff-updated-kotlin-9899447243076168489-3.6.0-slim.jar%23494!/:3.6.0]
	at kotlinx.coroutines.scheduling.CoroutineScheduler.runSafely(CoroutineScheduler.kt:586) ~[kff-updated-kotlin-9899447243076168489-3.6.0-slim.jar%23494!/:3.6.0]
	at kotlinx.coroutines.scheduling.CoroutineScheduler$Worker.executeTask(CoroutineScheduler.kt:820) ~[kff-updated-kotlin-9899447243076168489-3.6.0-slim.jar%23494!/:3.6.0]
	at kotlinx.coroutines.scheduling.CoroutineScheduler$Worker.runWorker(CoroutineScheduler.kt:717) ~[kff-updated-kotlin-9899447243076168489-3.6.0-slim.jar%23494!/:3.6.0]
	at kotlinx.coroutines.scheduling.CoroutineScheduler$Worker.run(CoroutineScheduler.kt:704) ~[kff-updated-kotlin-9899447243076168489-3.6.0-slim.jar%23494!/:3.6.0]
[23:20:48] [User Authenticator #3/INFO]: UUID of player _Mononoke is 6efa41f7-1c6f-47a5-95f2-f0fcdac77641
[23:20:50] [DefaultDispatcher-worker-10/ERROR]: [6] [fe80:0:0:0:ee24:8a09:283e:7cf9%net9:60756] Failed to send java.net.DatagramPacket@5b230dbb to /[fe80:0:0:0:9730:ea5:aa20:7b5f]:58048
java.net.SocketException: Invalid argument: no further information
	at sun.nio.ch.DatagramChannelImpl.send0(Native Method) ~[?:?]
	at sun.nio.ch.DatagramChannelImpl.sendFromNativeBuffer(Unknown Source) ~[?:?]
	at sun.nio.ch.DatagramChannelImpl.send(Unknown Source) ~[?:?]
	at sun.nio.ch.DatagramChannelImpl.send(Unknown Source) ~[?:?]
	at sun.nio.ch.DatagramChannelImpl.blockingSend(Unknown Source) ~[?:?]
	at sun.nio.ch.DatagramSocketAdaptor.send(Unknown Source) ~[?:?]
	at java.net.DatagramSocket.send(Unknown Source) ~[?:?]
	at gg.essential.ice.stun.StunSocket$2.invokeSuspend(StunSocket.kt:116) ~[Essential%20(forge_1.19.2).jar%23495!/:?]
	at kotlin.coroutines.jvm.internal.BaseContinuationImpl.resumeWith(ContinuationImpl.kt:34) ~[kff-updated-kotlin-9899447243076168489-3.6.0-slim.jar%23494!/:3.6.0]
	at kotlinx.coroutines.DispatchedTask.run(DispatchedTask.kt:100) ~[kff-updated-kotlin-9899447243076168489-3.6.0-slim.jar%23494!/:3.6.0]
	at kotlinx.coroutines.internal.LimitedDispatcher$Worker.run(LimitedDispatcher.kt:124) ~[kff-updated-kotlin-9899447243076168489-3.6.0-slim.jar%23494!/:3.6.0]
	at kotlinx.coroutines.scheduling.TaskImpl.run(Tasks.kt:89) ~[kff-updated-kotlin-9899447243076168489-3.6.0-slim.jar%23494!/:3.6.0]
	at kotlinx.coroutines.scheduling.CoroutineScheduler.runSafely(CoroutineScheduler.kt:586) ~[kff-updated-kotlin-9899447243076168489-3.6.0-slim.jar%23494!/:3.6.0]
	at kotlinx.coroutines.scheduling.CoroutineScheduler$Worker.executeTask(CoroutineScheduler.kt:820) ~[kff-updated-kotlin-9899447243076168489-3.6.0-slim.jar%23494!/:3.6.0]
	at kotlinx.coroutines.scheduling.CoroutineScheduler$Worker.runWorker(CoroutineScheduler.kt:717) ~[kff-updated-kotlin-9899447243076168489-3.6.0-slim.jar%23494!/:3.6.0]
	at kotlinx.coroutines.scheduling.CoroutineScheduler$Worker.run(CoroutineScheduler.kt:704) ~[kff-updated-kotlin-9899447243076168489-3.6.0-slim.jar%23494!/:3.6.0]
[23:20:50] [DefaultDispatcher-worker-31/ERROR]: [6] [fe80:0:0:0:ee24:8a09:283e:7cf9%net9:60756] Failed to send java.net.DatagramPacket@7bfc35e3 to /[fe80:0:0:0:b32c:1eed:5c4f:41a9]:58051
java.net.SocketException: Invalid argument: no further information
	at sun.nio.ch.DatagramChannelImpl.send0(Native Method) ~[?:?]
	at sun.nio.ch.DatagramChannelImpl.sendFromNativeBuffer(Unknown Source) ~[?:?]
	at sun.nio.ch.DatagramChannelImpl.send(Unknown Source) ~[?:?]
	at sun.nio.ch.DatagramChannelImpl.send(Unknown Source) ~[?:?]
	at sun.nio.ch.DatagramChannelImpl.blockingSend(Unknown Source) ~[?:?]
	at sun.nio.ch.DatagramSocketAdaptor.send(Unknown Source) ~[?:?]
	at java.net.DatagramSocket.send(Unknown Source) ~[?:?]
	at gg.essential.ice.stun.StunSocket$2.invokeSuspend(StunSocket.kt:116) ~[Essential%20(forge_1.19.2).jar%23495!/:?]
	at kotlin.coroutines.jvm.internal.BaseContinuationImpl.resumeWith(ContinuationImpl.kt:34) ~[kff-updated-kotlin-9899447243076168489-3.6.0-slim.jar%23494!/:3.6.0]
	at kotlinx.coroutines.DispatchedTask.run(DispatchedTask.kt:100) ~[kff-updated-kotlin-9899447243076168489-3.6.0-slim.jar%23494!/:3.6.0]
	at kotlinx.coroutines.internal.LimitedDispatcher$Worker.run(LimitedDispatcher.kt:124) ~[kff-updated-kotlin-9899447243076168489-3.6.0-slim.jar%23494!/:3.6.0]
	at kotlinx.coroutines.scheduling.TaskImpl.run(Tasks.kt:89) ~[kff-updated-kotlin-9899447243076168489-3.6.0-slim.jar%23494!/:3.6.0]
	at kotlinx.coroutines.scheduling.CoroutineScheduler.runSafely(CoroutineScheduler.kt:586) ~[kff-updated-kotlin-9899447243076168489-3.6.0-slim.jar%23494!/:3.6.0]
	at kotlinx.coroutines.scheduling.CoroutineScheduler$Worker.executeTask(CoroutineScheduler.kt:820) ~[kff-updated-kotlin-9899447243076168489-3.6.0-slim.jar%23494!/:3.6.0]
	at kotlinx.coroutines.scheduling.CoroutineScheduler$Worker.runWorker(CoroutineScheduler.kt:717) ~[kff-updated-kotlin-9899447243076168489-3.6.0-slim.jar%23494!/:3.6.0]
	at kotlinx.coroutines.scheduling.CoroutineScheduler$Worker.run(CoroutineScheduler.kt:704) ~[kff-updated-kotlin-9899447243076168489-3.6.0-slim.jar%23494!/:3.6.0]
[23:20:50] [DefaultDispatcher-worker-9/ERROR]: [6] [fe80:0:0:0:ee24:8a09:283e:7cf9%net9:60756] Failed to send java.net.DatagramPacket@8f718d4 to /[fe80:0:0:0:24cb:1bcd:a8f2:36ac]:58054
java.net.SocketException: Invalid argument: no further information
	at sun.nio.ch.DatagramChannelImpl.send0(Native Method) ~[?:?]
	at sun.nio.ch.DatagramChannelImpl.sendFromNativeBuffer(Unknown Source) ~[?:?]
	at sun.nio.ch.DatagramChannelImpl.send(Unknown Source) ~[?:?]
	at sun.nio.ch.DatagramChannelImpl.send(Unknown Source) ~[?:?]
	at sun.nio.ch.DatagramChannelImpl.blockingSend(Unknown Source) ~[?:?]
	at sun.nio.ch.DatagramSocketAdaptor.send(Unknown Source) ~[?:?]
	at java.net.DatagramSocket.send(Unknown Source) ~[?:?]
	at gg.essential.ice.stun.StunSocket$2.invokeSuspend(StunSocket.kt:116) ~[Essential%20(forge_1.19.2).jar%23495!/:?]
	at kotlin.coroutines.jvm.internal.BaseContinuationImpl.resumeWith(ContinuationImpl.kt:34) ~[kff-updated-kotlin-9899447243076168489-3.6.0-slim.jar%23494!/:3.6.0]
	at kotlinx.coroutines.DispatchedTask.run(DispatchedTask.kt:100) ~[kff-updated-kotlin-9899447243076168489-3.6.0-slim.jar%23494!/:3.6.0]
	at kotlinx.coroutines.internal.LimitedDispatcher$Worker.run(LimitedDispatcher.kt:124) ~[kff-updated-kotlin-9899447243076168489-3.6.0-slim.jar%23494!/:3.6.0]
	at kotlinx.coroutines.scheduling.TaskImpl.run(Tasks.kt:89) ~[kff-updated-kotlin-9899447243076168489-3.6.0-slim.jar%23494!/:3.6.0]
	at kotlinx.coroutines.scheduling.CoroutineScheduler.runSafely(CoroutineScheduler.kt:586) ~[kff-updated-kotlin-9899447243076168489-3.6.0-slim.jar%23494!/:3.6.0]
	at kotlinx.coroutines.scheduling.CoroutineScheduler$Worker.executeTask(CoroutineScheduler.kt:820) ~[kff-updated-kotlin-9899447243076168489-3.6.0-slim.jar%23494!/:3.6.0]
	at kotlinx.coroutines.scheduling.CoroutineScheduler$Worker.runWorker(CoroutineScheduler.kt:717) ~[kff-updated-kotlin-9899447243076168489-3.6.0-slim.jar%23494!/:3.6.0]
	at kotlinx.coroutines.scheduling.CoroutineScheduler$Worker.run(CoroutineScheduler.kt:704) ~[kff-updated-kotlin-9899447243076168489-3.6.0-slim.jar%23494!/:3.6.0]
[23:20:50] [Server thread/INFO]: Using new advancement loading for net.minecraft.server.PlayerAdvancements@7bed93ef
[23:20:50] [Server thread/INFO]: _Mononoke[local:E:81e2e55f] logged in with entity id 58668 at (-237.41496110235636, 63.0, 22.003894068179704)
[23:20:50] [Server thread/INFO]: _Mononoke joined the game
[23:20:50] [Render thread/INFO]: [System] [CHAT] _Mononoke joined the game
[23:20:50] [Server thread/INFO]: Player connected to a local world, not setting up proxy config
[23:20:54] [Server thread/INFO]: [voicechat] Received secret request of _Mononoke (20)
[23:20:54] [Server thread/INFO]: [voicechat] Sent secret to _Mononoke
[23:20:54] [DefaultDispatcher-worker-25/ERROR]: [6] [fe80:0:0:0:ee24:8a09:283e:7cf9%net9:60756] Failed to send java.net.DatagramPacket@2ec3f31c to /[fe80:0:0:0:9730:ea5:aa20:7b5f]:58048
java.net.SocketException: Invalid argument: no further information
	at sun.nio.ch.DatagramChannelImpl.send0(Native Method) ~[?:?]
	at sun.nio.ch.DatagramChannelImpl.sendFromNativeBuffer(Unknown Source) ~[?:?]
	at sun.nio.ch.DatagramChannelImpl.send(Unknown Source) ~[?:?]
	at sun.nio.ch.DatagramChannelImpl.send(Unknown Source) ~[?:?]
	at sun.nio.ch.DatagramChannelImpl.blockingSend(Unknown Source) ~[?:?]
	at sun.nio.ch.DatagramSocketAdaptor.send(Unknown Source) ~[?:?]
	at java.net.DatagramSocket.send(Unknown Source) ~[?:?]
	at gg.essential.ice.stun.StunSocket$2.invokeSuspend(StunSocket.kt:116) ~[Essential%20(forge_1.19.2).jar%23495!/:?]
	at kotlin.coroutines.jvm.internal.BaseContinuationImpl.resumeWith(ContinuationImpl.kt:34) ~[kff-updated-kotlin-9899447243076168489-3.6.0-slim.jar%23494!/:3.6.0]
	at kotlinx.coroutines.DispatchedTask.run(DispatchedTask.kt:100) ~[kff-updated-kotlin-9899447243076168489-3.6.0-slim.jar%23494!/:3.6.0]
	at kotlinx.coroutines.internal.LimitedDispatcher$Worker.run(LimitedDispatcher.kt:124) ~[kff-updated-kotlin-9899447243076168489-3.6.0-slim.jar%23494!/:3.6.0]
	at kotlinx.coroutines.scheduling.TaskImpl.run(Tasks.kt:89) ~[kff-updated-kotlin-9899447243076168489-3.6.0-slim.jar%23494!/:3.6.0]
	at kotlinx.coroutines.scheduling.CoroutineScheduler.runSafely(CoroutineScheduler.kt:586) ~[kff-updated-kotlin-9899447243076168489-3.6.0-slim.jar%23494!/:3.6.0]
	at kotlinx.coroutines.scheduling.CoroutineScheduler$Worker.executeTask(CoroutineScheduler.kt:820) ~[kff-updated-kotlin-9899447243076168489-3.6.0-slim.jar%23494!/:3.6.0]
	at kotlinx.coroutines.scheduling.CoroutineScheduler$Worker.runWorker(CoroutineScheduler.kt:717) ~[kff-updated-kotlin-9899447243076168489-3.6.0-slim.jar%23494!/:3.6.0]
	at kotlinx.coroutines.scheduling.CoroutineScheduler$Worker.run(CoroutineScheduler.kt:704) ~[kff-updated-kotlin-9899447243076168489-3.6.0-slim.jar%23494!/:3.6.0]
[23:20:54] [Server thread/INFO]: Limitation of 6efa41f7-1c6f-47a5-95f2-f0fcdac77641 was loaded
[23:20:54] [Server thread/INFO]: Sent Server Limitation of [_Mononoke]
[23:20:54] [Server thread/INFO]: Received Client Information of [_Mononoke]
[23:20:54] [DefaultDispatcher-worker-29/ERROR]: [6] [fe80:0:0:0:ee24:8a09:283e:7cf9%net9:60756] Failed to send java.net.DatagramPacket@62179a7c to /[fe80:0:0:0:b32c:1eed:5c4f:41a9]:58051
java.net.SocketException: Invalid argument: no further information
	at sun.nio.ch.DatagramChannelImpl.send0(Native Method) ~[?:?]
	at sun.nio.ch.DatagramChannelImpl.sendFromNativeBuffer(Unknown Source) ~[?:?]
	at sun.nio.ch.DatagramChannelImpl.send(Unknown Source) ~[?:?]
	at sun.nio.ch.DatagramChannelImpl.send(Unknown Source) ~[?:?]
	at sun.nio.ch.DatagramChannelImpl.blockingSend(Unknown Source) ~[?:?]
	at sun.nio.ch.DatagramSocketAdaptor.send(Unknown Source) ~[?:?]
	at java.net.DatagramSocket.send(Unknown Source) ~[?:?]
	at gg.essential.ice.stun.StunSocket$2.invokeSuspend(StunSocket.kt:116) ~[Essential%20(forge_1.19.2).jar%23495!/:?]
	at kotlin.coroutines.jvm.internal.BaseContinuationImpl.resumeWith(ContinuationImpl.kt:34) ~[kff-updated-kotlin-9899447243076168489-3.6.0-slim.jar%23494!/:3.6.0]
	at kotlinx.coroutines.DispatchedTask.run(DispatchedTask.kt:100) ~[kff-updated-kotlin-9899447243076168489-3.6.0-slim.jar%23494!/:3.6.0]
	at kotlinx.coroutines.internal.LimitedDispatcher$Worker.run(LimitedDispatcher.kt:124) ~[kff-updated-kotlin-9899447243076168489-3.6.0-slim.jar%23494!/:3.6.0]
	at kotlinx.coroutines.scheduling.TaskImpl.run(Tasks.kt:89) ~[kff-updated-kotlin-9899447243076168489-3.6.0-slim.jar%23494!/:3.6.0]
	at kotlinx.coroutines.scheduling.CoroutineScheduler.runSafely(CoroutineScheduler.kt:586) ~[kff-updated-kotlin-9899447243076168489-3.6.0-slim.jar%23494!/:3.6.0]
	at kotlinx.coroutines.scheduling.CoroutineScheduler$Worker.executeTask(CoroutineScheduler.kt:820) ~[kff-updated-kotlin-9899447243076168489-3.6.0-slim.jar%23494!/:3.6.0]
	at kotlinx.coroutines.scheduling.CoroutineScheduler$Worker.runWorker(CoroutineScheduler.kt:717) ~[kff-updated-kotlin-9899447243076168489-3.6.0-slim.jar%23494!/:3.6.0]
	at kotlinx.coroutines.scheduling.CoroutineScheduler$Worker.run(CoroutineScheduler.kt:704) ~[kff-updated-kotlin-9899447243076168489-3.6.0-slim.jar%23494!/:3.6.0]
[23:20:54] [DefaultDispatcher-worker-4/ERROR]: [6] [fe80:0:0:0:ee24:8a09:283e:7cf9%net9:60756] Failed to send java.net.DatagramPacket@4b3d982c to /[fe80:0:0:0:24cb:1bcd:a8f2:36ac]:58054
java.net.SocketException: Invalid argument: no further information
	at sun.nio.ch.DatagramChannelImpl.send0(Native Method) ~[?:?]
	at sun.nio.ch.DatagramChannelImpl.sendFromNativeBuffer(Unknown Source) ~[?:?]
	at sun.nio.ch.DatagramChannelImpl.send(Unknown Source) ~[?:?]
	at sun.nio.ch.DatagramChannelImpl.send(Unknown Source) ~[?:?]
	at sun.nio.ch.DatagramChannelImpl.blockingSend(Unknown Source) ~[?:?]
	at sun.nio.ch.DatagramSocketAdaptor.send(Unknown Source) ~[?:?]
	at java.net.DatagramSocket.send(Unknown Source) ~[?:?]
	at gg.essential.ice.stun.StunSocket$2.invokeSuspend(StunSocket.kt:116) ~[Essential%20(forge_1.19.2).jar%23495!/:?]
	at kotlin.coroutines.jvm.internal.BaseContinuationImpl.resumeWith(ContinuationImpl.kt:34) ~[kff-updated-kotlin-9899447243076168489-3.6.0-slim.jar%23494!/:3.6.0]
	at kotlinx.coroutines.DispatchedTask.run(DispatchedTask.kt:100) ~[kff-updated-kotlin-9899447243076168489-3.6.0-slim.jar%23494!/:3.6.0]
	at kotlinx.coroutines.internal.LimitedDispatcher$Worker.run(LimitedDispatcher.kt:124) ~[kff-updated-kotlin-9899447243076168489-3.6.0-slim.jar%23494!/:3.6.0]
	at kotlinx.coroutines.scheduling.TaskImpl.run(Tasks.kt:89) ~[kff-updated-kotlin-9899447243076168489-3.6.0-slim.jar%23494!/:3.6.0]
	at kotlinx.coroutines.scheduling.CoroutineScheduler.runSafely(CoroutineScheduler.kt:586) ~[kff-updated-kotlin-9899447243076168489-3.6.0-slim.jar%23494!/:3.6.0]
	at kotlinx.coroutines.scheduling.CoroutineScheduler$Worker.executeTask(CoroutineScheduler.kt:820) ~[kff-updated-kotlin-9899447243076168489-3.6.0-slim.jar%23494!/:3.6.0]
	at kotlinx.coroutines.scheduling.CoroutineScheduler$Worker.runWorker(CoroutineScheduler.kt:717) ~[kff-updated-kotlin-9899447243076168489-3.6.0-slim.jar%23494!/:3.6.0]
	at kotlinx.coroutines.scheduling.CoroutineScheduler$Worker.run(CoroutineScheduler.kt:704) ~[kff-updated-kotlin-9899447243076168489-3.6.0-slim.jar%23494!/:3.6.0]
[23:20:56] [Server thread/INFO]: [FANCYMENU] A client with FancyMenu installed joined the server: _Mononoke
[23:20:56] [VoiceChatPacketProcessingThread/INFO]: [voicechat] Successfully authenticated player 6efa41f7-1c6f-47a5-95f2-f0fcdac77641
[23:20:57] [VoiceChatPacketProcessingThread/INFO]: [voicechat] Successfully validated connection of player 6efa41f7-1c6f-47a5-95f2-f0fcdac77641
[23:20:57] [VoiceChatPacketProcessingThread/INFO]: [voicechat] Player _Mononoke (6efa41f7-1c6f-47a5-95f2-f0fcdac77641) successfully connected to voice chat
[23:21:01] [Render thread/INFO]: [FANCYMENU] ScreenCustomizationLayer registered: death_screen
[23:21:01] [Render thread/ERROR]: Signature is missing from textures payload
[23:21:01] [Render thread/INFO]: Sent Client Information of [UniRedz]
[23:21:01] [Render thread/INFO]: Minimap updated server level id: 338279389 for world ResourceKey[minecraft:dimension / minecraft:overworld]
[23:21:01] [Server thread/INFO]: Sent Server Limitation of [UniRedz]
[23:21:01] [Server thread/INFO]: Received Client Information of [UniRedz]
[23:21:01] [Render thread/INFO]: Received Server Limitation of [UniRedz]
[23:21:02] [DefaultDispatcher-worker-19/ERROR]: [6] [fe80:0:0:0:ee24:8a09:283e:7cf9%net9:60756] Failed to send java.net.DatagramPacket@534987ed to /[fe80:0:0:0:9730:ea5:aa20:7b5f]:58048
java.net.SocketException: Invalid argument: no further information
	at sun.nio.ch.DatagramChannelImpl.send0(Native Method) ~[?:?]
	at sun.nio.ch.DatagramChannelImpl.sendFromNativeBuffer(Unknown Source) ~[?:?]
	at sun.nio.ch.DatagramChannelImpl.send(Unknown Source) ~[?:?]
	at sun.nio.ch.DatagramChannelImpl.send(Unknown Source) ~[?:?]
	at sun.nio.ch.DatagramChannelImpl.blockingSend(Unknown Source) ~[?:?]
	at sun.nio.ch.DatagramSocketAdaptor.send(Unknown Source) ~[?:?]
	at java.net.DatagramSocket.send(Unknown Source) ~[?:?]
	at gg.essential.ice.stun.StunSocket$2.invokeSuspend(StunSocket.kt:116) ~[Essential%20(forge_1.19.2).jar%23495!/:?]
	at kotlin.coroutines.jvm.internal.BaseContinuationImpl.resumeWith(ContinuationImpl.kt:34) ~[kff-updated-kotlin-9899447243076168489-3.6.0-slim.jar%23494!/:3.6.0]
	at kotlinx.coroutines.DispatchedTask.run(DispatchedTask.kt:100) ~[kff-updated-kotlin-9899447243076168489-3.6.0-slim.jar%23494!/:3.6.0]
	at kotlinx.coroutines.internal.LimitedDispatcher$Worker.run(LimitedDispatcher.kt:124) ~[kff-updated-kotlin-9899447243076168489-3.6.0-slim.jar%23494!/:3.6.0]
	at kotlinx.coroutines.scheduling.TaskImpl.run(Tasks.kt:89) ~[kff-updated-kotlin-9899447243076168489-3.6.0-slim.jar%23494!/:3.6.0]
	at kotlinx.coroutines.scheduling.CoroutineScheduler.runSafely(CoroutineScheduler.kt:586) ~[kff-updated-kotlin-9899447243076168489-3.6.0-slim.jar%23494!/:3.6.0]
	at kotlinx.coroutines.scheduling.CoroutineScheduler$Worker.executeTask(CoroutineScheduler.kt:820) ~[kff-updated-kotlin-9899447243076168489-3.6.0-slim.jar%23494!/:3.6.0]
	at kotlinx.coroutines.scheduling.CoroutineScheduler$Worker.runWorker(CoroutineScheduler.kt:717) ~[kff-updated-kotlin-9899447243076168489-3.6.0-slim.jar%23494!/:3.6.0]
	at kotlinx.coroutines.scheduling.CoroutineScheduler$Worker.run(CoroutineScheduler.kt:704) ~[kff-updated-kotlin-9899447243076168489-3.6.0-slim.jar%23494!/:3.6.0]
[23:21:02] [DefaultDispatcher-worker-3/ERROR]: [6] [fe80:0:0:0:ee24:8a09:283e:7cf9%net9:60756] Failed to send java.net.DatagramPacket@406f4755 to /[fe80:0:0:0:b32c:1eed:5c4f:41a9]:58051
java.net.SocketException: Invalid argument: no further information
	at sun.nio.ch.DatagramChannelImpl.send0(Native Method) ~[?:?]
	at sun.nio.ch.DatagramChannelImpl.sendFromNativeBuffer(Unknown Source) ~[?:?]
	at sun.nio.ch.DatagramChannelImpl.send(Unknown Source) ~[?:?]
	at sun.nio.ch.DatagramChannelImpl.send(Unknown Source) ~[?:?]
	at sun.nio.ch.DatagramChannelImpl.blockingSend(Unknown Source) ~[?:?]
	at sun.nio.ch.DatagramSocketAdaptor.send(Unknown Source) ~[?:?]
	at java.net.DatagramSocket.send(Unknown Source) ~[?:?]
	at gg.essential.ice.stun.StunSocket$2.invokeSuspend(StunSocket.kt:116) ~[Essential%20(forge_1.19.2).jar%23495!/:?]
	at kotlin.coroutines.jvm.internal.BaseContinuationImpl.resumeWith(ContinuationImpl.kt:34) ~[kff-updated-kotlin-9899447243076168489-3.6.0-slim.jar%23494!/:3.6.0]
	at kotlinx.coroutines.DispatchedTask.run(DispatchedTask.kt:100) ~[kff-updated-kotlin-9899447243076168489-3.6.0-slim.jar%23494!/:3.6.0]
	at kotlinx.coroutines.internal.LimitedDispatcher$Worker.run(LimitedDispatcher.kt:124) ~[kff-updated-kotlin-9899447243076168489-3.6.0-slim.jar%23494!/:3.6.0]
	at kotlinx.coroutines.scheduling.TaskImpl.run(Tasks.kt:89) ~[kff-updated-kotlin-9899447243076168489-3.6.0-slim.jar%23494!/:3.6.0]
	at kotlinx.coroutines.scheduling.CoroutineScheduler.runSafely(CoroutineScheduler.kt:586) ~[kff-updated-kotlin-9899447243076168489-3.6.0-slim.jar%23494!/:3.6.0]
	at kotlinx.coroutines.scheduling.CoroutineScheduler$Worker.executeTask(CoroutineScheduler.kt:820) ~[kff-updated-kotlin-9899447243076168489-3.6.0-slim.jar%23494!/:3.6.0]
	at kotlinx.coroutines.scheduling.CoroutineScheduler$Worker.runWorker(CoroutineScheduler.kt:717) ~[kff-updated-kotlin-9899447243076168489-3.6.0-slim.jar%23494!/:3.6.0]
	at kotlinx.coroutines.scheduling.CoroutineScheduler$Worker.run(CoroutineScheduler.kt:704) ~[kff-updated-kotlin-9899447243076168489-3.6.0-slim.jar%23494!/:3.6.0]
[23:21:02] [Render thread/ERROR]: Catching
java.lang.ClassCastException: class net.minecraft.client.multiplayer.ClientChunkCache cannot be cast to class net.minecraft.server.level.ServerChunkCache (net.minecraft.client.multiplayer.ClientChunkCache and net.minecraft.server.level.ServerChunkCache are in module minecraft@1.19.2 of loader 'TRANSFORMER' @7a364e1c)
	at net.minecraftforge.network.PacketDistributor.lambda$trackingEntity$6(PacketDistributor.java:227) ~[forge-1.19.2-43.5.0-universal.jar%23449!/:?]
	at net.minecraftforge.network.PacketDistributor$PacketTarget.send(PacketDistributor.java:165) ~[forge-1.19.2-43.5.0-universal.jar%23449!/:?]
	at net.minecraftforge.network.simple.SimpleChannel.send(SimpleChannel.java:107) ~[forge-1.19.2-43.5.0-universal.jar%23449!/:?]
	at com.tacz.guns.network.NetworkHandler.sendToTrackingEntity(NetworkHandler.java:157) ~[tacz-1.19.2-1.1.4-hotfix-all.jar%23417!/:1.1.4-hotfix]
	at com.tacz.guns.entity.shooter.LivingEntityDrawGun.draw(LivingEntityDrawGun.java:48) ~[tacz-1.19.2-1.1.4-hotfix-all.jar%23417!/:1.1.4-hotfix]
	at net.minecraft.world.entity.LivingEntity.initialData(LivingEntity.java:6604) ~[client-1.19.2-20220805.130853-srg.jar%23444!/:?]
	at com.tacz.guns.client.event.RefreshClonePlayerDataEvent.lambda$onClientPlayerClone$0(RefreshClonePlayerDataEvent.java:25) ~[tacz-1.19.2-1.1.4-hotfix-all.jar%23417!/:1.1.4-hotfix]
	at com.tacz.guns.util.DelayedTask.lambda$add$0(DelayedTask.java:26) ~[tacz-1.19.2-1.1.4-hotfix-all.jar%23417!/:1.1.4-hotfix]
	at java.util.Collection.removeIf(Unknown Source) ~[?:?]
	at com.tacz.guns.client.event.RefreshClonePlayerDataEvent.onClientTick(RefreshClonePlayerDataEvent.java:35) ~[tacz-1.19.2-1.1.4-hotfix-all.jar%23417!/:1.1.4-hotfix]
	at com.tacz.guns.client.event.__RefreshClonePlayerDataEvent_onClientTick_ClientTickEvent.invoke(.dynamic) ~[tacz-1.19.2-1.1.4-hotfix-all.jar%23417!/:1.1.4-hotfix]
	at net.minecraftforge.eventbus.ASMEventHandler.invoke(ASMEventHandler.java:73) ~[eventbus-6.0.3.jar%2386!/:?]
	at net.minecraftforge.eventbus.EventBus.post(EventBus.java:315) ~[eventbus-6.0.3.jar%2386!/:?]
	at net.minecraftforge.eventbus.EventBus.post(EventBus.java:296) ~[eventbus-6.0.3.jar%2386!/:?]
	at net.minecraftforge.event.ForgeEventFactory.onPreClientTick(ForgeEventFactory.java:834) ~[forge-1.19.2-43.5.0-universal.jar%23449!/:?]
	at net.minecraft.client.Minecraft.m_91398_(Minecraft.java:1718) ~[client-1.19.2-20220805.130853-srg.jar%23444!/:?]
	at net.minecraft.client.Minecraft.m_91383_(Minecraft.java:1078) ~[client-1.19.2-20220805.130853-srg.jar%23444!/:?]
	at net.minecraft.client.Minecraft.m_91374_(Minecraft.java:700) ~[client-1.19.2-20220805.130853-srg.jar%23444!/:?]
	at net.minecraft.client.main.Main.m_239872_(Main.java:212) ~[forge-43.5.0.jar:?]
	at net.minecraft.client.main.Main.main(Main.java:51) ~[forge-43.5.0.jar:?]
	at jdk.internal.reflect.NativeMethodAccessorImpl.invoke0(Native Method) ~[?:?]
	at jdk.internal.reflect.NativeMethodAccessorImpl.invoke(Unknown Source) ~[?:?]
	at jdk.internal.reflect.DelegatingMethodAccessorImpl.invoke(Unknown Source) ~[?:?]
	at java.lang.reflect.Method.invoke(Unknown Source) ~[?:?]
	at net.minecraftforge.fml.loading.targets.CommonClientLaunchHandler.lambda$launchService$0(CommonClientLaunchHandler.java:27) ~[fmlloader-1.19.2-43.5.0.jar:?]
	at cpw.mods.modlauncher.LaunchServiceHandlerDecorator.launch(LaunchServiceHandlerDecorator.java:30) ~[modlauncher-10.0.8.jar:?]
	at cpw.mods.modlauncher.LaunchServiceHandler.launch(LaunchServiceHandler.java:53) ~[modlauncher-10.0.8.jar:?]
	at cpw.mods.modlauncher.LaunchServiceHandler.launch(LaunchServiceHandler.java:71) ~[modlauncher-10.0.8.jar:?]
	at cpw.mods.modlauncher.Launcher.run(Launcher.java:106) ~[modlauncher-10.0.8.jar:?]
	at cpw.mods.modlauncher.Launcher.main(Launcher.java:77) ~[modlauncher-10.0.8.jar:?]
	at cpw.mods.modlauncher.BootstrapLaunchConsumer.accept(BootstrapLaunchConsumer.java:26) ~[modlauncher-10.0.8.jar:?]
	at cpw.mods.modlauncher.BootstrapLaunchConsumer.accept(BootstrapLaunchConsumer.java:23) ~[modlauncher-10.0.8.jar:?]
	at cpw.mods.bootstraplauncher.BootstrapLauncher.main(BootstrapLauncher.java:141) ~[bootstraplauncher-1.1.2.jar:?]
[23:21:02] [DefaultDispatcher-worker-19/ERROR]: [6] [fe80:0:0:0:ee24:8a09:283e:7cf9%net9:60756] Failed to send java.net.DatagramPacket@79e47132 to /[fe80:0:0:0:24cb:1bcd:a8f2:36ac]:58054
java.net.SocketException: Invalid argument: no further information
	at sun.nio.ch.DatagramChannelImpl.send0(Native Method) ~[?:?]
	at sun.nio.ch.DatagramChannelImpl.sendFromNativeBuffer(Unknown Source) ~[?:?]
	at sun.nio.ch.DatagramChannelImpl.send(Unknown Source) ~[?:?]
	at sun.nio.ch.DatagramChannelImpl.send(Unknown Source) ~[?:?]
	at sun.nio.ch.DatagramChannelImpl.blockingSend(Unknown Source) ~[?:?]
	at sun.nio.ch.DatagramSocketAdaptor.send(Unknown Source) ~[?:?]
	at java.net.DatagramSocket.send(Unknown Source) ~[?:?]
	at gg.essential.ice.stun.StunSocket$2.invokeSuspend(StunSocket.kt:116) ~[Essential%20(forge_1.19.2).jar%23495!/:?]
	at kotlin.coroutines.jvm.internal.BaseContinuationImpl.resumeWith(ContinuationImpl.kt:34) ~[kff-updated-kotlin-9899447243076168489-3.6.0-slim.jar%23494!/:3.6.0]
	at kotlinx.coroutines.DispatchedTask.run(DispatchedTask.kt:100) ~[kff-updated-kotlin-9899447243076168489-3.6.0-slim.jar%23494!/:3.6.0]
	at kotlinx.coroutines.internal.LimitedDispatcher$Worker.run(LimitedDispatcher.kt:124) ~[kff-updated-kotlin-9899447243076168489-3.6.0-slim.jar%23494!/:3.6.0]
	at kotlinx.coroutines.scheduling.TaskImpl.run(Tasks.kt:89) ~[kff-updated-kotlin-9899447243076168489-3.6.0-slim.jar%23494!/:3.6.0]
	at kotlinx.coroutines.scheduling.CoroutineScheduler.runSafely(CoroutineScheduler.kt:586) ~[kff-updated-kotlin-9899447243076168489-3.6.0-slim.jar%23494!/:3.6.0]
	at kotlinx.coroutines.scheduling.CoroutineScheduler$Worker.executeTask(CoroutineScheduler.kt:820) ~[kff-updated-kotlin-9899447243076168489-3.6.0-slim.jar%23494!/:3.6.0]
	at kotlinx.coroutines.scheduling.CoroutineScheduler$Worker.runWorker(CoroutineScheduler.kt:717) ~[kff-updated-kotlin-9899447243076168489-3.6.0-slim.jar%23494!/:3.6.0]
	at kotlinx.coroutines.scheduling.CoroutineScheduler$Worker.run(CoroutineScheduler.kt:704) ~[kff-updated-kotlin-9899447243076168489-3.6.0-slim.jar%23494!/:3.6.0]
[23:21:14] [Server thread/INFO]: <_Mononoke> Helloooooo <3
[23:21:14] [Render thread/INFO]: [CHAT] <_Mononoke> Helloooooo <3
[23:21:18] [DefaultDispatcher-worker-18/ERROR]: [6] [fe80:0:0:0:ee24:8a09:283e:7cf9%net9:60756] Failed to send java.net.DatagramPacket@54e7eab2 to /[fe80:0:0:0:9730:ea5:aa20:7b5f]:58048
java.net.SocketException: Invalid argument: no further information
	at sun.nio.ch.DatagramChannelImpl.send0(Native Method) ~[?:?]
	at sun.nio.ch.DatagramChannelImpl.sendFromNativeBuffer(Unknown Source) ~[?:?]
	at sun.nio.ch.DatagramChannelImpl.send(Unknown Source) ~[?:?]
	at sun.nio.ch.DatagramChannelImpl.send(Unknown Source) ~[?:?]
	at sun.nio.ch.DatagramChannelImpl.blockingSend(Unknown Source) ~[?:?]
	at sun.nio.ch.DatagramSocketAdaptor.send(Unknown Source) ~[?:?]
	at java.net.DatagramSocket.send(Unknown Source) ~[?:?]
	at gg.essential.ice.stun.StunSocket$2.invokeSuspend(StunSocket.kt:116) ~[Essential%20(forge_1.19.2).jar%23495!/:?]
	at kotlin.coroutines.jvm.internal.BaseContinuationImpl.resumeWith(ContinuationImpl.kt:34) ~[kff-updated-kotlin-9899447243076168489-3.6.0-slim.jar%23494!/:3.6.0]
	at kotlinx.coroutines.DispatchedTask.run(DispatchedTask.kt:100) ~[kff-updated-kotlin-9899447243076168489-3.6.0-slim.jar%23494!/:3.6.0]
	at kotlinx.coroutines.internal.LimitedDispatcher$Worker.run(LimitedDispatcher.kt:124) ~[kff-updated-kotlin-9899447243076168489-3.6.0-slim.jar%23494!/:3.6.0]
	at kotlinx.coroutines.scheduling.TaskImpl.run(Tasks.kt:89) ~[kff-updated-kotlin-9899447243076168489-3.6.0-slim.jar%23494!/:3.6.0]
	at kotlinx.coroutines.scheduling.CoroutineScheduler.runSafely(CoroutineScheduler.kt:586) ~[kff-updated-kotlin-9899447243076168489-3.6.0-slim.jar%23494!/:3.6.0]
	at kotlinx.coroutines.scheduling.CoroutineScheduler$Worker.executeTask(CoroutineScheduler.kt:820) ~[kff-updated-kotlin-9899447243076168489-3.6.0-slim.jar%23494!/:3.6.0]
	at kotlinx.coroutines.scheduling.CoroutineScheduler$Worker.runWorker(CoroutineScheduler.kt:717) ~[kff-updated-kotlin-9899447243076168489-3.6.0-slim.jar%23494!/:3.6.0]
	at kotlinx.coroutines.scheduling.CoroutineScheduler$Worker.run(CoroutineScheduler.kt:704) ~[kff-updated-kotlin-9899447243076168489-3.6.0-slim.jar%23494!/:3.6.0]
[23:21:18] [DefaultDispatcher-worker-3/ERROR]: [6] [fe80:0:0:0:ee24:8a09:283e:7cf9%net9:60756] Failed to send java.net.DatagramPacket@3281d5cb to /[fe80:0:0:0:b32c:1eed:5c4f:41a9]:58051
java.net.SocketException: Invalid argument: no further information
	at sun.nio.ch.DatagramChannelImpl.send0(Native Method) ~[?:?]
	at sun.nio.ch.DatagramChannelImpl.sendFromNativeBuffer(Unknown Source) ~[?:?]
	at sun.nio.ch.DatagramChannelImpl.send(Unknown Source) ~[?:?]
	at sun.nio.ch.DatagramChannelImpl.send(Unknown Source) ~[?:?]
	at sun.nio.ch.DatagramChannelImpl.blockingSend(Unknown Source) ~[?:?]
	at sun.nio.ch.DatagramSocketAdaptor.send(Unknown Source) ~[?:?]
	at java.net.DatagramSocket.send(Unknown Source) ~[?:?]
	at gg.essential.ice.stun.StunSocket$2.invokeSuspend(StunSocket.kt:116) ~[Essential%20(forge_1.19.2).jar%23495!/:?]
	at kotlin.coroutines.jvm.internal.BaseContinuationImpl.resumeWith(ContinuationImpl.kt:34) ~[kff-updated-kotlin-9899447243076168489-3.6.0-slim.jar%23494!/:3.6.0]
	at kotlinx.coroutines.DispatchedTask.run(DispatchedTask.kt:100) ~[kff-updated-kotlin-9899447243076168489-3.6.0-slim.jar%23494!/:3.6.0]
	at kotlinx.coroutines.internal.LimitedDispatcher$Worker.run(LimitedDispatcher.kt:124) ~[kff-updated-kotlin-9899447243076168489-3.6.0-slim.jar%23494!/:3.6.0]
	at kotlinx.coroutines.scheduling.TaskImpl.run(Tasks.kt:89) ~[kff-updated-kotlin-9899447243076168489-3.6.0-slim.jar%23494!/:3.6.0]
	at kotlinx.coroutines.scheduling.CoroutineScheduler.runSafely(CoroutineScheduler.kt:586) ~[kff-updated-kotlin-9899447243076168489-3.6.0-slim.jar%23494!/:3.6.0]
	at kotlinx.coroutines.scheduling.CoroutineScheduler$Worker.executeTask(CoroutineScheduler.kt:820) ~[kff-updated-kotlin-9899447243076168489-3.6.0-slim.jar%23494!/:3.6.0]
	at kotlinx.coroutines.scheduling.CoroutineScheduler$Worker.runWorker(CoroutineScheduler.kt:717) ~[kff-updated-kotlin-9899447243076168489-3.6.0-slim.jar%23494!/:3.6.0]
	at kotlinx.coroutines.scheduling.CoroutineScheduler$Worker.run(CoroutineScheduler.kt:704) ~[kff-updated-kotlin-9899447243076168489-3.6.0-slim.jar%23494!/:3.6.0]
[23:21:18] [DefaultDispatcher-worker-33/ERROR]: [6] [fe80:0:0:0:ee24:8a09:283e:7cf9%net9:60756] Failed to send java.net.DatagramPacket@5bacc307 to /[fe80:0:0:0:24cb:1bcd:a8f2:36ac]:58054
java.net.SocketException: Invalid argument: no further information
	at sun.nio.ch.DatagramChannelImpl.send0(Native Method) ~[?:?]
	at sun.nio.ch.DatagramChannelImpl.sendFromNativeBuffer(Unknown Source) ~[?:?]
	at sun.nio.ch.DatagramChannelImpl.send(Unknown Source) ~[?:?]
	at sun.nio.ch.DatagramChannelImpl.send(Unknown Source) ~[?:?]
	at sun.nio.ch.DatagramChannelImpl.blockingSend(Unknown Source) ~[?:?]
	at sun.nio.ch.DatagramSocketAdaptor.send(Unknown Source) ~[?:?]
	at java.net.DatagramSocket.send(Unknown Source) ~[?:?]
	at gg.essential.ice.stun.StunSocket$2.invokeSuspend(StunSocket.kt:116) ~[Essential%20(forge_1.19.2).jar%23495!/:?]
	at kotlin.coroutines.jvm.internal.BaseContinuationImpl.resumeWith(ContinuationImpl.kt:34) ~[kff-updated-kotlin-9899447243076168489-3.6.0-slim.jar%23494!/:3.6.0]
	at kotlinx.coroutines.DispatchedTask.run(DispatchedTask.kt:100) ~[kff-updated-kotlin-9899447243076168489-3.6.0-slim.jar%23494!/:3.6.0]
	at kotlinx.coroutines.internal.LimitedDispatcher$Worker.run(LimitedDispatcher.kt:124) ~[kff-updated-kotlin-9899447243076168489-3.6.0-slim.jar%23494!/:3.6.0]
	at kotlinx.coroutines.scheduling.TaskImpl.run(Tasks.kt:89) ~[kff-updated-kotlin-9899447243076168489-3.6.0-slim.jar%23494!/:3.6.0]
	at kotlinx.coroutines.scheduling.CoroutineScheduler.runSafely(CoroutineScheduler.kt:586) ~[kff-updated-kotlin-9899447243076168489-3.6.0-slim.jar%23494!/:3.6.0]
	at kotlinx.coroutines.scheduling.CoroutineScheduler$Worker.executeTask(CoroutineScheduler.kt:820) ~[kff-updated-kotlin-9899447243076168489-3.6.0-slim.jar%23494!/:3.6.0]
	at kotlinx.coroutines.scheduling.CoroutineScheduler$Worker.runWorker(CoroutineScheduler.kt:717) ~[kff-updated-kotlin-9899447243076168489-3.6.0-slim.jar%23494!/:3.6.0]
	at kotlinx.coroutines.scheduling.CoroutineScheduler$Worker.run(CoroutineScheduler.kt:704) ~[kff-updated-kotlin-9899447243076168489-3.6.0-slim.jar%23494!/:3.6.0]
[23:21:49] [DefaultDispatcher-worker-31/WARN]: [6] [26.32.4.227:60753 <> 40.160.66.10:3478] Failed to contact STUN server, timed out.
[23:21:49] [DefaultDispatcher-worker-28/WARN]: [6] [26.32.4.227:60753 <> 51.195.24.116:3478] Failed to contact STUN server, timed out.
[23:21:49] [DefaultDispatcher-worker-27/WARN]: [6] [26.32.4.227:60753 <> 15.235.229.89:3478] Failed to contact STUN server, timed out.
[23:21:49] [DefaultDispatcher-worker-26/WARN]: [6] [26.32.4.227:60753 <> 51.161.174.239:3478] Failed to contact STUN server, timed out.
[23:21:49] [DefaultDispatcher-worker-26/WARN]: [6] [26.32.4.227:60753 <> 40.160.66.10:3478] Failed to contact TURN server, timed out.
[23:21:49] [DefaultDispatcher-worker-21/WARN]: [6] [26.32.4.227:60753 <> 51.195.24.116:3478] Failed to contact TURN server, timed out.
[23:21:49] [DefaultDispatcher-worker-3/WARN]: [6] [26.32.4.227:60753 <> 15.235.229.89:3478] Failed to contact TURN server, timed out.
[23:21:49] [DefaultDispatcher-worker-25/WARN]: [6] [26.32.4.227:60753 <> 51.161.174.239:3478] Failed to contact TURN server, timed out.
[23:21:53] [DefaultDispatcher-worker-3/INFO]: [5] [192.168.1.117:60750 <> 87.13.201.83:58049] [yPBvehH5T4WWWpjs] Nomination successful: /93.45.90.235:37599 (server-reflexive for /192.168.1.117:60750) -> /87.13.201.83:58049 (srflx)
[23:21:53] [DefaultDispatcher-worker-3/INFO]: [5]  * /93.45.90.235:37599 (server-reflexive for /192.168.1.117:60750) -> /87.13.201.83:58049 (srflx) (24ms RTT)
[23:21:53] [DefaultDispatcher-worker-3/INFO]: [5]    /93.45.90.235:37599 (server-reflexive for /192.168.1.117:60750) -> /51.195.24.116:50033 (relay) (47ms RTT)
[23:21:53] [DefaultDispatcher-worker-3/INFO]: [5]    /93.45.90.235:37599 (server-reflexive for /192.168.1.117:60750) -> /40.160.66.10:51103 (relay) (210ms RTT)
[23:21:53] [DefaultDispatcher-worker-3/INFO]: [5]    /93.45.90.235:37599 (server-reflexive for /192.168.1.117:60750) -> /15.235.229.89:64927 (relay) (504ms RTT)
[23:21:53] [DefaultDispatcher-worker-3/INFO]: [5]    /93.45.90.235:37599 (server-reflexive for /192.168.1.117:60750) -> /51.161.174.239:57746 (relay) (617ms RTT)
[23:21:53] [DefaultDispatcher-worker-3/INFO]: [5]    /51.195.24.116:59736 (relayed for /192.168.1.117:60750) -> /87.13.201.83:58049 (srflx) (51ms RTT)
[23:21:53] [DefaultDispatcher-worker-3/INFO]: [5]    /51.161.174.239:62048 (relayed for /192.168.1.117:60750) -> /51.195.24.116:50033 (relay) (591ms RTT)
[23:21:53] [DefaultDispatcher-worker-3/INFO]: [5]    /51.161.174.239:62048 (relayed for /192.168.1.117:60750) -> /40.160.66.10:51103 (relay) (633ms RTT)
[23:21:53] [DefaultDispatcher-worker-3/INFO]: [5]    /51.195.24.116:59736 (relayed for /192.168.1.117:60750) -> /51.195.24.116:50033 (relay) (50ms RTT)
[23:21:53] [DefaultDispatcher-worker-3/INFO]: [5]    /51.161.174.239:62048 (relayed for /192.168.1.117:60750) -> /15.235.229.89:64927 (relay) (676ms RTT)
[23:21:53] [DefaultDispatcher-worker-3/INFO]: [5]    /51.161.174.239:62048 (relayed for /192.168.1.117:60750) -> /51.161.174.239:57746 (relay) (606ms RTT)
[23:21:53] [DefaultDispatcher-worker-3/INFO]: [5]    /40.160.66.10:59416 (relayed for /192.168.1.117:60750) -> /87.13.201.83:58049 (srflx) (212ms RTT)
[23:21:53] [DefaultDispatcher-worker-3/INFO]: [5]    /40.160.66.10:59416 (relayed for /192.168.1.117:60750) -> /51.195.24.116:50033 (relay) (220ms RTT)
[23:21:53] [DefaultDispatcher-worker-3/INFO]: [5]    /51.195.24.116:59736 (relayed for /192.168.1.117:60750) -> /40.160.66.10:51103 (relay) (221ms RTT)
[23:21:53] [DefaultDispatcher-worker-3/INFO]: [5]    /40.160.66.10:59416 (relayed for /192.168.1.117:60750) -> /40.160.66.10:51103 (relay) (213ms RTT)
[23:21:53] [DefaultDispatcher-worker-3/INFO]: [5]    /15.235.229.89:51316 (relayed for /192.168.1.117:60750) -> /87.13.201.83:58049 (srflx) (425ms RTT)
[23:21:53] [DefaultDispatcher-worker-3/INFO]: [5]    /51.195.24.116:59736 (relayed for /192.168.1.117:60750) -> /15.235.229.89:64927 (relay) (444ms RTT)
[23:21:53] [DefaultDispatcher-worker-3/INFO]: [5]    /15.235.229.89:51316 (relayed for /192.168.1.117:60750) -> /51.195.24.116:50033 (relay) (415ms RTT)
[23:21:53] [DefaultDispatcher-worker-3/INFO]: [5]    /15.235.229.89:51316 (relayed for /192.168.1.117:60750) -> /15.235.229.89:64927 (relay) (500ms RTT)
[23:21:53] [DefaultDispatcher-worker-3/INFO]: [5]    /40.160.66.10:59416 (relayed for /192.168.1.117:60750) -> /15.235.229.89:64927 (relay) (598ms RTT)
[23:21:53] [DefaultDispatcher-worker-3/INFO]: [5]    /15.235.229.89:51316 (relayed for /192.168.1.117:60750) -> /40.160.66.10:51103 (relay) (567ms RTT)
[23:21:53] [DefaultDispatcher-worker-3/INFO]: [5]    /51.161.174.239:62048 (relayed for /192.168.1.117:60750) -> /87.13.201.83:58049 (srflx) (609ms RTT)
[23:21:53] [DefaultDispatcher-worker-3/INFO]: [5]    /51.195.24.116:59736 (relayed for /192.168.1.117:60750) -> /51.161.174.239:57746 (relay) (556ms RTT)
[23:21:53] [DefaultDispatcher-worker-3/INFO]: [5]    /40.160.66.10:59416 (relayed for /192.168.1.117:60750) -> /51.161.174.239:57746 (relay) (590ms RTT)
[23:21:53] [DefaultDispatcher-worker-3/INFO]: [5]    /15.235.229.89:51316 (relayed for /192.168.1.117:60750) -> /51.161.174.239:57746 (relay) (604ms RTT)
[23:22:52] [DefaultDispatcher-worker-28/WARN]: [6] [26.32.4.227:60753 <> 40.160.66.10:3478] Failed to release TURN allocation, timed out.
[23:22:52] [DefaultDispatcher-worker-33/WARN]: [6] [26.32.4.227:60753 <> 51.195.24.116:3478] Failed to release TURN allocation, timed out.
[23:22:52] [DefaultDispatcher-worker-33/WARN]: [6] [26.32.4.227:60753 <> 15.235.229.89:3478] Failed to release TURN allocation, timed out.
[23:22:52] [DefaultDispatcher-worker-30/WARN]: [6] [26.32.4.227:60753 <> 51.161.174.239:3478] Failed to release TURN allocation, timed out.
[23:23:02] [Render thread/WARN]: Unknown custom packet identifier: corpse:default
[23:23:18] [Server thread/INFO]: <UniRedz> ciaoo
[23:23:18] [Render thread/INFO]: [CHAT] <UniRedz> ciaoo
[23:24:11] [Server thread/INFO]: <UniRedz> raga, perdomantemi, ma io fra una decina di minuti dovrei chiudere il server, sto poco bene..
[23:24:11] [Render thread/INFO]: [CHAT] <UniRedz> raga, perdomantemi, ma io fra una decina di minuti dovrei chiudere il server, sto poco bene..
[23:24:26] [Server thread/INFO]: <Alpaca_Furioso> no problemo vai a riposarti
[23:24:26] [Render thread/INFO]: [CHAT] <Alpaca_Furioso> no problemo vai a riposarti
[23:24:33] [Server thread/INFO]: <_Mononoke> va benee
[23:24:33] [Render thread/INFO]: [CHAT] <_Mononoke> va benee
[23:26:01] [Server thread/WARN]: Block entity sophisticatedbackpacks:backpack @ BlockPos{x=-225, y=70, z=37} state Block{sophisticatedbackpacks:copper_backpack}[battery=false,facing=west,left_tank=false,right_tank=false,waterlogged=false] invalid for ticking:
[23:26:11] [Server thread/WARN]: Block entity sophisticatedbackpacks:backpack @ BlockPos{x=-230, y=68, z=44} state Block{sophisticatedbackpacks:copper_backpack}[battery=false,facing=north,left_tank=false,right_tank=false,waterlogged=false] invalid for ticking:
[23:35:02] [Server thread/INFO]: <UniRedz> amdre 5m
[23:35:02] [Render thread/INFO]: [CHAT] <UniRedz> amdre 5m
[23:37:56] [Render thread/INFO]: Stopping worker threads
[23:37:56] [Render thread/INFO]: Started 10 worker threads
[23:38:37] [Server thread/INFO]: <Alpaca_Furioso> Buonanotte Lu, riprenditi :3
[23:38:37] [Render thread/INFO]: [CHAT] <Alpaca_Furioso> Buonanotte Lu, riprenditi :3
[23:38:47] [Server thread/INFO]: <_Mononoke> Notte notte <3
[23:38:47] [Render thread/INFO]: [CHAT] <_Mononoke> Notte notte <3
[23:38:53] [Server thread/INFO]: Alpaca_Furioso lost connection: Disconnected
[23:38:53] [Server thread/INFO]: Alpaca_Furioso left the game
[23:38:53] [Server thread/INFO]: Limitation of 677ee55e-2301-46ca-9965-eb99b2ff925c was unloaded
[23:38:53] [Server thread/INFO]: [voicechat] Disconnecting client Alpaca_Furioso
[23:38:53] [Render thread/INFO]: [System] [CHAT] Alpaca_Furioso left the game
[23:38:53] [Server thread/WARN]: handleDisconnection() called twice
[23:38:58] [Server thread/INFO]: <_Mononoke> facci sapere domani come stai
[23:38:58] [Render thread/INFO]: [CHAT] <_Mononoke> facci sapere domani come stai
[23:39:14] [Server thread/INFO]: _Mononoke lost connection: Disconnected
[23:39:14] [Server thread/INFO]: _Mononoke left the game
[23:39:14] [Server thread/INFO]: Limitation of 6efa41f7-1c6f-47a5-95f2-f0fcdac77641 was unloaded
[23:39:14] [Server thread/INFO]: [voicechat] Disconnecting client _Mononoke
[23:39:14] [Render thread/INFO]: [System] [CHAT] _Mononoke left the game
[23:41:04] [Render thread/ERROR]: Signature is missing from textures payload
[23:41:04] [Render thread/INFO]: Finalizing world map session...
[23:41:04] [Server thread/INFO]: UniRedz lost connection: Disconnected
[23:41:04] [Server thread/INFO]: UniRedz left the game
[23:41:04] [Server thread/INFO]: Limitation of 16c32c69-f61c-4ec5-8b08-18fe37639789 was unloaded
[23:41:04] [Server thread/INFO]: [voicechat] Disconnecting client UniRedz
[23:41:04] [Thread-90/INFO]: World map cleaned normally!
[23:41:04] [Server thread/INFO]: Stopping singleplayer server as player logged out
[23:41:04] [Render thread/INFO]: World map session finalized.
[23:41:04] [Render thread/INFO]: Xaero hud session finalized.
[23:41:04] [Render thread/INFO]: Disconnected from server, resetting proxy config values
[23:41:04] [Render thread/INFO]: JEI StartEventObserver received class net.minecraftforge.client.event.ClientPlayerNetworkEvent$LoggingOut
[23:41:04] [Render thread/INFO]: JEI StartEventObserver transitioning state from JEI_STARTED to DISABLED
[23:41:04] [Render thread/INFO]: Stopping JEI
[23:41:04] [Render thread/INFO]: Sending Runtime Unavailable: jei:minecraft ...
[23:41:04] [Render thread/INFO]: Sending Runtime Unavailable: jei:minecraft took 13.80 ?s
[23:41:04] [Render thread/INFO]: Sending Runtime Unavailable: sophisticatedcore:default ...
[23:41:04] [Render thread/INFO]: Sending Runtime Unavailable: sophisticatedcore:default took 3.300 ?s
[23:41:04] [Render thread/INFO]: Sending Runtime Unavailable: modernfix:capturer ...
[23:41:04] [Render thread/INFO]: Sending Runtime Unavailable: modernfix:capturer took 3.500 ?s
[23:41:04] [Render thread/INFO]: Sending Runtime Unavailable: sophisticatedbackpacks:default ...
[23:41:04] [Render thread/INFO]: Sending Runtime Unavailable: sophisticatedbackpacks:default took 2.400 ?s
[23:41:04] [Render thread/INFO]: Sending Runtime Unavailable: corpse:corpse ...
[23:41:04] [Render thread/INFO]: Sending Runtime Unavailable: corpse:corpse took 2.000 ?s
[23:41:04] [Render thread/INFO]: Sending Runtime Unavailable: farmersdelight:jei_plugin ...
[23:41:04] [Render thread/INFO]: Sending Runtime Unavailable: farmersdelight:jei_plugin took 2.200 ?s
[23:41:04] [Render thread/INFO]: Sending Runtime Unavailable: ftblibrary:jei ...
[23:41:04] [Render thread/INFO]: Sending Runtime Unavailable: ftblibrary:jei took 2.000 ?s
[23:41:04] [Render thread/INFO]: Sending Runtime Unavailable: jei:debug ...
[23:41:04] [Render thread/INFO]: Sending Runtime Unavailable: jei:debug took 2.100 ?s
[23:41:04] [Render thread/INFO]: Sending Runtime Unavailable: jei:gui ...
[23:41:04] [Render thread/INFO]: Sending Runtime Unavailable: jei:gui took 2.100 ?s
[23:41:04] [Render thread/INFO]: Sending Runtime Unavailable: jei:forge_gui ...
[23:41:04] [Render thread/INFO]: Stopping JEI GUI
[23:41:04] [Server thread/INFO]: Stopping server
[23:41:04] [Server thread/INFO]: Saving players
[23:41:04] [Server thread/INFO]: Saving worlds
[23:41:04] [Render thread/INFO]: Sending Runtime Unavailable: jei:forge_gui took 4.319 ms
[23:41:04] [Render thread/INFO]: Sending Runtime Unavailable: visualworkbench:crafting ...
[23:41:04] [Render thread/INFO]: Sending Runtime Unavailable: visualworkbench:crafting took 3.400 ?s
[23:41:04] [Render thread/INFO]: Sending Runtime Unavailable: tacz:jei ...
[23:41:04] [Render thread/INFO]: Sending Runtime Unavailable: tacz:jei took 2.500 ?s
[23:41:04] [Render thread/INFO]: Sending Runtime Unavailable: jei:internal ...
[23:41:04] [Render thread/INFO]: Sending Runtime Unavailable: jei:internal took 2.100 ?s
[23:41:04] [Render thread/INFO]: [voicechat] Clearing audio channels
[23:41:04] [Render thread/INFO]: [voicechat] Stopping microphone thread
[23:41:04] [Render thread/INFO]: [voicechat] Disconnecting voicechat
[23:41:05] [Server thread/INFO]: Saving chunks for level 'ServerLevel[Dread]'/minecraft:overworld
[23:41:05] [Server thread/INFO]: Saving chunks for level 'ServerLevel[Dread]'/minecraft:the_end
[23:41:05] [Server thread/INFO]: Saving chunks for level 'ServerLevel[Dread]'/man:halucination
[23:41:05] [Server thread/INFO]: Saving chunks for level 'ServerLevel[Dread]'/minecraft:the_nether
[23:41:05] [Server thread/INFO]: ThreadedAnvilChunkStorage (Dread): All chunks are saved
[23:41:05] [Server thread/INFO]: ThreadedAnvilChunkStorage (DIM1): All chunks are saved
[23:41:05] [Server thread/INFO]: ThreadedAnvilChunkStorage (halucination): All chunks are saved
[23:41:05] [Server thread/INFO]: ThreadedAnvilChunkStorage (DIM-1): All chunks are saved
[23:41:05] [Server thread/INFO]: ThreadedAnvilChunkStorage: All dimensions are saved
[23:41:05] [Server thread/INFO]: Unloading server configs...
[23:41:05] [Render thread/INFO]: Stopping worker threads
[23:41:05] [Render thread/INFO]: emissive suffixes loaded: {_e}.
[23:41:05] [Render thread/INFO]: [FANCYMENU] Overriding 'net.minecraft.client.gui.screens.TitleScreen' with custom GUI 'menu'..
[23:41:06] [Render thread/INFO]: Stopping!
[23:41:06] [Render thread/INFO]: Disconnected from server, resetting proxy config values
[23:41:06] [Render thread/INFO]: emissive suffixes loaded: {_e}.
[23:41:07] [Render thread/INFO]: Shutting down map thread
[23:41:07] [Thread-34/INFO]: Shutting down...
[23:41:07] [Thread-34/INFO]: Releasing CacheAPI
